Country,Year,Life Ladder,Temperature,Clean Water,PM2.5,pc Greenhouse Gas Emissions,pc CO2 Emissions
Afghanistan,2010,4.758,25.299,48.28708,52.49585,0.0015387772377876,0.2877379464077226
Afghanistan,2011,3.832,27.157,50.82785,57.09972,0.00194737854459,0.4019531426522685
Afghanistan,2012,3.783,25.043,53.40352,55.46611,0.0021420747182618,0.3279224044584934
Afghanistan,2013,3.572,26.826,56.01404,59.62277,0.0023179716681884,0.2615702733396815
Afghanistan,2014,3.131,26.317,58.65937,62.72192,0.0025357495132571,0.2329683156570036
Afghanistan,2015,3.983,26.097,61.33978,61.41157,0.0027236322799446,0.2296804841969031
Afghanistan,2016,4.22,26.46,64.05488,57.96634,0.0026953600466302,0.190617603445358
Afghanistan,2017,2.662,26.836,66.8087,54.03117,0.0026807279711041,0.188996143416026
Afghanistan,2018,2.694,26.612,69.60193,53.43221,0.0026611483796829,0.2811978890948926
Afghanistan,2019,2.375,24.626,72.43422,52.99812,,0.2818043341163238
Afghanistan,2021,2.523,,,,,
Albania,2010,5.269,20.749,91.37948,21.55726,0.0031342032893,1.526970111097723
Albania,2011,5.867,21.171,91.81089,23.31385,0.0033147516775982,1.7316125079383655
Albania,2012,5.51,22.956,92.22878,21.45644,0.0031857663819589,1.6094105608155562
Albania,2013,4.551,20.797,92.63159,19.93915,0.003260690851966,1.7022187895928695
Albania,2014,4.814,20.701,93.02006,19.81741,0.0034370517641455,1.9454391396086812
Albania,2015,4.607,20.772,93.39433,19.42523,0.0034193042462204,1.5733548373435235
Albania,2016,4.511,21.724,93.75488,17.69079,0.0033795753348022,1.5631328663353616
Albania,2017,4.64,22.52,94.1021,18.8694,0.0035810523700198,1.880800721917885
Albania,2018,5.004,21.229,94.43639,18.65998,0.0035166356402649,1.884958219019417
Albania,2019,4.995,22.751,94.75822,18.45981,,1.9546747221892296
Albania,2021,5.117,,,,,
Argentina,2010,6.441,8.694,98.42726,14.05373,0.0082030568798478,4.578088215309367
Argentina,2011,6.776,8.205,98.61329,14.52667,0.0083564602247761,4.611413063367319
Argentina,2012,6.468,8.511,98.79495,13.68543,0.0083611945969919,4.593813123347077
Argentina,2013,6.582,9.565,98.85207,15.06927,0.0084870874501974,4.5056509221455805
Argentina,2014,6.671,8.931,98.90932,14.1147,0.0083455395540139,4.4223017846471135
Argentina,2015,6.697,10.166,98.96659,14.93674,0.0084058306083242,4.459932477921363
Argentina,2016,6.427,7.573,99.02386,14.45197,0.0084048384266909,4.3800878212361045
Argentina,2017,6.039,9.234,99.62947,13.95186,0.0083396884141471,4.255119723410778
Argentina,2018,5.793,7.558,99.68312,13.97303,0.0082178692549474,4.158488997134972
Argentina,2019,6.086,9.919,99.73677,13.84671,,3.9818574684561496
Argentina,2021,5.929,,,,,
Armenia,2010,4.368,19.238,98.20048,36.20056,0.0026934842703994,1.4780277717343329
Armenia,2011,4.26,17.333,98.51313,40.79481,0.0029132261859403,1.727382518417986
Armenia,2012,4.32,18.388,98.82807,41.39294,0.003245223436754,1.992987404996604
Armenia,2013,4.277,17.199,99.14572,39.19509,0.0032095604869282,1.9102075412247337
Armenia,2014,4.453,17.872,99.44056,38.75478,0.003179505034159,1.9090441810422527
Armenia,2015,4.348,19.369,99.55257,38.11764,0.0031652070595739,1.7338112135150925
Armenia,2016,4.325,17.3,99.56094,34.87167,0.00323893864987,1.756979810615749
Armenia,2017,4.288,17.945,99.93513,35.55658,0.0031513293482147,1.8625602717206564
Armenia,2018,5.062,18.005,99.95192,34.63884,0.0031710099226185,2.1331827555330904
Armenia,2019,5.488,20.055,99.96873,34.24106,,2.0305880053879197
Armenia,2021,5.283,,,,,
Australia,2010,7.45,15.588,99.88315,6.78718,0.0259271278949697,18.405383094851747
Australia,2011,7.406,14.667,99.89197,6.71166,0.0301311225090895,18.091867627357963
Australia,2012,7.196,14.712,99.90077,7.00126,0.0295128789210091,17.881402681025527
Australia,2013,7.364,15.982,99.90959,6.96483,0.0251594065391108,17.206025571718317
Australia,2014,7.289,15.63,99.96148,6.87749,0.0252814763325766,16.788301394046588
Australia,2015,7.309,16.599,99.97001,6.84756,0.0249655746064777,16.860717219666867
Australia,2016,7.25,16.488,99.96997,6.82232,0.0237027077984302,16.991158330690123
Australia,2017,7.257,15.675,99.96993,6.67271,0.0251928106248877,16.872603453560014
Australia,2018,7.177,15.515,99.96989,6.7411,0.0246322573455666,16.649687455569232
Australia,2019,7.234,15.436,99.96986,6.7487,,16.203571667222864
Australia,2021,7.183,,,,,
Austria,2010,7.303,15.334,100.0,15.87206,0.0098907095723224,8.61035064191566
Austria,2011,7.471,15.46,100.0,16.2518,0.0096274352948522,8.3295060335622
Austria,2012,7.401,16.341,100.0,14.62976,0.0092016705593161,7.972617764360603
Austria,2013,7.499,14.723,100.0,14.62208,0.009212456439244,7.989045290214194
Austria,2014,6.95,15.381,100.0,12.9131,0.0086996141981448,7.49845045069501
Austria,2015,7.076,15.884,100.0,13.45269,0.0087333829397506,7.669275188225344
Austria,2016,7.048,15.738,100.0,12.39107,0.0086600520930862,7.681677385474646
Austria,2017,7.294,17.57,100.0,12.02271,0.0088467651166243,7.914559549766379
Austria,2018,7.396,16.296,100.0,12.3846,0.0084814005871373,7.547030090194911
Austria,2019,7.195,19.144,100.0,12.22494,,7.713486495373832
Austria,2021,7.268,,,,,
Azerbaijan,2010,4.219,23.65,85.97105,25.84174,0.0087240008429114,3.383230038394881
Azerbaijan,2011,4.68,21.39,87.25521,27.72685,0.0089729929373791,3.594832794474093
Azerbaijan,2012,4.911,22.495,88.54807,29.59322,0.0089804152075822,3.770350515889784
Azerbaijan,2013,5.481,21.228,89.84895,29.04756,0.0088172193508177,3.739556140137186
Azerbaijan,2014,5.252,22.11,91.15672,28.2887,0.0087267237114658,3.8778119195446634
Azerbaijan,2015,5.147,23.689,92.42031,26.8159,0.008501098676065,3.855037354364407
Azerbaijan,2016,5.304,21.476,93.18356,25.05773,0.0083922502298671,3.820359625702975
Azerbaijan,2017,5.152,21.23,93.9416,25.80297,0.0081712736297919,3.703858511535328
Azerbaijan,2018,5.168,21.709,94.69389,25.88438,0.0080746327053208,3.771555099207014
Azerbaijan,2019,5.173,24.15,95.41372,26.26906,,3.9723602176834
Azerbaijan,2021,5.171,,,,,
Bangladesh,2010,4.858,28.927,96.39689,56.48803,0.0010568832279828,0.3658573239625866
Bangladesh,2011,4.986,28.432,96.54633,60.63896,0.0010832491799897,0.3788782514608422
Bangladesh,2012,4.724,28.98,96.69159,69.00422,0.0010943293126493,0.40191401209913
Bangladesh,2013,4.66,29.399,96.83255,66.47897,0.0011038782418175,0.4044319752397158
Bangladesh,2014,4.636,29.008,96.96925,73.37176,0.0011229157159241,0.4269983989180246
Bangladesh,2015,4.633,28.813,97.1016,69.08059,0.001168592979558,0.466122844708322
Bangladesh,2016,4.556,29.361,97.22961,67.90836,0.0011615603828682,0.4801797254844784
Bangladesh,2017,4.31,29.003,97.35325,62.82447,0.0012049941616147,0.5030129895201892
Bangladesh,2018,4.499,29.099,97.47252,63.39008,0.0012329536046505,0.5311720842895096
Bangladesh,2019,5.114,29.68,97.58742,63.54533,,0.6265812568320754
Bangladesh,2021,5.025,,,,,
Belarus,2010,5.526,18.619,97.53976,22.46444,0.0095157484002826,6.654637760398914
Belarus,2011,5.225,18.684,97.2753,19.86036,0.0092239431523042,6.55606643688091
Belarus,2012,5.749,16.164,97.00804,19.1637,0.0094003959006793,6.657338399988589
Belarus,2013,5.876,19.162,96.73803,20.06079,0.009466514726341,6.733938855040837
Belarus,2014,5.812,15.645,96.46535,20.48884,0.0093820145440751,6.658247481057334
Belarus,2015,5.719,16.888,96.47707,18.73342,0.0089023623295189,6.178654647353486
Belarus,2016,5.178,18.261,96.48868,16.90633,0.0087975267993568,6.344749279432143
Belarus,2017,5.553,16.389,96.50017,16.59014,0.0089700602131084,6.395161789564914
Belarus,2018,5.234,17.557,96.51168,16.66586,0.0092940379916737,6.524140087956988
Belarus,2019,5.821,20.814,96.52321,16.57188,,6.634622937785475
Belarus,2021,5.534,,,,,
Belgium,2010,6.854,16.942,100.0,16.98231,0.0114229744044973,10.514444106081124
Belgium,2011,7.111,16.626,100.0,16.24259,0.0101628299522461,9.516537926615998
Belgium,2012,6.935,15.476,100.0,15.20068,0.0100468788320663,9.222056549909553
Belgium,2013,7.104,15.613,100.0,14.30519,0.0101134406156169,9.200704302656945
Belgium,2014,6.855,16.357,100.0,12.90808,0.0094976767447966,8.636883816363856
Belgium,2015,6.904,16.281,100.0,13.265,0.0098916144441696,8.956855460025709
Belgium,2016,6.949,16.671,100.0,12.43661,0.009739289561363,8.807980498828831
Belgium,2017,6.928,18.855,100.0,12.89121,0.0095163513333177,8.743287345986754
Belgium,2018,6.892,17.752,100.0,12.8198,0.0095168886048845,8.769350000446309
Belgium,2019,6.772,18.608,100.0,12.7263,,8.678653631566945
Belgium,2021,6.834,,,,,
Bolivia,2010,5.781,19.178,87.26318,31.86734,0.0047499168291852,1.4569900653792762
Bolivia,2011,5.779,19.713,87.93357,28.84461,0.0046803318649036,1.5703699156100916
Bolivia,2012,6.019,18.447,88.59413,28.67738,0.0047342001490314,1.7459888181141117
Bolivia,2013,5.767,18.861,89.23059,26.97036,0.0048290826308113,1.7477922194951327
Bolivia,2014,5.865,19.082,89.85011,28.54349,0.0048447128043601,1.8323575257948037
Bolivia,2015,5.834,19.36,90.46214,29.54265,0.0049127246191534,1.7867018248471995
Bolivia,2016,5.77,17.246,91.06697,28.39105,0.0050562817275333,1.875779721608996
Bolivia,2017,5.651,18.652,91.66416,27.93657,0.0050299954801514,1.948614977789845
Bolivia,2018,5.916,16.966,92.25508,27.71693,0.0050091868857426,1.9682222715477835
Bolivia,2019,5.674,19.446,92.82598,27.48764,,1.960796577672985
Bolivia,2021,5.716,,,,,
Bosnia and Herzegovina,2010,4.669,18.62,96.66949,35.46516,0.0070058437804785,5.706606273198761
Bosnia and Herzegovina,2011,4.995,19.397,96.59487,39.36054,0.0079318841256613,6.490075448496971
Bosnia and Herzegovina,2012,4.773,21.016,96.45003,35.51636,0.0075617785658251,6.14047792881609
Bosnia and Herzegovina,2013,5.124,18.348,96.352,33.93648,0.0076356391552188,6.153972028437886
Bosnia and Herzegovina,2014,5.249,18.492,96.16813,32.55819,0.007027356433147,5.545776607604708
Bosnia and Herzegovina,2015,5.117,18.913,96.15984,33.85689,0.0071850099231285,5.383124324582823
Bosnia and Herzegovina,2016,5.181,19.458,96.15126,29.59341,0.0080324534745233,6.417955427561297
Bosnia and Herzegovina,2017,5.09,20.792,96.14236,30.77486,0.0081932631445779,6.501951046893751
Bosnia and Herzegovina,2018,5.887,19.327,96.13318,30.78127,0.008180078455346,6.6445769449347445
Bosnia and Herzegovina,2019,6.016,21.349,96.1237,30.28742,,8.06455865771503
Bosnia and Herzegovina,2021,5.813,,,,,
Botswana,2010,3.553,15.006,83.04817,26.59719,0.011282739823643,2.282882241812968
Botswana,2011,3.52,15.051,84.33697,27.00312,0.0136399316068325,1.9989495912982296
Botswana,2012,4.836,15.273,85.42283,27.05872,0.0080851128508186,2.4890767624835077
Botswana,2013,4.128,16.404,86.45559,26.10286,0.0077331421138192,2.745599987588186
Botswana,2014,4.031,15.653,87.46342,25.67235,0.0070668705015132,3.279702999924831
Botswana,2015,3.762,15.605,88.44629,26.59954,0.0067901595498878,2.5579823040897507
Botswana,2016,3.499,16.631,89.40444,25.65127,0.0062872553445142,2.932243480676412
Botswana,2017,3.505,16.682,90.33771,25.39271,0.0079180944330263,3.2012039494330358
Botswana,2018,3.461,16.496,91.24446,25.47543,0.0071515176789332,3.0236093248337337
Botswana,2019,3.471,16.137,92.08257,25.32941,,2.741841287700715
Botswana,2021,3.467,,,,,
Brazil,2010,6.837,24.715,96.5188,14.05672,0.0050402210858714,2.101234223142049
Brazil,2011,7.038,24.352,96.78798,14.6726,0.005087422905233,2.1768491870175777
Brazil,2012,6.66,24.69,97.05098,13.76786,0.0052288331561051,2.3087172061126706
Brazil,2013,7.14,24.882,97.30768,13.13758,0.0053266604556368,2.462479378807877
Brazil,2014,6.981,24.767,97.55858,12.9879,0.0054541308923551,2.58376581367525
Brazil,2015,6.547,24.855,97.80357,11.68776,0.0052951077708486,2.421917390557588
Brazil,2016,6.375,24.355,97.95584,11.42007,0.0051012534466893,2.3207009552671747
Brazil,2017,6.333,24.91,98.45095,11.66885,0.0051239012706425,2.3316133887253434
Brazil,2018,6.191,24.241,98.67949,11.63402,0.0049297911503221,2.2277692217647918
Brazil,2019,6.451,25.34,98.93554,11.66552,,2.206665867833605
Brazil,2021,6.33,,,,,
Bulgaria,2010,3.912,19.965,99.39938,23.41734,0.0077126950771668,6.471812492808223
Bulgaria,2011,3.875,19.809,99.35732,26.33199,0.008551605208695,7.236754265732286
Bulgaria,2012,4.222,21.872,99.31598,23.27254,0.0078224577217718,6.617814152092121
Bulgaria,2013,3.993,20.191,99.27537,21.80279,0.0071657503012684,5.870451878600683
Bulgaria,2014,4.438,19.161,99.23548,22.24359,0.0075665101223183,6.252729466947252
Bulgaria,2015,4.865,19.39,99.19633,20.86425,0.0079841281495058,6.714173924152315
Bulgaria,2016,4.838,21.338,99.1579,19.95143,0.0076138264956672,6.362914646297284
Bulgaria,2017,5.097,21.178,99.12021,20.22277,0.0079777307546254,6.713612185054523
Bulgaria,2018,5.099,20.618,99.08322,20.21311,0.0075914190914581,6.199483219803682
Bulgaria,2019,5.108,21.77,99.04696,19.92702,,6.021776405470313
Bulgaria,2021,5.266,,,,,
Burkina Faso,2010,4.036,30.224,53.15173,53.99324,0.0015898535431529,0.1305228746987144
Burkina Faso,2011,4.785,30.407,52.54423,51.2476,0.0015700866470193,0.1324622098798557
Burkina Faso,2012,3.955,29.886,51.93834,54.19399,0.0015671718709002,0.1581025984035485
Burkina Faso,2013,3.326,30.525,51.33465,47.35318,0.0015808780181283,0.1677623769892104
Burkina Faso,2014,3.481,30.7,50.73417,48.42901,0.0015631726753094,0.1655875240510521
Burkina Faso,2015,4.419,31.18,50.13713,60.27898,0.0015593064311009,0.1820796156243387
Burkina Faso,2016,4.206,30.191,49.54416,56.26509,0.0015901235362416,0.1813457325428301
Burkina Faso,2017,4.647,29.853,48.95459,53.54886,0.0015922275951798,0.2051954136342615
Burkina Faso,2018,4.927,30.433,48.36939,53.66527,0.0015619093792835,0.2096220098295489
Burkina Faso,2019,4.741,30.832,47.78959,53.68486,,0.2116633006720064
Burkina Faso,2021,4.834,,,,,
Cambodia,2010,4.141,29.248,64.73036,29.00238,0.0020304348631115,0.3514840655230972
Cambodia,2011,4.161,28.198,65.54445,24.82077,0.0021029581634422,0.3510848080115416
Cambodia,2012,3.899,28.47,66.32258,25.02527,0.0020506812578287,0.3608496734944678
Cambodia,2013,3.674,28.389,67.06476,28.13717,0.0020364253946239,0.3644128007304511
Cambodia,2014,3.883,28.564,67.77183,24.31387,0.0020655332486693,0.4266206056025641
Cambodia,2015,4.162,29.052,68.44385,24.11826,0.0021724795420011,0.5441684998841924
Cambodia,2016,4.461,28.77,69.08113,24.88946,0.0022446625046222,0.6167613306618107
Cambodia,2017,4.586,28.76,69.68377,22.08535,0.0023636094590101,0.6987123138118806
Cambodia,2018,5.122,28.271,70.25363,22.33921,0.0023052598509704,0.9525677708549554
Cambodia,2019,4.998,29.329,70.79083,22.13588,,0.9721245364855772
Cambodia,2021,4.83,,,,,
Cameroon,2010,4.554,25.032,62.03644,60.63623,0.0042032844021867,0.3275133821759897
Cameroon,2011,4.434,25.224,62.43885,60.06186,0.00405378412497,0.3119232146799888
Cameroon,2012,4.245,24.625,62.83402,62.5594,0.0039306004435504,0.2866252953710093
Cameroon,2013,4.271,25.306,63.22156,57.96497,0.0038795504885108,0.229611999655755
Cameroon,2014,4.24,25.519,63.60153,57.77838,0.0038056855407712,0.3020181816714886
Cameroon,2015,5.038,25.532,63.97399,71.14056,0.0037470422831187,0.332379389876788
Cameroon,2016,4.816,25.269,64.33899,66.83687,0.0036904611693061,0.3452073677654056
Cameroon,2017,5.074,25.366,64.69579,63.75296,0.0035952026514619,0.3065402402582098
Cameroon,2018,5.251,25.199,65.04524,65.45743,0.0035314513916238,0.3000760501328884
Cameroon,2019,4.937,25.373,65.38663,66.15428,,0.2934238848723355
Cameroon,2021,5.142,,,,,
Canada,2010,7.65,10.039,99.23635,7.90157,0.0198265608218865,16.33735222602844
Canada,2011,7.426,9.925,99.23589,7.34895,0.0200865899297738,16.50413750088528
Canada,2012,7.415,11.261,99.23433,7.61087,0.0199978556339243,16.412207452035076
Canada,2013,7.594,10.795,99.23269,7.28206,0.020107200779045,16.427550713089897
Canada,2014,7.304,10.535,99.23099,7.498,0.0201004954224254,16.252366431148303
Canada,2015,7.413,10.63,99.22922,7.2834,0.0198283568386082,16.130533092710543
Canada,2016,7.245,10.736,99.2274,6.20744,0.0192525581989021,15.62006488765681
Canada,2017,7.415,10.199,99.22554,7.27823,0.0194107066313187,15.674641263670193
Canada,2018,7.175,9.763,99.22363,7.07298,0.0195582495246616,15.823602277048286
Canada,2019,7.109,9.958,99.22165,7.09026,,15.339148798097026
Canada,2021,7.103,,,,,
Chad,2010,3.743,31.451,42.72318,57.8041,0.004614238762718,0.0833832686280123
Chad,2011,4.393,31.1,43.0479,58.92884,0.0046638674293458,0.0904070274005649
Chad,2012,4.033,31.013,43.37834,60.05122,0.0047329833955272,0.0480264452611815
Chad,2013,3.508,30.733,43.7138,55.8678,0.0047517354386199,0.0495389220610247
Chad,2014,3.46,31.372,44.05403,53.48884,0.0047871850693106,0.0724013986982311
Chad,2015,4.323,31.572,44.3991,64.13971,0.0050003646099194,0.0493333166087578
Chad,2016,4.029,30.999,44.7487,59.85288,0.0051656205632627,0.0681876335785389
Chad,2017,4.559,30.742,45.10251,59.55246,0.005173552405875,0.0663651102924259
Chad,2018,4.486,30.666,45.46056,59.32125,0.0052126517026692,0.065128103112298
Chad,2019,4.251,30.862,45.82211,59.42594,,0.0646062346231696
Chad,2021,4.355,,,,,
Chile,2010,6.636,5.615,98.32901,21.93499,0.0054605028995991,4.180490866214397
Chile,2011,6.526,5.978,98.56782,23.31394,0.0057805735591621,4.53090918290705
Chile,2012,6.599,5.946,98.80491,22.28727,0.0058562010128641,4.580582561543702
Chile,2013,6.74,6.501,99.04039,23.85567,0.0059744435182608,4.649091816861965
Chile,2014,6.844,5.988,99.27425,23.20259,0.005555502687121,4.359643794636952
Chile,2015,6.533,6.844,99.50649,24.49502,0.0057887439037882,4.542910218930495
Chile,2016,6.579,6.046,99.73719,24.72874,0.0059393471561867,4.6215275550560735
Chile,2017,6.32,5.859,99.96545,22.81016,0.005920272045569,4.551172075806552
Chile,2018,6.436,5.002,100.0,23.63918,0.0058513016543288,4.582644737090803
Chile,2019,5.942,6.282,100.0,23.68317,,4.446309960909211
Chile,2021,6.172,,,,,
China,2010,4.653,18.662,88.56889,53.24271,0.0076278551698618,6.35457196840858
China,2011,5.037,18.744,89.26849,58.41283,0.0082391956135195,6.984591694255764
China,2012,5.095,18.59,89.93456,58.91645,0.0084399734951265,7.1325497636402
China,2013,5.241,18.773,90.57191,63.32051,0.0087333907969765,7.217232379289514
China,2014,5.196,18.381,91.18135,60.31858,0.0086971860408863,7.198252702910714
China,2015,5.304,18.192,91.76264,56.26218,0.0086487142836306,7.0617411582386485
China,2016,5.325,18.757,92.316,51.64413,0.0086004794493223,6.928816315058408
China,2017,5.099,18.352,92.84091,49.98303,0.0086974130749173,7.033151430869268
China,2018,5.131,18.931,93.33588,49.33254,0.0088712385027966,7.148958177823412
China,2019,5.144,18.542,93.81327,47.72902,,7.279510558304089
China,2021,5.339,,,,,
Colombia,2010,6.408,25.447,94.85396,25.65682,0.0036342368685248,1.6867286934820056
Colombia,2011,6.464,25.144,95.16091,26.62611,0.0036552772438329,1.6661234813577903
Colombia,2012,6.375,25.346,95.46257,23.98831,0.0035884408623795,1.7303510454019808
Colombia,2013,6.607,25.348,95.75885,24.85015,0.0036994984373968,1.935431116633845
Colombia,2014,6.449,25.262,96.04986,24.42363,0.0037308613710024,1.9364861464598675
Colombia,2015,6.388,25.359,96.33587,23.45619,0.0037242743246848,1.81123579347066
Colombia,2016,6.234,24.722,96.61696,23.25429,0.0037558862421891,2.0923801881837254
Colombia,2017,6.157,25.066,96.86224,22.56593,0.0036285129022288,1.874261304125198
Colombia,2018,5.984,25.09,97.13677,22.63916,0.0037071301907071,1.857153601405496
Colombia,2019,6.35,25.628,97.31683,22.5254,,2.030265690464632
Colombia,2021,6.012,,,,,
Costa Rica,2010,7.271,26.541,98.11229,18.15207,0.0029623991588184,1.6371227064618534
Costa Rica,2011,7.229,26.608,98.37054,19.61187,0.0030800205305923,1.5776452239392924
Costa Rica,2012,7.272,26.894,98.64553,18.90757,0.0030354076138603,1.5484021661248937
Costa Rica,2013,7.158,26.655,98.90448,19.21802,0.0031041027930387,1.6095667098471549
Costa Rica,2014,7.247,27.164,99.14849,18.30714,0.0030800414564821,1.615833331595553
Costa Rica,2015,6.854,27.799,99.37869,18.58168,0.0030178606606495,1.5279346013298802
Costa Rica,2016,7.136,26.667,99.59609,17.92489,0.0031718583906064,1.6173107947689238
Costa Rica,2017,7.225,26.589,99.7712,17.46191,0.0031737662261576,1.6636904779942443
Costa Rica,2018,7.141,26.801,99.78442,17.54223,0.0031623522860446,1.6500074108255658
Costa Rica,2019,6.998,27.58,99.79753,17.43615,,1.6854716565089556
Costa Rica,2021,7.069,,,,,
Croatia,2010,5.596,19.769,100.0,20.82379,0.0060948538992747,4.900760739269926
Croatia,2011,5.385,20.502,100.0,22.8211,0.006048186455146,4.831643392011721
Croatia,2012,6.028,21.638,100.0,20.22689,0.0056121088453865,4.479090618100562
Croatia,2013,5.885,19.422,100.0,19.69789,0.0053645837372044,4.33645926664284
Croatia,2014,5.381,19.806,100.0,19.26618,0.0052142453182093,4.177291183041481
Croatia,2015,5.205,20.371,100.0,19.63877,0.0053977491695221,4.24415596711774
Croatia,2016,5.417,20.425,100.0,17.48408,0.0054451604310037,4.337213778723341
Croatia,2017,5.343,22.027,100.0,18.07654,0.0056733723179677,4.542986584414082
Croatia,2018,5.536,20.76,100.0,18.37508,0.0055163566702537,4.334473217293326
Croatia,2019,5.626,22.854,100.0,18.22689,,4.398784036319511
Croatia,2021,5.882,,,,,
Cyprus,2010,6.387,24.987,99.82715,19.1292,0.0082058785727703,7.270256521336631
Cyprus,2011,6.69,24.963,99.81943,18.8249,0.0078944771553567,6.898304376545224
Cyprus,2012,6.181,25.63,99.81171,17.0835,0.0073741504749587,6.374095851621872
Cyprus,2013,5.439,25.223,99.80399,16.5619,0.0067315577174249,5.73001033337821
Cyprus,2014,5.627,25.198,99.79627,16.6648,0.0070120810867337,6.01805958012561
Cyprus,2015,5.439,24.029,99.78852,17.407,0.007011275750719,5.995010280046202
Cyprus,2016,5.795,26.385,99.78076,14.6237,0.0072979663968811,6.2966136239530535
Cyprus,2017,6.062,25.314,99.77298,15.3562,0.0073578963875949,6.370927832429843
Cyprus,2018,6.276,25.706,99.76518,15.8137,0.0072313754244228,6.165808711621157
Cyprus,2019,6.137,25.816,99.76519,15.7934,,6.103695725086645
Cyprus,2021,6.223,,,,,
Denmark,2010,7.771,-3.837,100.0,13.35076,0.0111397857447875,8.859967305269606
Denmark,2011,7.788,-4.112,100.0,13.61736,0.0101354044073032,7.93403891018732
Denmark,2012,7.52,-3.408,100.0,10.86565,0.0091906175937643,7.12207568819645
Denmark,2013,7.589,-4.471,100.0,10.48783,0.0094284311902619,7.431886263270864
Denmark,2014,7.508,-4.1,100.0,11.0559,0.0086276629204523,6.6496862305583
Denmark,2015,7.514,-5.02,100.0,10.18456,0.0082009570539755,6.1901281309366105
Denmark,2016,7.558,-3.736,100.0,9.30205,0.0084374852697533,6.457512469426555
Denmark,2017,7.594,-5.101,100.0,10.28813,0.0080069661993623,6.022945439533181
Denmark,2018,7.649,-5.619,100.0,9.87276,0.007917307887482,5.980947025322267
Denmark,2019,7.693,-2.95,100.0,9.78493,,5.5165404231065445
Denmark,2021,7.62,,,,,
Dominican Republic,2010,4.735,27.7,94.54421,17.13981,0.0034068696643887,2.122143446025458
Dominican Republic,2011,5.397,27.463,94.88455,16.54403,0.0034025532294754,2.1725049649865147
Dominican Republic,2012,4.753,28.023,95.20509,17.36776,0.0034397632605089,2.164326432727857
Dominican Republic,2013,5.016,27.603,95.51406,17.23382,0.0033767154520608,2.0948650040315573
Dominican Republic,2014,5.387,27.8,95.812,17.82735,0.0033614744920454,2.1293928628134746
Dominican Republic,2015,5.062,28.195,96.09934,18.62817,0.0035519504360913,2.2844474270972386
Dominican Republic,2016,5.239,27.55,96.3763,18.17853,0.0036344443377973,2.368695575903144
Dominican Republic,2017,5.605,27.613,96.4625,18.15262,0.0035203661409072,2.3071238380342414
Dominican Republic,2018,5.433,27.509,96.54281,18.15087,0.0036754925851689,2.381186691028175
Dominican Republic,2019,6.004,28.032,96.61749,18.14536,,2.549484274869524
Dominican Republic,2021,5.545,,,,,
Ecuador,2010,5.838,21.862,89.53053,22.06176,0.0041169496147987,2.319974786681388
Ecuador,2011,5.795,22.051,90.2407,20.29435,0.0041183727114183,2.453310819387577
Ecuador,2012,5.961,22.216,90.94651,21.65051,0.0041340048296188,2.4009637006975333
Ecuador,2013,6.019,21.6,91.65233,20.75471,0.0042642123274698,2.505931985367729
Ecuador,2014,5.946,22.3,92.35797,21.54693,0.0042515492891349,2.708639296100912
Ecuador,2015,5.964,22.495,93.06378,21.73624,0.0040969596513007,2.506772196583498
Ecuador,2016,6.115,21.978,93.76941,21.44482,0.003942122534339,2.395536906052932
Ecuador,2017,5.84,22.257,94.31314,19.89895,0.003816421885839,2.3376093423338773
Ecuador,2018,6.128,21.54,94.66226,20.7159,0.0038444521096752,2.4477353232860537
Ecuador,2019,5.809,22.368,95.01122,20.60601,,2.333434002985094
Ecuador,2021,5.764,,,,,
Egypt,2010,4.669,31.395,98.70242,78.48821,0.0033403316170549,2.402183635615724
Egypt,2011,4.174,29.987,98.78331,69.73873,0.0033502012220598,2.496620584039009
Egypt,2012,4.204,31.393,98.86392,69.65333,0.0034016706810654,2.4340369677990297
Egypt,2013,3.559,30.462,98.9447,74.71484,0.0032942836537606,2.3400080348712877
Egypt,2014,4.885,30.463,99.02563,72.01255,0.0032875984681525,2.4544438360558867
Egypt,2015,4.763,29.688,99.10672,73.10574,0.003313950159466,2.372327963392701
Egypt,2016,4.557,32.32,99.18797,66.71446,0.0033434599575883,2.4724497597178
Egypt,2017,3.929,30.993,99.26951,66.95324,0.0033218726290946,2.5947057311505217
Egypt,2018,4.005,31.385,99.32633,68.48883,0.0033449294001656,2.5548842746072227
Egypt,2019,4.328,31.751,99.38324,67.91512,,2.456894561860116
Egypt,2021,4.283,,,,,
El Salvador,2010,6.74,25.917,89.6619,24.31177,0.0020407909148257,1.0215347103443355
El Salvador,2011,4.741,26.296,90.89086,28.71104,0.0020207494742428,1.0466796348867986
El Salvador,2012,5.934,26.218,92.09563,25.46469,0.0020359344025141,1.0370608994469632
El Salvador,2013,6.325,26.249,93.2757,26.96585,0.0019054987523292,0.9724749588099474
El Salvador,2014,5.857,26.307,94.43129,24.48574,0.0019475390794526,0.9765448623410754
El Salvador,2015,6.018,27.043,95.56214,25.61375,0.0020078667269764,1.061701586420244
El Salvador,2016,6.14,26.374,96.57989,23.54934,0.0020012155181677,1.0444153422117868
El Salvador,2017,6.339,25.937,97.21918,23.15157,0.0018690933363222,0.9416797482328144
El Salvador,2018,6.241,26.274,97.58628,22.77792,0.0019234543058899,0.9373164152418568
El Salvador,2019,6.455,27.363,97.7816,22.34945,,0.9618420869134042
El Salvador,2021,6.061,,,,,
Finland,2010,7.393,11.831,100.0,7.35265,0.0138197157300136,11.951378727333203
Finland,2011,7.354,14.948,100.0,7.16954,0.012267383680705,10.51647949472484
Finland,2012,7.42,11.75,100.0,6.48428,0.0111526271566655,9.46110479719969
Finland,2013,7.445,15.653,100.0,6.09858,0.0112374176590723,9.514841959105508
Finland,2014,7.385,11.561,100.0,6.49007,0.0104366702847123,8.723566477561524
Finland,2015,7.448,11.487,100.0,5.71918,0.009772734199332,8.050636815450082
Finland,2016,7.66,13.08,100.0,5.67993,0.0102378340193434,8.594166327134282
Finland,2017,7.788,11.299,100.0,5.3344,0.0096800886821027,8.110262782092343
Finland,2018,7.858,12.206,100.0,5.67502,0.009879385915212,8.31278056032744
Finland,2019,7.78,13.997,100.0,5.63829,,7.543566672450008
Finland,2021,7.842,,,,,
France,2010,6.798,18.821,99.97524,14.86064,0.0072398595025289,5.988024129174263
France,2011,6.959,18.674,99.98218,14.78044,0.0069404750997084,5.547726084970141
France,2012,6.649,18.92,99.98897,13.52899,0.0069497607775739,5.540817980385993
France,2013,6.667,17.783,99.99559,13.44807,0.0069281683415358,5.5430077129567055
France,2014,6.467,19.334,100.0,11.50913,0.0063959701331584,5.035616594487999
France,2015,6.358,19.57,100.0,12.23154,0.0064635787988604,5.08654340416232
France,2016,6.475,18.548,100.0,11.43916,0.0064447474633754,5.110981422845334
France,2017,6.635,20.701,100.0,11.38728,0.0064613388142685,5.169328874345057
France,2018,6.666,19.628,100.0,11.49229,0.0063090584726847,4.943605139226249
France,2019,6.69,20.085,100.0,11.36678,,4.814160734700804
France,2021,6.69,,,,,
Georgia,2010,4.102,18.885,95.10987,18.53592,0.0034277912533224,1.639712731022699
Georgia,2011,4.203,16.51,95.23614,20.58995,0.0038280915366433,2.0774288748312566
Georgia,2012,4.254,18.082,95.36103,20.88921,0.0040923882115619,2.2127510878619123
Georgia,2013,4.349,16.99,95.48436,20.25822,0.0043145326586451,2.154239969787512
Georgia,2014,4.288,17.024,95.60631,19.99326,0.0044711344313916,2.362507642332905
Georgia,2015,4.122,18.073,95.75473,19.02116,0.0045553671727947,2.5739668684951127
Georgia,2016,4.448,17.073,96.44758,18.19874,0.0046653190270703,2.657325208148614
Georgia,2017,4.451,16.553,96.96675,18.50095,0.004611046554671,2.6373128891492605
Georgia,2018,4.659,18.098,97.09508,18.2412,0.004535026910957,2.646462719261172
Georgia,2019,4.892,19.773,97.2222,18.24743,,2.765116079653542
Georgia,2021,4.891,,,,,
Germany,2010,6.725,16.28,100.0,16.25385,0.0107768780266023,10.182208295175668
Germany,2011,6.621,16.716,100.0,15.74135,0.0106203697358615,10.083178092980724
Germany,2012,6.702,15.627,100.0,13.95161,0.0107760165537877,10.119798475671178
Germany,2013,6.965,15.703,100.0,13.71588,0.0109605476950665,10.30826514352518
Germany,2014,6.984,16.144,100.0,12.37438,0.0104178063161794,9.788347778841109
Germany,2015,7.037,15.829,100.0,12.85765,0.0103745275954709,9.742310878829334
Germany,2016,6.874,17.213,100.0,11.89868,0.0103240284308663,9.720986358625906
Germany,2017,7.074,17.797,100.0,12.00724,0.0100735567447752,9.517095127645687
Germany,2018,7.118,17.859,100.0,12.04758,0.0097229647987639,9.111093626738844
Germany,2019,7.035,19.669,100.0,11.92769,,8.44782868614071
Germany,2021,7.155,,,,,
Ghana,2010,4.606,27.32,74.58462,50.69795,0.0011735453183411,0.3918841915778026
Ghana,2011,5.608,27.266,75.69454,54.17981,0.0012762079041936,0.4421930797783951
Ghana,2012,5.057,26.71,76.80702,55.11622,0.0013594161726826,0.5507051077043046
Ghana,2013,4.965,27.111,77.92168,48.30836,0.0014371811465736,0.5329215017595885
Ghana,2014,3.86,27.294,79.03863,47.44691,0.001425922552056,0.541956760973947
Ghana,2015,3.986,27.443,80.15796,61.11503,0.0014883729347658,0.5786418735214792
Ghana,2016,4.514,27.116,81.27978,60.31063,0.0014493391199695,0.5809640752438728
Ghana,2017,5.481,27.039,82.40395,56.46406,0.0014738270026534,0.4744597661710963
Ghana,2018,5.004,26.853,83.53056,54.71702,0.0014949386416712,0.4864428885735221
Ghana,2019,4.967,27.195,84.65946,54.4758,,0.4918134603692344
Ghana,2021,5.088,,,,,
Greece,2010,5.84,22.807,99.92007,19.15183,0.009728143395657,8.754475202226063
Greece,2011,5.372,22.639,99.94348,19.81029,0.0095237246191973,8.514222146459865
Greece,2012,5.096,24.43,99.96635,17.43828,0.0091081846817536,8.277954634902581
Greece,2013,4.72,22.817,99.98868,16.76962,0.008478633014905,7.454033853064934
Greece,2014,4.756,22.608,100.0,15.79873,0.0082543693486466,7.221521622435726
Greece,2015,5.623,21.905,100.0,16.15492,0.0081490577062888,6.92715234052526
Greece,2016,5.303,23.921,100.0,14.53957,0.008064238480226,6.6229169510571255
Greece,2017,5.148,23.668,100.0,14.51079,0.0080439406885133,6.96002605005691
Greece,2018,5.409,23.046,100.0,14.58649,0.007896294769662,6.689523745812169
Greece,2019,5.952,24.224,100.0,14.3205,,6.266236736332381
Greece,2021,5.723,,,,,
Guatemala,2010,6.29,25.393,90.30205,28.97928,0.0018548794233702,0.7782548803490568
Guatemala,2011,5.743,25.283,90.67285,32.65345,0.0018641305676439,0.7739139476838333
Guatemala,2012,5.856,25.158,91.04079,30.45201,0.0018793200514519,0.7819421155894131
Guatemala,2013,5.985,25.163,91.40703,32.35509,0.0019210340667141,0.8363651881772518
Guatemala,2014,6.536,25.091,91.77142,29.58513,0.0019678151163219,0.8864690889695469
Guatemala,2015,6.465,25.507,92.13403,31.11405,0.0021191695296439,0.9909327936763314
Guatemala,2016,6.359,25.519,92.49441,29.31602,0.0021677199894615,1.0346336704850805
Guatemala,2017,6.325,25.173,92.85261,27.99122,0.0020867239230061,1.070048468933921
Guatemala,2018,6.627,25.118,93.24001,28.18948,0.0021655415842098,1.1874591284612726
Guatemala,2019,6.262,26.231,93.62465,27.81365,,1.235449703583938
Guatemala,2021,6.435,,,,,
Honduras,2010,5.866,26.646,90.7008,24.11093,0.0022711241294975,0.956846477419147
Honduras,2011,4.961,26.542,91.22133,28.74691,0.0023488710208037,1.018142080755412
Honduras,2012,4.602,26.57,91.73615,25.5617,0.002349348871595,1.040268649779439
Honduras,2013,4.713,26.277,92.24474,28.09273,0.0023731253105634,1.0507137333489116
Honduras,2014,5.056,26.526,92.74751,25.63117,0.0023583064813564,1.0427829401091766
Honduras,2015,4.845,26.465,93.25441,26.76994,0.0023658759051999,1.1063459024697286
Honduras,2016,5.648,26.622,93.75472,24.80745,0.0023191109628797,1.0305916623754126
Honduras,2017,6.02,26.641,94.24835,22.79017,0.002258984394554,1.049851331252381
Honduras,2018,5.908,26.293,94.73526,23.41061,0.002336369884067,1.0921174322085068
Honduras,2019,5.93,27.395,95.21553,22.92625,,1.1213095679663128
Honduras,2021,5.919,,,,,
Hungary,2010,4.725,19.546,99.96893,20.21153,0.0062089857193328,5.2123558115816335
Hungary,2011,4.918,20.267,99.96938,20.93728,0.0061523946654375,5.046482520028878
Hungary,2012,4.683,20.99,99.9697,18.5864,0.0057931353714713,4.715218859956925
Hungary,2013,4.914,19.615,99.96998,17.64081,0.0055725809206878,4.417713812540925
Hungary,2014,5.181,19.414,99.97025,17.67609,0.0056149779232041,4.445634547236153
Hungary,2015,5.344,20.07,99.97053,17.68824,0.0059260219517815,4.737120833141996
Hungary,2016,5.449,20.664,99.97081,15.85458,0.0060077299594671,4.829386480956892
Hungary,2017,6.065,21.552,100.0,16.69836,0.0062198826599928,5.076115609719119
Hungary,2018,5.936,20.768,100.0,16.74279,0.0062318654964562,5.0767905565346405
Hungary,2019,6.0,22.827,100.0,16.59597,,5.0251047446761845
Hungary,2021,5.992,,,,,
India,2010,4.989,29.977,85.68425,77.4766,0.0020774277991634,1.359883572167908
India,2011,4.635,28.768,86.18204,80.74542,0.0021364678620642,1.412526654790037
India,2012,4.72,30.429,86.67656,87.09878,0.0022231347151782,1.5336885409104937
India,2013,4.428,28.547,87.1675,90.10211,0.0022453821258199,1.5875588917918777
India,2014,4.424,30.711,87.65476,95.8366,0.0023531863173455,1.686038031122871
India,2015,4.342,29.164,88.13813,88.89748,0.0023383920975202,1.7199745585015884
India,2016,4.179,29.898,88.61741,92.54553,0.0023428233947122,1.8062125865102927
India,2017,4.046,29.344,89.09243,82.06178,0.0024127706184705,1.8352806887673667
India,2018,3.818,29.639,89.56294,83.21147,0.002495109048724,1.915749471658354
India,2019,3.249,30.802,90.0287,83.30377,,1.9148234926771543
India,2021,3.819,,,,,
Indonesia,2010,5.457,26.43,84.43672,22.59126,0.0031525727876086,1.7705280475890952
Indonesia,2011,5.173,26.001,85.27145,19.18971,0.0033554726752463,2.072787300190308
Indonesia,2012,5.368,26.037,86.09795,20.35076,0.0033295000734025,2.1186535545494367
Indonesia,2013,5.292,26.703,86.91591,20.30303,0.0031646671285102,1.6329720110672483
Indonesia,2014,5.597,26.537,87.72586,19.14704,0.0033123363498417,1.6337801018810647
Indonesia,2015,5.043,26.481,88.52735,20.17936,0.0032974272787342,1.962248072443796
Indonesia,2016,5.136,26.682,89.32044,21.45374,0.0033123259318929,2.172357041972586
Indonesia,2017,5.098,26.332,90.10462,18.85747,0.0034476352134573,2.006461491550405
Indonesia,2018,5.34,26.423,90.8803,19.408,0.0036222886814492,2.154082293155083
Indonesia,2019,5.347,26.394,91.64729,19.67376,,2.2817971518559443
Indonesia,2021,5.345,,,,,
Ireland,2010,7.257,15.092,97.31291,9.88104,0.0142626730889629,9.154936400188152
Ireland,2011,7.007,12.516,97.32507,10.05576,0.013242115210114,8.308193255844216
Ireland,2012,6.965,13.059,97.33707,9.14468,0.013547027491704,8.307276195213731
Ireland,2013,6.76,13.751,97.34892,8.78012,0.0132747496872712,8.052937876420687
Ireland,2014,7.018,14.848,97.3606,8.51283,0.0132124163220789,7.897677199671944
Ireland,2015,6.83,13.294,97.37213,8.37593,0.013473113429153,8.197720651209698
Ireland,2016,7.041,14.955,97.38348,7.83292,0.0138539135518317,8.417879497448656
Ireland,2017,7.06,14.45,97.39454,7.65697,0.01357285910769,8.093832451218832
Ireland,2018,6.962,15.919,97.40529,7.91037,0.0133728732632111,7.97223644406897
Ireland,2019,7.255,13.422,97.40257,7.84751,,7.522320715637755
Ireland,2021,7.085,,,,,
Israel,2010,7.359,27.057,100.0,24.73694,0.0117162495408993,8.95730376724907
Israel,2011,7.433,25.623,100.0,24.50612,0.0115364804656313,8.832926034664812
Israel,2012,7.111,27.5,100.0,22.15028,0.0122255230389988,9.453837178433728
Israel,2013,7.321,26.5,100.0,22.71573,0.0109870339351076,8.061875054283764
Israel,2014,7.401,26.263,100.0,21.53803,0.0106077388414864,7.5804985576396415
Israel,2015,7.079,25.167,100.0,22.25146,0.0106812567869118,7.75048328778893
Israel,2016,7.159,28.141,100.0,18.62791,0.010463374678212,7.478025626023871
Israel,2017,7.331,26.695,100.0,19.90364,0.0104506903239874,7.169184465128023
Israel,2018,6.927,26.976,100.0,19.73592,0.0098876480389066,7.003719660467421
Israel,2019,7.332,27.748,100.0,19.42415,,7.087709189308592
Israel,2021,7.157,,,,,
Italy,2010,6.354,20.071,99.81418,20.08757,0.0081896281006981,7.316243621074109
Italy,2011,6.057,20.504,99.8399,21.19496,0.0079924958549211,7.107500694390074
Italy,2012,5.839,21.887,99.86561,18.63516,0.0076706780450434,6.744316722230978
Italy,2013,6.009,19.649,99.89132,17.91081,0.0070546596082328,6.102351318562084
Italy,2014,6.027,20.723,99.91703,16.90861,0.006666322306912,5.722416931708525
Italy,2015,5.848,21.143,99.91703,17.81045,0.0068523960465256,5.929272635654965
Italy,2016,5.955,20.286,99.91703,15.5574,0.0067865244909166,5.881096990015982
Italy,2017,6.199,22.644,99.91703,15.87492,0.0067028751100427,5.8059636674335895
Italy,2018,6.517,21.061,99.91703,16.03252,0.006613511423699,5.76092171098624
Italy,2019,6.445,22.807,99.91703,15.84764,,5.643586128505811
Italy,2021,6.483,,,,,
Japan,2010,6.057,20.486,98.72767,11.7169,0.0095903802607948,9.479726368392283
Japan,2011,6.263,20.065,98.7667,12.88466,0.0100503782278441,9.889114133283268
Japan,2012,5.968,18.931,98.80573,13.3169,0.0103976369007043,10.228340345846163
Japan,2013,5.959,20.047,98.84475,13.57522,0.0105035897838283,10.315846043391266
Japan,2014,5.923,20.123,98.88378,13.92358,0.0102218014393915,9.923708648920456
Japan,2015,5.88,19.224,98.92281,13.60057,0.0099501341030824,9.61752160986621
Japan,2016,5.955,19.576,98.96183,13.54399,0.0099038138742862,9.474165525154076
Japan,2017,5.911,18.753,99.00086,13.76077,0.0097437570235095,9.367464511817518
Japan,2018,5.794,19.818,99.03989,13.65838,0.0093794233895601,8.975705983840871
Japan,2019,5.908,19.579,99.07891,13.64744,,8.764622268712126
Japan,2021,5.94,,,,,
Jordan,2010,5.57,28.709,99.01634,35.40821,0.0037774351201762,2.8388388910838622
Jordan,2011,5.539,27.357,99.01934,33.29787,0.0037257639382068,2.7723037540301543
Jordan,2012,5.132,29.355,99.02086,32.77988,0.003970351903958,2.943537071801193
Jordan,2013,5.172,27.976,99.02086,35.09197,0.0038056145609715,2.795232464122516
Jordan,2014,5.333,27.502,99.01953,33.54427,0.0038884058903743,2.9032885733115874
Jordan,2015,5.405,26.659,99.00678,34.97317,0.0037737791522281,2.727006089521984
Jordan,2016,5.271,29.533,98.99388,31.64511,0.0036706039572187,2.511365475138592
Jordan,2017,4.808,28.278,98.98078,32.02845,0.0037544043229809,2.602457428284133
Jordan,2018,4.639,28.341,98.96747,30.96172,0.0035934614054618,2.5010534531648854
Jordan,2019,4.453,29.539,98.95399,30.12999,,2.5809112072951703
Jordan,2021,4.395,,,,,
Kazakhstan,2010,5.514,23.521,93.65815,20.17818,0.0169894727761619,15.37182487400955
Kazakhstan,2011,5.736,21.89,93.99879,23.73125,0.0177644749396667,14.534534760160565
Kazakhstan,2012,5.759,23.482,94.3385,25.30396,0.0175165807234239,14.694444944018285
Kazakhstan,2013,5.835,21.433,94.6322,24.06763,0.0180469654312913,14.942131722067575
Kazakhstan,2014,5.97,22.74,94.8292,22.49706,0.0149286062787604,16.12511507069672
Kazakhstan,2015,5.95,23.852,95.02533,21.47424,0.0147832678535007,16.449940562530305
Kazakhstan,2016,5.534,21.367,95.22051,21.79104,0.0154276245633724,16.208861442768384
Kazakhstan,2017,5.882,21.929,95.41466,20.9627,0.0157214503606209,17.07120306849359
Kazakhstan,2018,6.008,20.844,95.42024,21.05325,0.0150040062480398,17.489576860979362
Kazakhstan,2019,6.272,21.361,95.42703,21.045,,16.949518769182106
Kazakhstan,2021,6.152,,,,,
Kenya,2010,4.256,24.452,54.6621,26.71596,0.0015393515841902,0.2794616666243166
Kenya,2011,4.405,24.56,55.37613,28.66647,0.0015535592324565,0.2994112779414274
Kenya,2012,4.547,23.928,56.08651,28.96313,0.0014980785558297,0.2703179356581236
Kenya,2013,3.795,23.498,56.7939,28.02226,0.0015035154009054,0.2805455827688523
Kenya,2014,4.905,24.131,57.4973,27.20711,0.0015282634629422,0.2949284029873792
Kenya,2015,4.358,24.033,58.19693,28.04051,0.0015453752478756,0.3404577589878379
Kenya,2016,4.396,23.66,58.8926,26.86386,0.0016217638548325,0.3496686372541562
Kenya,2017,4.476,24.201,59.58415,25.03049,0.001528240713583,0.3291947778332258
Kenya,2018,4.656,23.402,60.27175,23.24687,0.0015338793136828,0.3334470916710333
Kenya,2019,4.619,24.266,60.95448,21.53547,,0.3293505700264163
Kenya,2021,4.607,,,,,
Kosovo,2010,5.177,19.145,91.49812,31.88167,,4.7149486393944855
Kosovo,2011,4.86,19.394,91.87121,34.44342,,4.639839195979899
Kosovo,2012,5.64,21.338,92.24825,30.95045,,4.35720760154634
Kosovo,2013,6.126,19.033,92.62697,29.07945,,4.4033689801041405
Kosovo,2014,5.0,18.611,93.00635,28.55298,,3.931263242847552
Kosovo,2015,5.077,18.942,93.38646,28.19054,,4.663506684949525
Kosovo,2016,5.759,20.28,93.76723,25.57547,,4.984116965025594
Kosovo,2017,6.149,20.82,94.14837,26.64333,,4.519130342048562
Kosovo,2018,6.392,19.577,94.53003,26.07339,,4.558464958530063
Kosovo,2019,6.425,21.086,94.91236,25.50415,,5.44555693568818
Kosovo,2021,6.372,,,,,
Kyrgyzstan,2010,4.996,13.517,85.39985,23.74976,0.0022632574019346,1.158769066979937
Kyrgyzstan,2011,4.921,14.539,86.00378,28.36551,0.0024933812062524,1.3697289014615748
Kyrgyzstan,2012,5.208,14.232,86.61047,28.21105,0.0029141104294478,1.7833902839206734
Kyrgyzstan,2013,5.402,14.047,87.2192,29.23735,0.0027746695573117,1.688659346807469
Kyrgyzstan,2014,5.252,14.123,87.82975,26.73081,0.0028120983634649,1.729856738925542
Kyrgyzstan,2015,4.905,14.366,88.44176,25.88974,0.0028471184676593,1.7253170273128642
Kyrgyzstan,2016,4.857,15.087,89.04475,25.30199,0.0027156838555802,1.5856986594292293
Kyrgyzstan,2017,5.63,14.384,89.60251,24.57093,0.0026201155174082,1.4944440321383627
Kyrgyzstan,2018,5.297,13.976,90.16018,24.75156,0.0028658189409755,1.6082874675776555
Kyrgyzstan,2019,5.685,13.358,90.71697,24.60486,,1.778536755366934
Kyrgyzstan,2021,5.744,,,,,
Lebanon,2010,5.032,25.129,89.44218,32.58303,0.005059494486645,4.037330428195557
Lebanon,2011,5.188,24.088,89.79861,30.43782,0.0049519206185594,3.89543296818045
Lebanon,2012,4.573,25.868,90.15504,29.46017,0.0051213337137615,4.032716040465037
Lebanon,2013,4.983,24.698,90.51147,31.30328,0.0047945075744763,3.748236771217937
Lebanon,2014,5.233,24.633,90.86789,31.25934,0.0048410441322424,3.798209436570184
Lebanon,2015,5.172,23.673,91.22432,31.93223,0.0049994787744878,3.9447540757003137
Lebanon,2016,5.271,26.329,91.58075,29.50834,0.0050325567249866,3.9471648565200055
Lebanon,2017,5.154,25.118,91.93718,29.28341,0.0052204212909309,4.09646839966079
Lebanon,2018,5.167,25.173,92.29361,29.4412,0.0050077207829013,4.018631199660379
Lebanon,2019,4.024,26.043,92.6,29.04762,,4.113662204740604
Lebanon,2021,4.584,,,,,
Lithuania,2010,5.066,16.329,94.24874,14.86448,0.006625163611192,4.4964388131271225
Lithuania,2011,5.432,17.932,94.70961,13.14674,0.0065981642044638,4.712858329356712
Lithuania,2012,5.771,14.89,95.18639,13.18277,0.0066604792265008,4.796491902162581
Lithuania,2013,5.596,18.245,95.66102,13.17732,0.0064239343622672,4.510369075315221
Lithuania,2014,6.126,14.55,96.1336,13.49538,0.0063259476047848,4.463107789713907
Lithuania,2015,5.711,15.157,96.60414,11.93398,0.0064718011917753,4.577471591202482
Lithuania,2016,5.866,17.326,97.07375,10.89639,0.0065615356643171,4.64659680479013
Lithuania,2017,6.273,15.461,97.54207,10.29794,0.0066221114883557,4.789220984421244
Lithuania,2018,6.309,17.123,97.99053,10.5842,0.0067248655473073,4.879272600848889
Lithuania,2019,6.064,20.087,98.00147,10.4691,,4.825609123675754
Lithuania,2021,6.255,,,,,
Luxembourg,2010,7.097,17.218,100.0,13.2019,0.0236313820018818,22.130836586429115
Luxembourg,2011,7.101,16.931,100.0,12.8616,0.0228225493732962,21.4423060227994
Luxembourg,2012,6.964,15.797,99.9872,11.5151,0.021810127583596,20.437858087263116
Luxembourg,2013,7.131,15.885,99.96524,11.9205,0.0203364252061248,18.963250883392227
Luxembourg,2014,6.891,16.849,99.9446,10.1599,0.018981915052335,17.661118890420784
Luxembourg,2015,6.702,16.754,99.92517,10.6276,0.0176438367708091,16.385364217947906
Luxembourg,2016,6.967,16.816,99.90687,9.9328,0.0167865377808781,15.601433986124045
Luxembourg,2017,7.061,18.933,99.88961,9.85495,0.0166349172278715,15.512063668804164
Luxembourg,2018,7.243,18.049,99.8733,10.1541,0.016810592976396,15.73899169339584
Luxembourg,2019,7.404,19.228,99.87671,10.0889,,15.781995512910465
Luxembourg,2021,7.324,,,,,
Mali,2010,3.762,34.297,66.10227,62.49421,0.0021130477910278,0.1312279757959013
Mali,2011,4.667,34.659,67.77131,59.06679,0.0021115603870497,0.1391010386157084
Mali,2012,4.313,34.251,69.43602,63.51526,0.0020920564934104,0.1437672737030689
Mali,2013,3.676,34.874,71.09586,52.8645,0.0021045779494456,0.1610092709637423
Mali,2014,3.975,34.602,72.75061,56.06013,0.0020780416544896,0.1715750238880307
Mali,2015,4.582,35.033,74.39951,65.90978,0.0021027856777988,0.177513187281765
Mali,2016,4.016,34.925,76.04239,60.70013,0.0022843850039253,0.17292104265922
Mali,2017,4.742,34.392,77.67906,61.66709,0.0022763085276383,0.1686034825575833
Mali,2018,4.416,34.609,79.30885,60.59097,0.0022927225976012,0.1715755339137125
Mali,2019,4.988,35.15,80.93188,60.6721,,0.172673111634878
Mali,2021,4.723,,,,,
Malta,2010,5.774,22.892,100.0,17.6565,0.0072133710326459,6.228490161830411
Malta,2011,6.155,22.955,100.0,16.2696,0.0071588495872851,6.193298548050775
Malta,2012,5.963,24.706,100.0,14.1759,0.0075233079699448,6.575930652242231
Malta,2013,6.38,22.624,100.0,13.3988,0.006643707141633,5.723074792178737
Malta,2014,6.452,23.663,100.0,13.8423,0.0065353761753321,5.620414306030495
Malta,2015,6.613,23.075,100.0,13.5718,0.0048533545442902,3.899077188559565
Malta,2016,6.591,23.658,100.0,12.9194,0.0041066769736206,3.0733931253788245
Malta,2017,6.676,24.588,100.0,12.5697,0.0042948809719678,3.318378885424969
Malta,2018,6.91,23.375,100.0,13.1112,0.0042093968594597,3.160309927160927
Malta,2019,6.733,25.234,100.0,13.0654,,3.082509691268138
Malta,2021,6.602,,,,,
Mauritania,2010,4.772,33.744,57.78039,64.27869,0.00317669280522,0.5609982256310457
Mauritania,2011,4.785,34.922,59.59946,65.41632,0.0031178393206778,0.5864605743382372
Mauritania,2012,4.673,34.274,61.43031,70.2224,0.0031484761456392,0.6286980767855866
Mauritania,2013,4.199,34.458,63.27145,60.70871,0.0030569768620643,0.5355634857080438
Mauritania,2014,4.483,34.487,65.11946,60.43425,0.003090899932687,0.6356945773658613
Mauritania,2015,3.923,34.953,66.97331,71.27974,0.0031707948784866,0.7135479687141648
Mauritania,2016,4.472,34.798,68.83202,66.23652,0.0031823941787885,0.6635366318788951
Mauritania,2017,4.678,34.742,70.69619,69.50208,0.0032503755911737,0.8726698052716796
Mauritania,2018,4.314,34.002,71.02985,66.4108,0.0031975930844782,0.8936009985211132
Mauritania,2019,4.153,34.713,71.3584,66.54714,,0.904214996228206
Mauritania,2021,4.227,,,,,
Mexico,2010,6.802,25.457,95.82133,21.48361,0.0056985110588899,4.0649529115122185
Mexico,2011,6.91,25.711,96.2712,24.59022,0.0057449095586008,4.184821146148957
Mexico,2012,7.32,25.346,96.71644,22.70436,0.0056213578718912,4.231960364737138
Mexico,2013,7.443,25.541,97.15725,23.50785,0.0054927679074845,4.124727699033246
Mexico,2014,6.68,25.419,97.59363,21.96107,0.0053669499790441,3.997575824287417
Mexico,2015,6.236,24.922,98.02544,22.04218,0.0054990121268029,3.9552068657213866
Mexico,2016,6.824,25.136,98.45286,21.21349,0.0055371060578823,3.929421693700616
Mexico,2017,6.41,25.612,98.87578,20.36548,0.0054346412264035,3.69648908808961
Mexico,2018,6.55,25.388,99.26913,20.3613,0.0053877152453179,3.5745941331911237
Mexico,2019,6.432,25.539,99.47726,20.10763,,3.4371609229227653
Mexico,2021,6.317,,,,,
Moldova,2010,5.59,20.719,86.62747,18.4935,0.0043788421893931,1.6882498505147847
Moldova,2011,5.792,20.3,87.01657,18.39294,0.0044373220394337,1.7291128537925116
Moldova,2012,5.996,22.35,87.40613,18.22752,0.0043539719765074,1.6666382230478642
Moldova,2013,5.756,21.054,87.79616,17.79693,0.004054301757587,1.713846052670242
Moldova,2014,5.917,19.015,88.18666,16.65915,0.0042772887169883,1.6618505749138066
Moldova,2015,6.017,20.598,88.57603,16.3361,0.0043993184055204,1.6881401854981248
Moldova,2016,5.578,21.059,88.96917,14.94962,0.0045214958407234,1.747339740272717
Moldova,2017,5.326,20.94,89.36544,13.59126,0.0046095360048316,1.9205998349277973
Moldova,2018,5.682,21.241,89.76461,14.11838,0.004866675971692,2.1703543368433955
Moldova,2019,5.803,23.075,90.16619,13.95982,,2.2370441238921903
Moldova,2021,5.766,,,,,
Mongolia,2010,4.586,18.342,76.17557,37.20307,0.0117835127883284,5.0810470377241534
Mongolia,2011,5.031,17.642,77.21569,46.56546,0.0128900354719626,7.73419815568896
Mongolia,2012,4.885,16.801,78.10477,49.0935,0.0138563485370825,12.401652141220053
Mongolia,2013,4.913,15.929,79.00078,45.26803,0.0144320373879643,15.115221722107458
Mongolia,2014,4.825,15.832,79.90325,40.99015,0.0150096373912413,10.06288197962594
Mongolia,2015,4.983,15.907,80.81301,43.30589,0.0152446294447799,7.751918752228247
Mongolia,2016,5.057,16.129,81.72957,45.25229,0.0157344133115296,8.285660907524576
Mongolia,2017,5.334,18.542,82.6525,40.47127,0.0163402261168711,10.96869279475674
Mongolia,2018,5.465,18.345,83.58827,42.12418,0.0165982485724938,20.34823390471432
Mongolia,2019,5.563,17.322,84.53621,42.28819,,20.31327937848781
Mongolia,2021,5.677,,,,,
Montenegro,2010,5.455,19.441,96.16409,26.1283,0.0067481612067907,3.909903975926177
Montenegro,2011,5.223,20.103,96.4091,29.0877,0.0064991718797121,3.8821634017600974
Montenegro,2012,5.219,21.839,96.65431,27.2462,0.0061069833919055,3.5659884531284995
Montenegro,2013,5.074,19.396,96.89975,25.1077,0.0058917558881339,3.462240444811472
Montenegro,2014,5.283,19.204,97.14541,24.8871,0.0057252215306926,3.3881732361975523
Montenegro,2015,5.125,19.8,97.3913,24.4993,0.0058666675238966,3.598282754086978
Montenegro,2016,5.304,20.443,97.63738,22.283,0.0054635764249891,3.2382938857759003
Montenegro,2017,5.615,21.344,97.88369,22.9835,0.0056557723423091,3.379221142305338
Montenegro,2018,5.65,20.156,98.5063,22.7616,0.0061070959633702,3.412174335089927
Montenegro,2019,5.386,21.738,98.6814,22.3224,,3.9571225089545807
Montenegro,2021,5.581,,,,,
Nepal,2010,4.35,21.403,85.35824,78.5108,0.0013778445484092,0.1785937152889695
Nepal,2011,3.809,19.591,85.86199,79.3133,0.0014429822323105,0.1930940985650795
Nepal,2012,4.233,22.359,86.35912,88.15988,0.0015169053056856,0.2026657739625835
Nepal,2013,4.605,20.059,86.8493,87.40644,0.0015544198334162,0.2310376105327547
Nepal,2014,4.975,21.627,87.3325,95.65877,0.0016301207664526,0.2821824157914028
Nepal,2015,4.812,21.023,87.80847,89.29778,0.001616507372025,0.2226201981689232
Nepal,2016,5.1,20.732,88.27711,91.93222,0.00172648855995,0.3242848753806839
Nepal,2017,4.737,20.947,88.73821,80.82996,0.0017942521829766,0.3663603120392005
Nepal,2018,4.91,21.179,89.1916,82.67179,0.0018237658472581,0.477312409808301
Nepal,2019,5.449,21.592,89.6371,82.82545,,0.4863385859868225
Nepal,2021,5.269,,,,,
Netherlands,2010,7.502,16.294,100.0,15.70982,0.0121652246103823,10.960795633254316
Netherlands,2011,7.564,16.417,100.0,15.51002,0.0113154713146302,10.127896994885424
Netherlands,2012,7.471,15.062,100.0,13.81851,0.0111674380401459,9.897189083448833
Netherlands,2013,7.407,15.289,100.0,12.73403,0.0111095691898423,9.861557831886255
Netherlands,2014,7.321,16.095,100.0,12.19208,0.0106362238310233,9.41404901794295
Netherlands,2015,7.324,15.45,100.0,12.65138,0.0111175239698551,9.820980650266238
Netherlands,2016,7.541,16.966,100.0,11.52338,0.0110485338085956,9.763888675217617
Netherlands,2017,7.459,17.975,100.0,12.42328,0.0107726817632478,9.599085439887329
Netherlands,2018,7.463,17.407,100.0,12.07335,0.0103669857234582,9.295127783661018
Netherlands,2019,7.425,18.295,100.0,12.03303,,8.926360260674134
Netherlands,2021,7.464,,,,,
New Zealand,2010,7.224,6.48,100.0,6.29372,0.0183832486726273,8.034979198749626
New Zealand,2011,7.191,7.664,100.0,6.10495,0.0181113138686131,7.812402144160583
New Zealand,2012,7.25,6.097,100.0,6.22838,0.0185272566411832,8.166882103400559
New Zealand,2013,7.28,6.77,100.0,6.25727,0.0182886472614304,7.933395691227123
New Zealand,2014,7.306,8.088,100.0,6.04863,0.0180980848001771,7.850726004649618
New Zealand,2015,7.418,6.797,100.0,6.0042,0.0177224801492602,7.775240595305246
New Zealand,2016,7.226,7.947,100.0,6.07848,0.0170573386224305,7.26917630088458
New Zealand,2017,7.327,6.761,100.0,5.98442,0.0170475319926873,7.510663952135616
New Zealand,2018,7.37,6.566,100.0,6.03511,0.0165959270293433,7.158376729380076
New Zealand,2019,7.205,6.64,100.0,6.05027,,7.338574297592031
New Zealand,2021,7.277,,,,,
Nicaragua,2010,5.687,27.163,81.04895,21.46132,0.0026184491981364,0.7673326742281756
Nicaragua,2011,5.386,27.113,81.10697,23.95193,0.0027765378318102,0.8140414210656044
Nicaragua,2012,5.448,27.431,81.1669,21.61528,0.0028014903393714,0.7597414471803735
Nicaragua,2013,5.772,27.051,81.22875,23.579,0.002800842298063,0.7177671381692784
Nicaragua,2014,6.275,27.501,81.29214,21.52078,0.0029091280853118,0.7485230517876893
Nicaragua,2015,5.924,27.654,81.35313,22.00612,0.0030273648717049,0.8436401395158851
Nicaragua,2016,6.013,27.126,81.41597,21.22101,0.0030203189418731,0.8642214350639359
Nicaragua,2017,6.476,27.212,81.43568,19.9253,0.0029695326885876,0.841797676152726
Nicaragua,2018,5.819,27.038,81.52109,20.66005,0.0029495002862886,0.8316744778673025
Nicaragua,2019,6.113,28.119,81.61224,20.53888,,0.8477003218851171
Nicaragua,2021,5.972,,,,,
Niger,2010,4.101,34.171,43.40945,78.2476,0.0018021109661823,0.0710133153952329
Niger,2011,4.556,33.823,43.88328,81.01974,0.0018282454277796,0.0772645498595657
Niger,2012,3.798,33.591,44.32547,78.96129,0.0018965778935217,0.0985578196918058
Niger,2013,3.716,33.604,44.73547,70.79529,0.0019227976738579,0.1021968584901433
Niger,2014,4.181,34.201,45.12092,69.41188,0.001965158125843,0.1078486679595858
Niger,2015,3.671,34.546,45.48246,88.03176,0.0019803353351168,0.10174868959646
Niger,2016,4.235,33.936,45.8187,85.45232,0.0019880907925901,0.0993061693011555
Niger,2017,4.616,33.164,46.13033,78.07546,0.0019928352365488,0.09285228096079
Niger,2018,5.164,33.907,46.41607,79.94757,0.0020073225164864,0.0932969196265836
Niger,2019,5.004,33.994,46.67664,80.07251,,0.0916006065707368
Niger,2021,5.074,,,,,
Macedonia,2010,4.18,19.521,97.20939,38.9538,0.0056743082293888,4.105050520660035
Macedonia,2011,4.898,19.452,97.26219,44.7407,0.0061230870781149,4.437496260526016
Macedonia,2012,4.64,21.582,97.31475,40.0517,0.0058430053874245,4.211098335563028
Macedonia,2013,5.186,19.563,97.3672,36.7952,0.0054140886725608,3.743304761652453
Macedonia,2014,5.204,19.029,97.41968,37.7291,0.0052074810615175,3.590324288423221
Macedonia,2015,4.976,18.96,97.47233,35.2858,0.0050785467469166,3.377949200104841
Macedonia,2016,5.346,20.711,97.52528,33.0101,0.0050606849658728,3.3580494687962874
Macedonia,2017,5.234,20.978,97.57867,33.9919,0.0052881945978762,3.605931999869356
Macedonia,2018,5.24,19.611,97.63263,33.3651,0.0050457114573176,3.3514417244331014
Macedonia,2019,5.015,21.116,97.6873,32.6682,,3.859623280142917
Macedonia,2021,5.101,,,,,
Pakistan,2010,5.786,29.643,88.72343,60.83134,0.0017526577996312,0.8591055633311194
Pakistan,2011,5.267,31.162,88.87304,61.23146,0.0017626797418446,0.8435606156966104
Pakistan,2012,5.132,30.149,89.02106,66.82359,0.0017458873438919,0.8216349492504877
Pakistan,2013,5.138,30.726,89.16731,68.28103,0.0017641879661916,0.7866291199588683
Pakistan,2014,5.436,31.324,89.31196,72.44944,0.0017973937094865,0.7899992653542347
Pakistan,2015,4.823,29.797,89.45498,68.38615,0.0018341552859206,0.8533215467620368
Pakistan,2016,5.549,31.025,89.59637,70.17214,0.0019122791678507,0.9976153574305128
Pakistan,2017,5.831,30.563,89.73605,63.06182,0.001994168428158,1.117930974740966
Pakistan,2018,5.472,31.017,89.87483,63.7003,0.0020318686262973,1.1658454409244443
Pakistan,2019,4.443,30.438,90.01254,63.86198,,1.149047970594479
Pakistan,2021,4.934,,,,,
Panama,2010,7.321,27.259,91.86962,15.46795,0.0043594145097676,2.49066308396732
Panama,2011,7.248,27.125,92.02887,15.47231,0.0045784692156626,2.68506552984652
Panama,2012,6.86,27.342,92.18548,14.95441,0.0046888654033074,2.590437950106547
Panama,2013,6.866,27.204,92.33938,15.50353,0.0047008862330779,2.9634180839938606
Panama,2014,6.631,27.485,92.52287,15.48279,0.004775317835466,2.7826087179412253
Panama,2015,6.606,28.114,92.90437,16.01036,0.0045584088658406,2.7408392108837365
Panama,2016,6.118,27.037,93.23054,14.45899,0.0045329871419218,2.5917195453240502
Panama,2017,6.568,27.119,93.55519,13.89379,0.0043586629277942,2.9126428983988366
Panama,2018,6.281,27.278,93.87809,13.65863,0.004311843227988,2.8960295130226763
Panama,2019,6.086,27.888,94.1619,13.22791,,2.944372933563173
Panama,2021,6.18,,,,,
Peru,2010,5.613,19.815,87.31744,30.41769,0.0029161820717329,1.96882920026678
Peru,2011,5.892,20.034,87.91951,29.67211,0.0030111760009136,1.6729848511056846
Peru,2012,5.825,19.96,88.51718,31.36196,0.0029952427898798,1.8353689100034265
Peru,2013,5.783,19.58,89.10995,29.94434,0.0030173991483706,1.441826163282269
Peru,2014,5.866,20.255,89.69814,30.65978,0.0030986655798073,1.6302022786557773
Peru,2015,5.577,20.37,90.282,31.00492,0.0031138069870901,1.598130291490469
Peru,2016,5.701,19.628,90.86111,30.80497,0.0031701444051866,1.693075795423636
Peru,2017,5.711,19.922,91.43573,30.59305,0.0030542897458137,1.6692569295311688
Peru,2018,5.68,19.06,92.00719,30.90494,0.0030097596803177,1.6946390922079642
Peru,2019,5.999,20.028,92.57507,31.0593,,1.6774038769427515
Peru,2021,5.84,,,,,
Philippines,2010,4.942,28.752,89.90464,23.76555,0.0017151805472027,0.8827720442151132
Philippines,2011,4.994,27.706,90.32984,20.64889,0.0017086943211675,0.8762542540916768
Philippines,2012,5.002,27.961,90.75373,21.44246,0.0017329022412404,0.9094172209438732
Philippines,2013,4.977,28.221,91.1764,21.65289,0.0018187232368685,0.9688585366481228
Philippines,2014,5.313,28.467,91.59766,19.61448,0.0018668206525083,1.006655955827943
Philippines,2015,5.547,28.452,92.0177,19.52012,0.0019264893122638,1.0982172766174827
Philippines,2016,5.431,28.456,92.43642,20.01614,0.0020207630412047,1.1791656764464729
Philippines,2017,5.594,28.376,92.85503,18.58331,0.0021476060363484,1.27902254421554
Philippines,2018,5.869,28.096,93.2735,18.68866,0.0021784994202701,1.302602673904103
Philippines,2019,6.268,28.773,93.69156,18.79358,,1.3343256784326836
Philippines,2021,5.88,,,,,
Poland,2010,5.887,17.111,98.27721,27.36475,0.0103020824390553,8.795536521318597
Poland,2011,5.646,18.185,98.46683,27.15801,0.0101872527717348,8.773606855220343
Poland,2012,5.876,16.687,98.65689,24.68245,0.0100038977316756,8.573859282953986
Poland,2013,5.746,17.755,98.8478,23.7758,0.0098692972034108,8.470656670643864
Poland,2014,5.75,16.078,99.03952,24.01657,0.0095328455804503,8.153295712495101
Poland,2015,6.007,16.539,99.23207,22.86504,0.0096416055298931,8.24239854503763
Poland,2016,6.162,18.485,99.42566,21.91566,0.0099338724190966,8.533331382675
Poland,2017,6.201,17.729,99.62004,22.88956,0.0102718048003695,8.883264455247273
Poland,2018,6.111,18.448,99.81493,22.86464,0.0102607653769939,8.892902310087624
Poland,2019,6.242,21.509,99.96659,22.76563,,8.497891650242753
Poland,2021,6.166,,,,,
Portugal,2010,5.095,20.127,99.57889,9.77271,0.0064304697770757,5.011716242161712
Portugal,2011,5.22,20.63,99.68403,10.45012,0.0063565823921436,4.905740909831438
Portugal,2012,4.994,20.564,99.78943,9.1396,0.0062207294753968,4.7516276988988135
Portugal,2013,5.158,19.846,99.86825,8.82785,0.0060914414291649,4.605577541802158
Portugal,2014,5.127,20.051,99.90318,8.65788,0.006087839876351,4.609955694908847
Portugal,2015,5.081,21.656,99.90469,8.80415,0.0065098962394174,5.048626791307575
Portugal,2016,5.447,20.611,99.90618,7.82794,0.0064287742560809,4.886524095991149
Portugal,2017,5.711,22.329,99.90766,8.39613,0.0068881488888673,5.312464297156393
Portugal,2018,5.92,19.52,99.90912,8.21557,0.0064975842639049,5.006162203118646
Portugal,2019,6.095,18.857,99.91057,8.1761,,4.724537472938422
Portugal,2021,5.929,,,,,
Romania,2010,4.909,19.066,100.0,18.67198,0.005672975345178,4.163098683248389
Romania,2011,5.023,19.059,100.0,19.74343,0.0059347231084627,4.443137937319159
Romania,2012,5.167,20.669,100.0,18.07134,0.0058265926846772,4.300306236378589
Romania,2013,5.082,19.341,100.0,16.69318,0.0053693779222889,3.8469312954317294
Romania,2014,5.727,18.001,100.0,16.77057,0.0053448245638312,3.8893213459113096
Romania,2015,5.777,19.01,100.0,16.25701,0.0054547887888017,3.92244328917153
Romania,2016,5.969,20.101,100.0,15.27077,0.0053724782026352,3.8479227796476416
Romania,2017,6.09,20.07,100.0,15.62483,0.0055419663821746,3.985840316733385
Romania,2018,6.151,19.747,100.0,15.39175,0.0055977286603604,3.951491092982068
Romania,2019,6.13,21.275,100.0,15.06436,,3.8759763753708514
Romania,2021,6.14,,,,,
Russia,2010,5.385,13.107,96.07661,15.52415,0.0171789229204549,11.290800284954509
Russia,2011,5.389,13.583,96.16482,13.86517,0.017810463263146,11.64621273250447
Russia,2012,5.621,14.34,96.25412,13.88303,0.0179199661992889,11.730768207736832
Russia,2013,5.537,13.168,96.34429,14.12903,0.0176229737094,11.282884795964128
Russia,2014,6.037,12.52,96.4354,14.15678,0.0175340414325948,11.280438502197338
Russia,2015,5.996,13.607,96.52716,13.08471,0.0171807340437026,11.262291887394918
Russia,2016,5.855,13.622,96.61953,12.3677,0.0171127821855417,11.211565635840175
Russia,2017,5.579,12.79,96.71242,11.70067,0.017260943169105,11.392504920128337
Russia,2018,5.514,13.364,96.80563,11.81241,0.0176040814669049,11.706710202564672
Russia,2019,5.441,13.374,96.89903,11.77739,,11.62253478053836
Russia,2021,5.477,,,,,
Saudi Arabia,2010,6.307,35.038,98.74765,65.71981,0.0187648597077297,18.87995008144713
Saudi Arabia,2011,6.7,34.477,98.90773,67.38528,0.0188983206952442,17.605285501689902
Saudi Arabia,2012,6.396,34.739,99.0678,70.38687,0.0194855713134523,19.316800163924384
Saudi Arabia,2013,6.495,33.52,99.22788,67.84979,0.0194931741446792,17.995613877758387
Saudi Arabia,2014,6.278,33.998,99.38795,59.13684,0.0203576699548782,19.468372252928305
Saudi Arabia,2015,6.345,34.125,99.54803,69.61744,0.0208202517738058,20.348546848136035
Saudi Arabia,2016,6.474,34.816,99.7081,62.20881,0.0204716250368371,17.438060411775655
Saudi Arabia,2017,6.294,34.993,99.86818,66.60413,0.0198204396501478,17.50440780318939
Saudi Arabia,2018,6.356,34.909,100.0,64.48388,0.0189337625998965,17.113075823440795
Saudi Arabia,2019,6.561,35.401,100.0,64.06007,,16.98787826579892
Saudi Arabia,2021,6.494,,,,,
Senegal,2010,4.372,31.356,72.23203,56.37801,0.0019253608355734,0.5742223447077384
Senegal,2011,3.834,31.262,73.51214,58.06667,0.0019556823505383,0.5999260845674182
Senegal,2012,3.669,31.333,74.789,64.83018,0.00187434851093,0.5493860986316211
Senegal,2013,3.647,31.397,76.06272,53.1099,0.001922738002133,0.5698205301837579
Senegal,2014,4.395,31.919,77.33309,55.26807,0.0019146735672047,0.6205437983342199
Senegal,2015,4.617,31.95,78.60209,65.31429,0.0019254447489273,0.6754043125297957
Senegal,2016,4.595,31.458,79.86889,59.40413,0.0019855252077665,0.6575489908503104
Senegal,2017,4.683,31.643,81.13345,63.54887,0.0019293934103854,0.6073101376361163
Senegal,2018,4.769,31.139,82.39466,60.05836,0.0018915975225433,0.6112152747729894
Senegal,2019,5.489,32.113,83.65219,60.17498,,0.6027556947986306
Senegal,2021,5.132,,,,,
Slovakia,2010,6.052,16.975,98.62234,21.66154,0.0080053002655326,7.145271531030369
Slovakia,2011,5.945,17.433,98.99754,22.80494,0.0077189766418987,7.059881809074716
Slovakia,2012,5.911,17.883,99.37583,20.51864,0.0072768238799655,6.661240085443042
Slovakia,2013,5.937,17.235,99.52017,19.81298,0.0073890811178866,6.572188274525792
Slovakia,2014,6.139,16.446,99.78675,19.48664,0.0068910165615082,6.210864922234306
Slovakia,2015,6.162,17.225,99.78719,19.28388,0.0069637510668256,6.357946576579782
Slovakia,2016,5.993,18.111,99.78752,18.03023,0.0071039283729573,6.430324420094432
Slovakia,2017,6.366,18.549,99.78773,18.41026,0.0074422271379488,6.634638493081376
Slovakia,2018,6.235,18.203,99.78783,18.65878,0.0073309489236834,6.625546952497177
Slovakia,2019,6.243,20.735,99.78782,18.52632,,6.108153850638789
Slovakia,2021,6.331,,,,,
Slovenia,2010,6.083,18.137,99.5,19.3096,0.0093137549223048,7.994034901197559
Slovenia,2011,6.036,18.424,99.5,21.06838,0.0092651995306021,7.969582184317066
Slovenia,2012,6.063,19.57,99.5,18.71353,0.0089540964018824,7.691071035345348
Slovenia,2013,5.975,17.841,99.5,18.53574,0.0086312648880823,7.373427451985555
Slovenia,2014,5.678,18.113,99.5,18.17968,0.0078710753741549,6.562593235627892
Slovenia,2015,5.741,18.606,99.5,18.02835,0.0079039277820396,6.599146317646791
Slovenia,2016,5.937,18.396,99.5,16.6265,0.0082952307991798,6.981289968920729
Slovenia,2017,6.167,20.145,99.5,16.80657,0.0083769359868524,6.9032306614246695
Slovenia,2018,6.249,19.017,99.5,17.18076,0.0082791116614446,6.985817018613295
Slovenia,2019,6.665,21.369,99.5,17.06109,,6.5583826736928295
Slovenia,2021,6.461,,,,,
South Africa,2010,4.652,11.551,89.63844,29.37227,0.0097569229353233,9.116705563607466
South Africa,2011,4.931,11.137,90.10469,29.38772,0.009311826862362,9.113744104536751
South Africa,2012,5.134,11.535,90.56175,29.05601,0.0095227082929897,8.72829372453126
South Africa,2013,3.661,12.084,91.00903,28.64036,0.009555736128541,8.491159547098118
South Africa,2014,4.828,11.636,91.44728,28.8292,0.0096261408915751,8.834758404305765
South Africa,2015,4.887,11.732,91.87634,29.02988,0.0090471718772537,8.153452341315242
South Africa,2016,4.77,12.897,92.29629,28.49297,0.008923162753169,8.184703971518182
South Africa,2017,4.514,12.809,92.70702,28.58338,0.0090265260060511,8.175850899611893
South Africa,2018,4.884,12.48,93.10863,28.44415,0.0088841947020133,8.167168329050195
South Africa,2019,5.035,12.778,93.50123,28.32529,,8.173194418475534
South Africa,2021,4.956,,,,,
South Korea,2010,6.116,22.392,99.0141,22.90255,0.0130447297693479,11.42106638900118
South Korea,2011,6.947,21.925,99.10583,25.51607,0.0134328226101244,11.783009260655472
South Korea,2012,6.003,22.21,99.19756,25.8422,0.0134520314232792,11.626166654312712
South Korea,2013,5.959,22.671,99.28929,27.5698,0.0133851837675675,11.730177241844274
South Korea,2014,5.801,21.786,99.38102,28.2092,0.0130895316674936,11.558354787455071
South Korea,2015,5.78,21.67,99.47275,27.00426,0.013443118935319,11.670969392558616
South Korea,2016,5.971,22.346,99.56448,27.82776,0.0136071826431133,12.065337456977606
South Korea,2017,5.874,21.81,99.65621,26.90111,0.0138300928873148,12.083078840271344
South Korea,2018,5.84,22.281,99.74794,27.44769,0.01392999229382,12.303342246722432
South Korea,2019,5.903,21.459,99.83967,27.44749,,11.821192761861752
South Korea,2021,5.845,,,,,
Spain,2010,6.188,19.838,100.0,11.79547,0.0075024319460353,6.09153920236464
Spain,2011,6.518,20.786,100.0,12.74152,0.0074625561293564,6.087450366845542
Spain,2012,6.291,21.79,99.98617,11.46312,0.007323447228324,5.9617805807211015
Spain,2013,6.15,19.156,99.95664,10.62795,0.0067884962359002,5.421784063056996
Spain,2014,6.456,20.529,99.92694,10.09,0.0067759041233339,5.488282386724073
Spain,2015,6.381,21.73,99.92672,10.81943,0.0070085300340843,5.849678797417116
Spain,2016,6.319,20.962,99.9265,9.82015,0.0067943717999515,5.609655283567946
Spain,2017,6.23,23.235,99.92628,10.02245,0.0071291463851104,5.895088763527822
Spain,2018,6.513,20.255,99.92606,10.03337,0.0069862327153563,5.76211956667835
Spain,2019,6.457,20.506,99.92584,9.99323,,5.361008718190181
Spain,2021,6.491,,,,,
Sweden,2010,7.496,11.517,99.66207,7.55838,0.0064053308731403,5.655951199631994
Sweden,2011,7.382,14.254,99.68645,7.61538,0.0059380606617715,5.203279998027349
Sweden,2012,7.56,10.849,99.71087,6.28548,0.0055917542477057,4.90494511508845
Sweden,2013,7.434,13.614,99.7348,6.28063,0.0053674964290472,4.696307822847411
Sweden,2014,7.239,11.943,99.75825,6.55795,0.0051690832715387,4.469581615720118
Sweden,2015,7.289,10.822,99.78123,5.96541,0.0051075670979201,4.422485194178374
Sweden,2016,7.369,13.102,99.80376,5.53104,0.0049903835349591,4.330565041012951
Sweden,2017,7.287,12.275,99.82585,5.78105,0.0048788500112053,4.206411447231762
Sweden,2018,7.375,12.909,99.8262,5.76737,0.0045551867508634,4.104698240253227
Sweden,2019,7.398,13.947,99.82654,5.72135,,4.16062731305442
Sweden,2021,7.363,,,,,
Taiwan,2010,6.229,25.818,,22.9156,,
Taiwan,2011,6.309,27.327,,25.5922,,
Taiwan,2012,6.126,26.476,,25.7891,,
Taiwan,2013,6.34,27.416,,27.1923,,
Taiwan,2014,6.363,27.074,,26.9121,,
Taiwan,2015,6.45,28.315,,26.3571,,
Taiwan,2016,6.513,27.832,,23.3962,,
Taiwan,2017,6.359,26.965,,23.4472,,
Taiwan,2018,6.467,27.029,,23.8034,,
Taiwan,2019,6.537,27.013,,23.5335,,
Taiwan,2021,6.584,,,,,
Tajikistan,2010,4.381,13.124,69.47197,36.07439,0.0011664058638065,0.3335055929692562
Tajikistan,2011,4.263,15.529,70.80223,48.11263,0.0011770044509215,0.3009248318968726
Tajikistan,2012,4.497,13.908,72.14546,42.88446,0.0012495495145423,0.3687823165378132
Tajikistan,2013,4.967,14.985,73.49981,44.09017,0.0012729872842714,0.3559841941134388
Tajikistan,2014,4.896,14.394,74.8649,41.35597,0.0014176958492288,0.5435079950775661
Tajikistan,2015,5.124,14.517,76.2395,40.69803,0.0014525635676948,0.6106923819310082
Tajikistan,2016,5.104,15.58,77.62285,39.80869,0.0015755620514625,0.7278023217897923
Tajikistan,2017,5.829,15.128,79.01397,40.08521,0.001599050479321,0.773928157589803
Tajikistan,2018,5.497,14.613,80.41159,39.74453,0.0016712730144787,0.8211614809039203
Tajikistan,2019,5.464,12.698,81.81511,39.90629,,0.963401227526206
Tajikistan,2021,5.466,,,,,
Tanzania,2010,3.229,,43.92816,26.35689,0.0017126480149563,0.1561548037172331
Tanzania,2011,4.074,,45.70726,28.16244,0.0017907531541251,0.1697286305062539
Tanzania,2012,4.007,,47.50187,28.81121,0.0018691674987242,0.1925946622824505
Tanzania,2013,3.852,,49.31034,27.7554,0.0019375810952147,0.2043622924360579
Tanzania,2014,3.483,,51.13106,27.1181,0.0019545416251614,0.1981615579472153
Tanzania,2015,3.661,,52.96379,28.25751,0.0020166021795542,0.2066232309230152
Tanzania,2016,2.903,,54.80741,27.705,0.0019728843948746,0.1985946035673919
Tanzania,2017,3.347,,56.66211,25.23024,0.0018904015333236,0.2015823171258798
Tanzania,2018,3.445,,58.52723,25.38118,0.0018713115823638,0.2042476570958792
Tanzania,2019,3.64,,60.40167,24.60327,,0.2004346797623072
Tanzania,2021,3.623,,,,,
Thailand,2010,6.217,29.278,97.71447,35.46658,0.0053658728817928,3.816089484115433
Thailand,2011,6.664,27.964,98.04012,29.95337,0.0053674274377943,3.758986423533657
Thailand,2012,6.3,28.118,98.358,31.36545,0.0056524585061945,3.982762139065191
Thailand,2013,6.231,28.178,98.6706,33.79969,0.0058069233711958,4.197971329139472
Thailand,2014,6.985,28.636,98.97793,29.41482,0.0056986723369048,4.091166527476511
Thailand,2015,6.202,29.26,99.25917,28.04208,0.0057165502388221,4.122754653932745
Thailand,2016,6.074,28.538,99.44567,30.6404,0.005729628490616,4.084375557704694
Thailand,2017,5.939,28.404,99.76972,26.87982,0.005970251301199,4.13721713785199
Thailand,2018,6.012,28.094,99.84852,27.41578,0.0060054628322848,4.212293060709662
Thailand,2019,6.022,29.182,99.96483,27.32291,,4.140428601953067
Thailand,2021,5.985,,,,,
Tunisia,2010,5.131,27.676,92.2249,34.268,0.003569264271768,2.548369219514924
Tunisia,2011,4.876,26.655,92.41832,31.24561,0.0033783683142007,2.376153057865519
Tunisia,2012,4.464,29.514,93.03061,30.51296,0.0034332095540211,2.4252257745533714
Tunisia,2013,5.246,26.305,93.63885,29.88004,0.003389041617924,2.4528098323109147
Tunisia,2014,4.764,27.699,94.24353,32.64765,0.0035577425870193,2.521157314862479
Tunisia,2015,5.132,27.452,94.84546,31.14382,0.0035930390034804,2.6184926928570618
Tunisia,2016,4.521,28.091,95.44405,32.86101,0.0035147031009182,2.566197084167629
Tunisia,2017,4.124,28.498,95.99335,29.93905,0.0035614834313178,2.59064954915573
Tunisia,2018,4.741,27.417,96.51537,30.73111,0.0035537638206609,2.6248646910910254
Tunisia,2019,4.315,29.79,97.03219,30.55062,,2.651873524815171
Tunisia,2021,4.596,,,,,
Turkey,2010,5.49,21.401,95.41132,30.00437,0.0051755228532108,4.346648800215554
Turkey,2011,5.272,20.013,95.58772,28.61053,0.0054043084746762,4.622374874620888
Turkey,2012,5.309,22.02,95.76049,28.12718,0.0055058840032864,4.737592143049141
Turkey,2013,4.888,20.908,95.92934,28.84396,0.0052978280511829,4.54683596623604
Turkey,2014,5.58,20.436,96.09454,28.78455,0.0055305461807986,4.683140193674258
Turkey,2015,5.514,19.521,96.25616,29.59717,0.0055246815610349,4.85591231912048
Turkey,2016,5.326,21.469,96.41432,28.71693,0.0057726707670559,5.026311588329028
Turkey,2017,5.607,20.938,96.56909,27.15912,0.0061968934020547,5.243439829486623
Turkey,2018,5.186,21.371,96.72061,27.40293,0.0061029809416045,5.091016380963392
Turkey,2019,4.872,22.492,96.86897,26.85069,,4.855906428997082
Turkey,2021,4.948,,,,,
Uganda,2010,4.193,23.901,40.20519,38.86261,0.0013247743535526,0.1100777398313392
Uganda,2011,4.826,23.597,41.69614,41.64899,0.0013056814438381,0.1142305178050022
Uganda,2012,4.309,23.223,43.20641,42.85821,0.0013212302546102,0.1049514883372349
Uganda,2013,3.71,23.855,44.73397,42.08482,0.0013074836503609,0.1051850565628857
Uganda,2014,3.77,23.732,46.27957,40.81954,0.0013107015612736,0.1109949655297409
Uganda,2015,4.238,23.4,47.84156,43.20758,0.0013129996884012,0.1182956997206599
Uganda,2016,4.233,23.333,49.41834,41.77337,0.0013329407904674,0.1211896903877415
Uganda,2017,4.001,23.473,51.00911,38.54776,0.0013105288201198,0.1269580806648343
Uganda,2018,4.322,22.834,52.61236,37.21456,0.0012841386156372,0.1260212728432509
Uganda,2019,4.948,23.082,54.22828,35.2285,,0.1249450328054788
Uganda,2021,4.636,,,,,
Ukraine,2010,5.058,20.896,95.0744,19.09176,0.00806287389166,6.411021831977818
Ukraine,2011,5.083,20.012,94.62045,18.42331,0.0085581600664734,6.737676925563042
Ukraine,2012,5.03,20.508,94.16476,17.79873,0.0083132752146135,6.666600706743542
Ukraine,2013,4.711,20.699,94.0284,17.92219,0.0080908517911591,6.535426543639115
Ukraine,2014,4.297,18.007,93.58921,17.51999,0.0073338678046141,5.689693565504006
Ukraine,2015,3.965,19.577,93.65691,16.88095,0.0061803999093237,4.95884507422548
Ukraine,2016,4.029,20.048,93.72408,15.11815,0.0064459972856596,5.203910758333918
Ukraine,2017,4.311,19.443,93.79082,14.6986,0.0058909951755626,4.979399941580779
Ukraine,2018,4.662,20.13,93.85588,14.78515,0.0061518267525826,5.192314898052145
Ukraine,2019,4.702,22.564,93.86696,14.70064,,5.029251837558622
Ukraine,2021,4.875,,,,,
United Arab Emirates,2010,7.097,36.077,99.97134,42.54867,0.0243953273439362,18.24295724981456
United Arab Emirates,2011,7.119,35.963,99.97134,45.0258,0.0239896418576609,18.90903496208356
United Arab Emirates,2012,7.218,35.667,99.97133,46.58007,0.024784507041329,23.77720175400406
United Arab Emirates,2013,6.621,34.435,99.97133,43.3845,0.0258352225310364,24.1181066390314
United Arab Emirates,2014,6.54,35.309,99.97133,40.7299,0.0260489753729631,23.43194870689552
United Arab Emirates,2015,6.568,36.021,99.97133,45.18947,0.0272970785810398,25.874274416985788
United Arab Emirates,2016,6.831,35.19,99.97133,42.79195,0.0277374952929582,24.41876578027396
United Arab Emirates,2017,7.039,36.473,99.97133,43.03017,0.0284404070070787,19.67104846252943
United Arab Emirates,2018,6.604,36.412,99.97133,43.20993,0.0273326683948422,19.576578922612747
United Arab Emirates,2019,6.711,36.887,99.96846,43.0844,,19.51615092165969
United Arab Emirates,2021,6.561,,,,,
United Kingdom,2010,7.029,14.06,100.0,12.38783,0.0094725893398478,8.157612791500672
United Kingdom,2011,6.869,12.664,100.0,12.95079,0.0087251088030268,7.426693451868601
United Kingdom,2012,6.881,12.199,100.0,11.38851,0.009001696462092,7.657679726826668
United Kingdom,2013,6.918,12.833,100.0,11.36731,0.0086493830887976,7.452266257037672
United Kingdom,2014,6.758,14.067,100.0,10.82781,0.0079532774515234,6.7963140722950754
United Kingdom,2015,6.515,12.73,100.0,10.32277,0.0076438713371855,6.48825465434349
United Kingdom,2016,6.824,13.714,100.0,10.15293,0.0072432321525862,6.082913015082563
United Kingdom,2017,7.103,14.235,100.0,10.28748,0.0069815011488466,5.874887636191233
United Kingdom,2018,7.233,14.547,100.0,10.10409,0.006802251881212,5.71978018952174
United Kingdom,2019,7.157,13.128,100.0,10.02183,,5.534092201086993
United Kingdom,2021,7.064,,,,,
United States,2010,7.164,,98.97895,9.23072,0.0208277228358198,18.420807575234356
United States,2011,7.115,,99.07489,9.27236,0.0199446709435793,17.86132686860893
United States,2012,7.026,,99.16969,8.8823,0.0190161350188724,17.10083005206022
United States,2013,7.249,,99.26338,8.65491,0.0193275676275425,17.44615015707764
United States,2014,7.151,,99.35588,8.44529,0.0192503240300873,17.468461141118908
United States,2015,6.864,,99.44716,8.17797,0.0187181793056319,16.874880495509693
United States,2016,6.804,,99.53714,7.39055,0.0182846996327487,16.38109020393937
United States,2017,6.992,,99.62582,7.75763,0.0179710930041648,16.158869783234195
United States,2018,6.883,,99.71312,7.78762,0.0184299754998955,16.59806448144086
United States,2019,6.944,,99.79904,7.67611,,16.09568852525618
United States,2021,6.951,,,,,
Uruguay,2010,6.062,12.294,98.39293,9.47559,0.0107195812903565,1.874426698872048
Uruguay,2011,6.554,11.503,98.55795,9.74251,0.0111459853971265,2.2718872424030687
Uruguay,2012,6.45,11.938,98.70838,9.36476,0.0113703120029002,2.5431052316160967
Uruguay,2013,6.444,12.037,98.85258,10.37529,0.0110401848567136,2.210842157810326
Uruguay,2014,6.561,11.936,98.99356,9.93238,0.0108515400511522,1.9574778433019973
Uruguay,2015,6.628,13.384,99.1314,9.96884,0.0107443904815134,1.9505218766751475
Uruguay,2016,6.171,10.134,99.26625,9.92336,0.0108202383139235,1.9056735138380767
Uruguay,2017,6.336,13.93,99.39807,9.57563,0.0105073407349318,1.7963865921560127
Uruguay,2018,6.372,10.788,99.4786,9.61625,0.0104833168565125,1.812500253675394
Uruguay,2019,6.6,15.057,99.48724,9.57094,,1.8424640736094169
Uruguay,2021,6.431,,,,,
Uzbekistan,2010,5.095,27.835,96.12821,33.6145,0.0083462874268268,3.618159818502647
Uzbekistan,2011,5.739,27.144,96.47084,43.03611,0.0082602234537856,3.845404473165777
Uzbekistan,2012,6.019,27.416,96.79867,40.45578,0.0077374934927538,3.8598127592402895
Uzbekistan,2013,5.94,26.816,97.12731,41.04126,0.0077025579303777,3.614810436726272
Uzbekistan,2014,6.049,27.932,97.37537,38.91105,0.0073506796672052,3.3648550444278995
Uzbekistan,2015,5.972,28.287,97.52858,36.99091,0.0071203780324548,3.2522337845738987
Uzbekistan,2016,5.893,27.068,97.68127,36.67223,0.0072500855629413,3.3038892046257367
Uzbekistan,2017,6.421,26.687,97.83345,36.61596,0.0072531693250094,3.374073254169677
Uzbekistan,2018,6.205,25.988,97.83094,36.34037,0.0071461732425863,3.457277104997254
Uzbekistan,2019,6.154,26.481,97.82938,36.352,,3.283050623355624
Uzbekistan,2021,6.179,,,,,
Venezuela,2010,7.478,26.236,95.45675,23.46386,0.0091582465252566,6.472691821945348
Venezuela,2011,6.58,26.009,95.27965,24.81057,0.008988546854938,5.898673917598572
Venezuela,2012,7.067,25.929,95.10256,22.87687,0.0095126748303104,6.50439233200073
Venezuela,2013,6.553,26.027,94.92546,22.95083,0.0095409677685599,6.139815304002418
Venezuela,2014,6.136,26.194,94.74837,22.35515,0.0095017227489436,6.12910193674907
Venezuela,2015,5.569,26.048,94.57128,22.65819,0.0090080964829696,5.681151979233176
Venezuela,2016,4.041,25.838,94.39418,22.27268,0.0086294546670392,5.4667915570299925
Venezuela,2017,5.071,25.866,94.21709,21.88744,0.0082839950915705,4.988467945561054
Venezuela,2018,5.006,25.798,94.03999,22.1235,0.0080977274402288,4.486300034717899
Venezuela,2019,5.081,26.108,93.8629,22.21524,,4.092035514731134
Venezuela,2021,4.892,,,,,
Vietnam,2010,5.296,28.371,88.86376,27.1181,0.002937784348122,1.5473083828368506
Vietnam,2011,5.767,27.599,89.65489,23.77469,0.0029017214360023,1.6321094988236031
Vietnam,2012,5.535,27.903,90.43672,23.58582,0.0028762189354379,1.5109463576538436
Vietnam,2013,5.023,27.559,91.20865,25.17827,0.0029615682716635,1.5524979214643486
Vietnam,2014,5.085,28.015,92.42199,22.26175,0.0030856844413357,1.740007708759364
Vietnam,2015,5.076,28.477,93.32806,21.72136,0.003531833253015,1.9900884233709475
Vietnam,2016,5.062,28.342,94.10247,22.42143,0.0036477831398369,1.9802575457920504
Vietnam,2017,5.175,28.132,94.81408,20.33531,0.0035984956254472,1.930050612869513
Vietnam,2018,5.296,27.667,95.51497,20.36473,0.003940826006048,2.216463482249417
Vietnam,2019,5.467,28.957,96.20509,20.19471,,2.567940055798905
Vietnam,2021,5.411,,,,,
Yemen,2010,4.35,32.659,50.52801,44.8245,0.0015379064795657,0.9998708694082028
Yemen,2011,3.746,32.671,51.6066,49.06382,0.0013604907276193,0.8480768272768184
Yemen,2012,4.061,32.128,52.67102,54.55899,0.0012858976701675,0.7464314807362967
Yemen,2013,4.218,32.074,53.72152,51.55041,0.0015250260149157,0.9932253453199716
Yemen,2014,3.968,32.296,54.75738,43.85524,0.0015028953486066,0.936558260448782
Yemen,2015,2.983,32.532,55.77887,48.46628,0.0009830974786248,0.4908444188423972
Yemen,2016,3.826,32.426,56.78562,45.15434,0.0008370076644725,0.3837515979153577
Yemen,2017,3.254,32.598,57.7776,46.6112,0.0007892994136011,0.3631092016396303
Yemen,2018,3.058,32.441,58.75449,45.31726,0.0007635440557025,0.348973599937934
Yemen,2019,4.197,32.684,59.71658,44.64506,,0.3516588515667794
Yemen,2021,3.658,,,,,
Zimbabwe,2010,4.682,16.384,67.54071,24.6478,0.0022114192397254,0.6193407986058608
Zimbabwe,2011,4.846,17.073,67.01608,26.33544,0.0023692597122004,0.7352315433699
Zimbabwe,2012,4.955,17.154,66.49118,26.36427,0.0023469043317769,0.5839702621754431
Zimbabwe,2013,4.69,17.415,65.96647,25.57768,0.0023115450364027,0.8701289955984767
Zimbabwe,2014,4.184,17.33,65.45411,26.2316,0.0021601991946541,0.8811996428863206
Zimbabwe,2015,3.703,17.134,64.95493,25.9843,0.0022642642494825,0.8809826559385324
Zimbabwe,2016,3.735,17.258,64.46896,25.39554,0.0020755023863288,0.770812577715519
Zimbabwe,2017,3.638,17.505,63.99662,22.61333,0.0020229550611069,0.7197534326843089
Zimbabwe,2018,3.616,17.32,63.53877,22.10827,0.0021733089952275,0.7854229974044956
Zimbabwe,2019,2.694,17.108,63.09496,20.84664,,0.708361348247339
Zimbabwe,2021,3.145,,,,,
