Country,Year,Life Ladder,Temperature,Clean Water,Greenhouse Gas Emissions
Afghanistan,2010,4.758,14.629,48.28708,44910
Afghanistan,2011,3.832,16.487,50.82785,58650
Afghanistan,2012,3.783,14.373,53.40352,66750
Afghanistan,2013,3.572,16.156,56.01404,74800
Afghanistan,2014,3.131,15.647,58.65937,84620
Afghanistan,2015,3.983,15.427,61.33978,93730
Afghanistan,2016,4.22,15.79,64.05488,95370
Afghanistan,2017,2.662,16.166,66.8087,97300
Afghanistan,2018,2.694,15.942,69.60193,98920
Afghanistan,2019,2.375,13.956,72.43422,
Afghanistan,2021,2.523,,,
Albania,2010,5.269,13.779,91.37948,9130
Albania,2011,5.867,14.201,91.81089,9630
Albania,2012,5.51,15.986,92.22878,9240
Albania,2013,4.551,13.827,92.63159,9440
Albania,2014,4.814,13.731,93.02006,9930
Albania,2015,4.607,13.802,93.39433,9850
Albania,2016,4.511,14.754,93.75488,9720
Albania,2017,4.64,15.55,94.1021,10290
Albania,2018,5.004,14.259,94.43639,10080
Albania,2019,4.995,15.781,94.75822,
Albania,2021,5.117,,,
Argentina,2010,6.441,15.394,98.42726,334590
Argentina,2011,6.776,14.905,98.61329,344800
Argentina,2012,6.468,15.211,98.79495,348940
Argentina,2013,6.582,16.265,98.85207,358180
Argentina,2014,6.671,15.631,98.90932,356100
Argentina,2015,6.697,16.866,98.96659,362560
Argentina,2016,6.427,14.273,99.02386,366370
Argentina,2017,6.039,15.934,99.62947,367320
Argentina,2018,5.793,14.258,99.68312,365650
Argentina,2019,6.086,16.619,99.73677,
Argentina,2021,5.929,,,
Armenia,2010,4.368,11.088,98.20048,7750
Armenia,2011,4.26,9.183,98.51313,8380
Armenia,2012,4.32,10.238,98.82807,9360
Armenia,2013,4.277,9.049,99.14572,9300
Armenia,2014,4.453,9.722,99.44056,9260
Armenia,2015,4.348,11.219,99.55257,9260
Armenia,2016,4.325,9.15,99.56094,9510
Armenia,2017,4.288,9.795,99.93513,9280
Armenia,2018,5.062,9.855,99.95192,9360
Armenia,2019,5.488,11.905,99.96873,
Armenia,2021,5.283,,,
Australia,2010,7.45,22.088,99.88315,571220
Australia,2011,7.406,21.167,99.89197,673130
Australia,2012,7.196,21.212,99.90077,670930
Australia,2013,7.364,22.482,99.90959,581890
Australia,2014,7.289,22.13,99.96148,593500
Australia,2015,7.309,23.099,99.97001,594580
Australia,2016,7.25,22.988,99.96997,573390
Australia,2017,7.257,22.175,99.96993,619790
Australia,2018,7.177,22.015,99.96989,615380
Australia,2019,7.234,21.936,99.96986,
Australia,2021,7.183,,,
Austria,2010,7.303,7.454,100,82720
Austria,2011,7.471,7.58,100,80790
Austria,2012,7.401,8.461,100,77570
Austria,2013,7.499,6.843,100,78120
Austria,2014,6.95,7.501,100,74350
Austria,2015,7.076,8.004,100,75480
Austria,2016,7.048,7.858,100,75660
Austria,2017,7.294,9.69,100,77830
Austria,2018,7.396,8.416,100,74980
Austria,2019,7.195,11.264,100,
Austria,2021,7.268,,,
Azerbaijan,2010,4.219,15.05,85.97105,78990
Azerbaijan,2011,4.68,12.79,87.25521,82310
Azerbaijan,2012,4.911,13.895,88.54807,83480
Azerbaijan,2013,5.481,12.628,89.84895,83030
Azerbaijan,2014,5.252,13.51,91.15672,83210
Azerbaijan,2015,5.147,15.089,92.42031,82030
Azerbaijan,2016,5.304,12.876,93.18356,81890
Azerbaijan,2017,5.152,12.63,93.9416,80520
Azerbaijan,2018,5.168,13.109,94.69389,80260
Azerbaijan,2019,5.173,15.55,95.41372,
Azerbaijan,2021,5.171,,,
Bangladesh,2010,4.858,25.767,96.39689,155970
Bangladesh,2011,4.986,25.272,96.54633,161700
Bangladesh,2012,4.724,25.82,96.69159,165250
Bangladesh,2013,4.66,26.239,96.83255,168630
Bangladesh,2014,4.636,25.848,96.96925,173510
Bangladesh,2015,4.633,25.653,97.1016,182600
Bangladesh,2016,4.556,26.201,97.22961,183500
Bangladesh,2017,4.31,25.843,97.35325,192420
Bangladesh,2018,4.499,25.939,97.47252,198970
Bangladesh,2019,5.114,26.52,97.58742,
Bangladesh,2021,5.025,,,
Belarus,2010,5.526,7.959,97.53976,90310
Belarus,2011,5.225,8.024,97.2753,87380
Belarus,2012,5.749,5.504,97.00804,88970
Belarus,2013,5.876,8.502,96.73803,89610
Belarus,2014,5.812,4.985,96.46535,88890
Belarus,2015,5.719,6.228,96.47707,84480
Belarus,2016,5.178,7.601,96.48868,83590
Belarus,2017,5.553,5.729,96.50017,85200
Belarus,2018,5.234,6.897,96.51168,88140
Belarus,2019,5.821,10.154,96.52321,
Belarus,2021,5.534,,,
Belgium,2010,6.854,10.812,100,124460
Belgium,2011,7.111,10.496,100,112180
Belgium,2012,6.935,9.346,100,111590
Belgium,2013,7.104,9.483,100,112860
Belgium,2014,6.855,10.227,100,106460
Belgium,2015,6.904,10.151,100,111520
Belgium,2016,6.949,10.541,100,110360
Belgium,2017,6.928,12.725,100,108250
Belgium,2018,6.892,11.622,100,108750
Belgium,2019,6.772,12.478,100,
Belgium,2021,6.834,,,
Bolivia,2010,5.781,22.318,87.26318,47730
Bolivia,2011,5.779,22.853,87.93357,47800
Bolivia,2012,6.019,21.587,88.59413,49130
Bolivia,2013,5.767,22.001,89.23059,50910
Bolivia,2014,5.865,22.222,89.85011,51870
Bolivia,2015,5.834,22.5,90.46214,53400
Bolivia,2016,5.77,20.386,91.06697,55780
Bolivia,2017,5.651,21.792,91.66416,56300
Bolivia,2018,5.916,20.106,92.25508,56870
Bolivia,2019,5.674,22.586,92.82598,
Bolivia,2021,5.716,,,
Bosnia and Herzegovina,2010,4.669,11.12,96.66949,25960
Bosnia and Herzegovina,2011,4.995,11.897,96.59487,29040
Bosnia and Herzegovina,2012,4.773,13.516,96.45003,27260
Bosnia and Herzegovina,2013,5.124,10.848,96.352,27050
Bosnia and Herzegovina,2014,5.249,10.992,96.16813,24470
Bosnia and Herzegovina,2015,5.117,11.413,96.15984,24640
Bosnia and Herzegovina,2016,5.181,11.958,96.15126,27200
Bosnia and Herzegovina,2017,5.09,13.292,96.14236,27460
Bosnia and Herzegovina,2018,5.887,11.827,96.13318,27190
Bosnia and Herzegovina,2019,6.016,13.849,96.1237,
Bosnia and Herzegovina,2021,5.813,,,
Botswana,2010,3.553,21.976,83.04817,22420
Botswana,2011,3.52,22.021,84.33697,27490
Botswana,2012,4.836,22.243,85.42283,16490
Botswana,2013,4.128,23.374,86.45559,15950
Botswana,2014,4.031,22.623,87.46342,14760
Botswana,2015,3.762,22.575,88.44629,14400
Botswana,2016,3.499,23.601,89.40444,13580
Botswana,2017,3.505,23.652,90.33771,17460
Botswana,2018,3.461,23.466,91.24446,16120
Botswana,2019,3.471,23.107,92.08257,
Botswana,2021,3.467,,,
Brazil,2010,6.837,26.205,96.5188,986440
Brazil,2011,7.038,25.842,96.78798,1004840
Brazil,2012,6.66,26.18,97.05098,1042040
Brazil,2013,7.14,26.372,97.30768,1070850
Brazil,2014,6.981,26.257,97.55858,1105900
Brazil,2015,6.547,26.345,97.80357,1082700
Brazil,2016,6.375,25.845,97.95584,1051690
Brazil,2017,6.333,26.4,98.45095,1064920
Brazil,2018,6.191,25.731,98.67949,1032640
Brazil,2019,6.451,26.83,98.93554,
Brazil,2021,6.33,,,
Bulgaria,2010,3.912,11.845,99.39938,57040
Bulgaria,2011,3.875,11.689,99.35732,62840
Bulgaria,2012,4.222,13.752,99.31598,57150
Bulgaria,2013,3.993,12.071,99.27537,52060
Bulgaria,2014,4.438,11.041,99.23548,54660
Bulgaria,2015,4.865,11.27,99.19633,57310
Bulgaria,2016,4.838,13.218,99.1579,54270
Bulgaria,2017,5.097,13.058,99.12021,56450
Bulgaria,2018,5.099,12.498,99.08322,53330
Bulgaria,2019,5.108,13.65,99.04696,
Bulgaria,2021,5.266,,,
Burkina Faso,2010,4.036,29.134,53.15173,24810
Burkina Faso,2011,4.785,29.317,52.54423,25250
Burkina Faso,2012,3.955,28.796,51.93834,25970
Burkina Faso,2013,3.326,29.435,51.33465,26990
Burkina Faso,2014,3.481,29.61,50.73417,27490
Burkina Faso,2015,4.419,30.09,50.13713,28240
Burkina Faso,2016,4.206,29.101,49.54416,29650
Burkina Faso,2017,4.647,28.763,48.95459,30560
Burkina Faso,2018,4.927,29.343,48.36939,30850
Burkina Faso,2019,4.741,29.742,47.78959,
Burkina Faso,2021,4.834,,,
Cambodia,2010,4.141,28.288,64.73036,29060
Cambodia,2011,4.161,27.238,65.54445,30580
Cambodia,2012,3.899,27.51,66.32258,30310
Cambodia,2013,3.674,27.429,67.06476,30600
Cambodia,2014,3.883,27.604,67.77183,31550
Cambodia,2015,4.162,28.092,68.44385,33720
Cambodia,2016,4.461,27.81,69.08113,35390
Cambodia,2017,4.586,27.8,69.68377,37840
Cambodia,2018,5.122,27.311,70.25363,37460
Cambodia,2019,4.998,28.369,70.79083,
Cambodia,2021,4.83,,,
Cameroon,2010,4.554,25.202,62.03644,85500
Cameroon,2011,4.434,25.394,62.43885,84750
Cameroon,2012,4.245,24.795,62.83402,84450
Cameroon,2013,4.271,25.476,63.22156,85650
Cameroon,2014,4.24,25.689,63.60153,86320
Cameroon,2015,5.038,25.702,63.97399,87300
Cameroon,2016,4.816,25.439,64.33899,88300
Cameroon,2017,5.074,25.536,64.69579,88320
Cameroon,2018,5.251,25.369,65.04524,89050
Cameroon,2019,4.937,25.543,65.38663,
Cameroon,2021,5.142,,,
Canada,2010,7.65,-4.101,99.23635,674200
Canada,2011,7.426,-4.215,99.23589,689760
Canada,2012,7.415,-2.879,99.23433,694210
Canada,2013,7.594,-3.345,99.23269,705420
Canada,2014,7.304,-3.605,99.23099,712310
Canada,2015,7.413,-3.51,99.22922,707930
Canada,2016,7.245,-3.404,99.2274,695200
Canada,2017,7.415,-3.941,99.22554,709370
Canada,2018,7.175,-4.377,99.22363,724930
Canada,2019,7.109,-4.182,99.22165,
Canada,2021,7.103,,,
Chad,2010,3.743,27.751,42.72318,55150
Chad,2011,4.393,27.4,43.0479,57650
Chad,2012,4.033,27.313,43.37834,60510
Chad,2013,3.508,27.033,43.7138,62820
Chad,2014,3.46,27.672,44.05403,65410
Chad,2015,4.323,27.872,44.3991,70560
Chad,2016,4.029,27.299,44.7487,75220
Chad,2017,4.559,27.042,45.10251,77690
Chad,2018,4.486,26.966,45.46056,80680
Chad,2019,4.251,27.162,45.82211,
Chad,2021,4.355,,,
Chile,2010,6.636,9.885,98.32901,93170
Chile,2011,6.526,10.248,98.56782,99620
Chile,2012,6.599,10.216,98.80491,101900
Chile,2013,6.74,10.771,99.04039,104980
Chile,2014,6.844,10.258,99.27425,98660
Chile,2015,6.533,11.114,99.50649,104020
Chile,2016,6.579,10.316,99.73719,108150
Chile,2017,6.32,10.129,99.96545,109350
Chile,2018,6.436,9.272,100,109590
Chile,2019,5.942,10.552,100,
Chile,2021,6.172,,,
China,2010,4.653,7.862,88.56889,10203820
China,2011,5.037,7.944,89.26849,11074550
China,2012,5.095,7.79,89.93456,11399830
China,2013,5.241,7.973,90.57191,11854530
China,2014,5.196,7.581,91.18135,11865310
China,2015,5.304,7.392,91.76264,11859290
China,2016,5.325,7.957,92.316,11857180
China,2017,5.099,7.552,92.84091,12058050
China,2018,5.131,8.131,93.33588,12355240
China,2019,5.144,7.742,93.81327,
China,2021,5.339,,,
Colombia,2010,6.408,25.887,94.85396,164350
Colombia,2011,6.464,25.584,95.16091,166910
Colombia,2012,6.375,25.786,95.46257,165340
Colombia,2013,6.607,25.788,95.75885,172010
Colombia,2014,6.449,25.702,96.04986,175230
Colombia,2015,6.388,25.799,96.33587,176980
Colombia,2016,6.234,25.162,96.61696,180940
Colombia,2017,6.157,25.506,96.86224,177470
Colombia,2018,5.984,25.53,97.13677,184100
Colombia,2019,6.35,26.068,97.31683,
Colombia,2021,6.012,,,
Costa Rica,2010,7.271,26.431,98.11229,13560
Costa Rica,2011,7.229,26.498,98.37054,14270
Costa Rica,2012,7.272,26.784,98.64553,14230
Costa Rica,2013,7.158,26.545,98.90448,14720
Costa Rica,2014,7.247,27.054,99.14849,14770
Costa Rica,2015,6.854,27.689,99.37869,14630
Costa Rica,2016,7.136,26.557,99.59609,15540
Costa Rica,2017,7.225,26.479,99.7712,15710
Costa Rica,2018,7.141,26.691,99.78442,15810
Costa Rica,2019,6.998,27.47,99.79753,
Costa Rica,2021,7.069,,,
Croatia,2010,5.596,11.929,100,26180
Croatia,2011,5.385,12.662,100,25890
Croatia,2012,6.028,13.798,100,23950
Croatia,2013,5.885,11.582,100,22830
Croatia,2014,5.381,11.966,100,22100
Croatia,2015,5.205,12.531,100,22690
Croatia,2016,5.417,12.585,100,22730
Croatia,2017,5.343,14.187,100,23400
Croatia,2018,5.536,12.92,100,22550
Croatia,2019,5.626,15.014,100,
Croatia,2021,5.882,,,
Cyprus,2010,6.387,20.047,99.82715,9130
Cyprus,2011,6.69,20.023,99.81943,8880
Cyprus,2012,6.181,20.69,99.81171,8370
Cyprus,2013,5.439,20.283,99.80399,7700
Cyprus,2014,5.627,20.258,99.79627,8080
Cyprus,2015,5.439,19.089,99.78852,8140
Cyprus,2016,5.795,21.445,99.78076,8540
Cyprus,2017,6.062,20.374,99.77298,8680
Cyprus,2018,6.276,20.766,99.76518,8600
Cyprus,2019,6.137,20.876,99.76519,
Cyprus,2021,6.223,,,
Denmark,2010,7.771,-17.187,100,61800
Denmark,2011,7.788,-17.462,100,56460
Denmark,2012,7.52,-16.758,100,51390
Denmark,2013,7.589,-17.821,100,52940
Denmark,2014,7.508,-17.45,100,48690
Denmark,2015,7.514,-18.37,100,46610
Denmark,2016,7.558,-17.086,100,48330
Denmark,2017,7.594,-18.451,100,46160
Denmark,2018,7.649,-18.969,100,45870
Denmark,2019,7.693,-16.3,100,
Denmark,2021,7.62,,,
Dominican Republic,2010,4.735,26.66,94.54421,33030
Dominican Republic,2011,5.397,26.423,94.88455,33390
Dominican Republic,2012,4.753,26.983,95.20509,34160
Dominican Republic,2013,5.016,26.563,95.51406,33930
Dominican Republic,2014,5.387,26.76,95.812,34170
Dominican Republic,2015,5.062,27.155,96.09934,36520
Dominican Republic,2016,5.239,26.51,96.3763,37790
Dominican Republic,2017,5.605,26.573,96.4625,37010
Dominican Republic,2018,5.433,26.469,96.54281,39060
Dominican Republic,2019,6.004,26.992,96.61749,
Dominican Republic,2021,5.545,,,
Ecuador,2010,5.838,22.292,89.53053,61800
Ecuador,2011,5.795,22.481,90.2407,62780
Ecuador,2012,5.961,22.646,90.94651,63970
Ecuador,2013,6.019,22.03,91.65233,66980
Ecuador,2014,5.946,22.73,92.35797,67820
Ecuador,2015,5.964,22.925,93.06378,66420
Ecuador,2016,6.115,22.408,93.76941,65010
Ecuador,2017,5.84,22.687,94.31314,64060
Ecuador,2018,6.128,21.97,94.66226,65680
Ecuador,2019,5.809,22.798,95.01122,
Ecuador,2021,5.764,,,
Egypt,2010,4.669,24.665,98.70242,276450
Egypt,2011,4.174,23.257,98.78331,283190
Egypt,2012,4.204,24.663,98.86392,293980
Egypt,2013,3.559,23.732,98.9447,291230
Egypt,2014,4.885,23.733,99.02563,297280
Egypt,2015,4.763,22.958,99.10672,306350
Egypt,2016,4.557,25.59,99.18797,315780
Egypt,2017,3.929,24.263,99.26951,320370
Egypt,2018,4.005,24.655,99.32633,329220
Egypt,2019,4.328,25.021,99.38324,
Egypt,2021,4.283,,,
El Salvador,2010,6.74,25.677,89.6619,12620
El Salvador,2011,4.741,26.056,90.89086,12550
El Salvador,2012,5.934,25.978,92.09563,12700
El Salvador,2013,6.325,26.009,93.2757,11940
El Salvador,2014,5.857,26.067,94.43129,12260
El Salvador,2015,6.018,26.803,95.56214,12700
El Salvador,2016,6.14,26.134,96.57989,12720
El Salvador,2017,6.339,25.697,97.21918,11940
El Salvador,2018,6.241,26.034,97.58628,12350
El Salvador,2019,6.455,27.123,97.7816,
El Salvador,2021,6.061,,,
Finland,2010,7.393,0.501,100,74120
Finland,2011,7.354,3.618,100,66100
Finland,2012,7.42,0.42,100,60380
Finland,2013,7.445,4.323,100,61120
Finland,2014,7.385,0.231,100,57000
Finland,2015,7.448,0.157,100,53550
Finland,2016,7.66,1.75,100,56260
Finland,2017,7.788,-0.031,100,53320
Finland,2018,7.858,0.876,100,54490
Finland,2019,7.78,2.667,100,
Finland,2021,7.842,,,
France,2010,6.798,14.161,99.97524,470790
France,2011,6.959,14.014,99.98218,453510
France,2012,6.649,14.26,99.98897,456320
France,2013,6.667,13.123,99.99559,457250
France,2014,6.467,14.674,100,424130
France,2015,6.358,14.91,100,430140
France,2016,6.475,13.888,100,430020
France,2017,6.635,16.041,100,432380
France,2018,6.666,14.968,100,423350
France,2019,6.69,15.425,100,
France,2021,6.69,,,
Georgia,2010,4.102,11.545,95.10987,12980
Georgia,2011,4.203,9.17,95.23614,14380
Georgia,2012,4.254,10.742,95.36103,15260
Georgia,2013,4.349,9.65,95.48436,16040
Georgia,2014,4.288,9.684,95.60631,16630
Georgia,2015,4.122,10.733,95.75473,16970
Georgia,2016,4.448,9.733,96.44758,17390
Georgia,2017,4.451,9.213,96.96675,17190
Georgia,2018,4.659,10.758,97.09508,16900
Georgia,2019,4.892,12.433,97.2222,
Georgia,2021,4.891,,,
Germany,2010,6.725,8.96,100,881300
Germany,2011,6.621,9.396,100,852550
Germany,2012,6.702,8.307,100,866670
Germany,2013,6.965,8.383,100,883920
Germany,2014,6.984,8.824,100,843660
Germany,2015,7.037,8.509,100,847460
Germany,2016,6.874,9.893,100,850170
Germany,2017,7.074,10.477,100,832650
Germany,2018,7.118,10.539,100,806090
Germany,2019,7.035,12.349,100,
Germany,2021,7.155,,,
Ghana,2010,4.606,27.94,74.58462,29080
Ghana,2011,5.608,27.886,75.69454,32400
Ghana,2012,5.057,27.33,76.80702,35340
Ghana,2013,4.965,27.731,77.92168,38240
Ghana,2014,3.86,27.914,79.03863,38820
Ghana,2015,3.986,28.063,80.15796,41450
Ghana,2016,4.514,27.736,81.27978,41280
Ghana,2017,5.481,27.659,82.40395,42920
Ghana,2018,5.004,27.473,83.53056,44500
Ghana,2019,4.967,27.815,84.65946,
Ghana,2021,5.088,,,
Greece,2010,5.84,15.817,99.92007,108190
Greece,2011,5.372,15.649,99.94348,105760
Greece,2012,5.096,17.44,99.96635,100600
Greece,2013,4.72,15.827,99.98868,92970
Greece,2014,4.756,15.618,100,89910
Greece,2015,5.623,14.915,100,88180
Greece,2016,5.303,16.931,100,86900
Greece,2017,5.148,16.678,100,86510
Greece,2018,5.409,16.056,100,84750
Greece,2019,5.952,17.234,100,
Greece,2021,5.723,,,
Guatemala,2010,6.29,23.993,90.30205,26450
Guatemala,2011,5.743,23.883,90.67285,27070
Guatemala,2012,5.856,23.758,91.04079,27780
Guatemala,2013,5.985,23.763,91.40703,28900
Guatemala,2014,6.536,23.691,91.77142,30120
Guatemala,2015,6.465,24.107,92.13403,32990
Guatemala,2016,6.359,24.119,92.49441,34310
Guatemala,2017,6.325,23.773,92.85261,33570
Guatemala,2018,6.627,23.718,93.24001,35400
Guatemala,2019,6.262,24.831,93.62465,
Guatemala,2021,6.435,,,
Honduras,2010,5.866,25.676,90.7008,18890
Honduras,2011,4.961,25.572,91.22133,19920
Honduras,2012,4.602,25.6,91.73615,20300
Honduras,2013,4.713,25.307,92.24474,20880
Honduras,2014,5.056,25.556,92.74751,21120
Honduras,2015,4.845,25.495,93.25441,21560
Honduras,2016,5.648,25.652,93.75472,21500
Honduras,2017,6.02,25.671,94.24835,21300
Honduras,2018,5.908,25.323,94.73526,22400
Honduras,2019,5.93,26.425,95.21553,
Honduras,2021,5.919,,,
Hungary,2010,4.725,10.696,99.96893,62090
Hungary,2011,4.918,11.417,99.96938,61350
Hungary,2012,4.683,12.14,99.9697,57470
Hungary,2013,4.914,10.765,99.96998,55130
Hungary,2014,5.181,10.564,99.97025,55400
Hungary,2015,5.344,11.22,99.97053,58330
Hungary,2016,5.449,11.814,99.97081,58960
Hungary,2017,6.065,12.702,100,60880
Hungary,2018,5.936,11.918,100,60920
Hungary,2019,6,13.977,100,
Hungary,2021,5.992,,,
India,2010,4.989,24.937,85.68425,2564130
India,2011,4.635,23.728,86.18204,2671200
India,2012,4.72,25.389,86.67656,2814000
India,2013,4.428,23.507,87.1675,2875980
India,2014,4.424,25.671,87.65476,3048790
India,2015,4.342,24.124,88.13813,3063650
India,2016,4.179,24.858,88.61741,3103110
India,2017,4.046,24.304,89.09243,3229920
India,2018,3.818,24.599,89.56294,3374990
India,2019,3.249,25.762,90.0287,
India,2021,3.819,,,
Indonesia,2010,5.457,26.48,84.43672,762400
Indonesia,2011,5.173,26.051,85.27145,822480
Indonesia,2012,5.368,26.087,86.09795,827220
Indonesia,2013,5.292,26.753,86.91591,796880
Indonesia,2014,5.597,26.587,87.72586,845070
Indonesia,2015,5.043,26.531,88.52735,852000
Indonesia,2016,5.136,26.732,89.32044,866360
Indonesia,2017,5.098,26.382,90.10462,912420
Indonesia,2018,5.34,26.473,90.8803,969580
Indonesia,2019,5.347,26.444,91.64729,
Indonesia,2021,5.345,,,
Ireland,2010,7.257,11.342,97.31291,65040
Ireland,2011,7.007,8.766,97.32507,60650
Ireland,2012,6.965,9.309,97.33707,62310
Ireland,2013,6.76,10.001,97.34892,61380
Ireland,2014,7.018,11.098,97.3606,61540
Ireland,2015,6.83,9.544,97.37213,63350
Ireland,2016,7.041,11.205,97.38348,65880
Ireland,2017,7.06,10.7,97.39454,65250
Ireland,2018,6.962,12.169,97.40529,65090
Ireland,2019,7.255,9.672,97.40257,
Ireland,2021,7.085,,,
Israel,2010,7.359,21.387,100,89320
Israel,2011,7.433,19.953,100,89590
Israel,2012,7.111,21.83,100,96710
Israel,2013,7.321,20.83,100,88550
Israel,2014,7.401,20.593,100,87150
Israel,2015,7.079,19.497,100,89510
Israel,2016,7.159,22.471,100,89420
Israel,2017,7.331,21.025,100,91060
Israel,2018,6.927,21.306,100,87830
Israel,2019,7.332,22.078,100,
Israel,2021,7.157,,,
Italy,2010,6.354,13.791,99.81418,485460
Italy,2011,6.057,14.224,99.8399,474590
Italy,2012,5.839,15.607,99.86561,456710
Italy,2013,6.009,13.369,99.89132,424930
Italy,2014,6.027,14.443,99.91703,405240
Italy,2015,5.848,14.863,99.91703,416150
Italy,2016,5.955,14.006,99.91703,411450
Italy,2017,6.199,16.364,99.91703,405770
Italy,2018,6.517,14.781,99.91703,399600
Italy,2019,6.445,16.527,99.91703,
Italy,2021,6.483,,,
Japan,2010,6.057,13.856,98.72767,1228240
Japan,2011,6.263,13.435,98.7667,1284770
Japan,2012,5.968,12.301,98.80573,1327040
Japan,2013,5.959,13.417,98.84475,1338630
Japan,2014,5.923,13.493,98.88378,1300990
Japan,2015,5.88,12.594,98.92281,1265070
Japan,2016,5.955,12.946,98.96183,1257730
Japan,2017,5.911,12.123,99.00086,1235370
Japan,2018,5.794,13.188,99.03989,1186770
Japan,2019,5.908,12.949,99.07891,
Japan,2021,5.94,,,
Jordan,2010,5.57,21.479,99.01634,27430
Jordan,2011,5.539,20.127,99.01934,28550
Jordan,2012,5.132,22.125,99.02086,32120
Jordan,2013,5.172,20.746,99.02086,32420
Jordan,2014,5.333,20.272,99.01953,34680
Jordan,2015,5.405,19.429,99.00678,34970
Jordan,2016,5.271,22.303,98.99388,35070
Jordan,2017,4.808,21.048,98.98078,36740
Jordan,2018,4.639,21.111,98.96747,35810
Jordan,2019,4.453,22.309,98.95399,
Jordan,2021,4.395,,,
Kazakhstan,2010,5.514,8.131,93.65815,277300
Kazakhstan,2011,5.736,6.5,93.99879,294130
Kazakhstan,2012,5.759,8.092,94.3385,294140
Kazakhstan,2013,5.835,6.043,94.6322,307440
Kazakhstan,2014,5.97,7.35,94.8292,258090
Kazakhstan,2015,5.95,8.462,95.02533,259340
Kazakhstan,2016,5.534,5.977,95.22051,274520
Kazakhstan,2017,5.882,6.539,95.41466,283580
Kazakhstan,2018,6.008,5.454,95.42024,274220
Kazakhstan,2019,6.272,5.971,95.42703,
Kazakhstan,2021,6.152,,,
Kenya,2010,4.256,25.302,54.6621,64700
Kenya,2011,4.405,25.41,55.37613,67080
Kenya,2012,4.547,24.778,56.08651,66430
Kenya,2013,3.795,24.348,56.7939,68440
Kenya,2014,4.905,24.981,57.4973,71370
Kenya,2015,4.358,24.883,58.19693,73990
Kenya,2016,4.396,24.51,58.8926,79550
Kenya,2017,4.476,25.051,59.58415,76750
Kenya,2018,4.656,24.252,60.27175,78830
Kenya,2019,4.619,25.116,60.95448,
Kenya,2021,4.607,,,
Kosovo,2010,5.177,11.225,91.49812,
Kosovo,2011,4.86,11.474,91.87121,
Kosovo,2012,5.64,13.418,92.24825,
Kosovo,2013,6.126,11.113,92.62697,
Kosovo,2014,5,10.691,93.00635,
Kosovo,2015,5.077,11.022,93.38646,
Kosovo,2016,5.759,12.36,93.76723,
Kosovo,2017,6.149,12.9,94.14837,
Kosovo,2018,6.392,11.657,94.53003,
Kosovo,2019,6.425,13.166,94.91236,
Kosovo,2021,6.372,,,
Kyrgyzstan,2010,4.996,3.147,85.39985,12330
Kyrgyzstan,2011,4.921,4.169,86.00378,13750
Kyrgyzstan,2012,5.208,3.862,86.61047,16340
Kyrgyzstan,2013,5.402,3.677,87.2192,15870
Kyrgyzstan,2014,5.252,3.753,87.82975,16410
Kyrgyzstan,2015,4.905,3.996,88.44176,16960
Kyrgyzstan,2016,4.857,4.717,89.04475,16510
Kyrgyzstan,2017,5.63,4.014,89.60251,16240
Kyrgyzstan,2018,5.297,3.606,90.16018,18120
Kyrgyzstan,2019,5.685,2.988,90.71697,
Kyrgyzstan,2021,5.744,,,
Lebanon,2010,5.032,19.279,89.44218,25060
Lebanon,2011,5.188,18.238,89.79861,25760
Lebanon,2012,4.573,20.018,90.15504,28360
Lebanon,2013,4.983,18.848,90.51147,28350
Lebanon,2014,5.233,18.783,90.86789,30310
Lebanon,2015,5.172,17.823,91.22432,32660
Lebanon,2016,5.271,20.479,91.58075,33790
Lebanon,2017,5.154,19.268,91.93718,35600
Lebanon,2018,5.167,19.323,92.29361,34350
Lebanon,2019,4.024,20.193,92.6,
Lebanon,2021,4.584,,,
Lithuania,2010,5.066,6.449,94.24874,20520
Lithuania,2011,5.432,8.052,94.70961,19980
Lithuania,2012,5.771,5.01,95.18639,19900
Lithuania,2013,5.596,8.365,95.66102,19000
Lithuania,2014,6.126,4.67,96.1336,18550
Lithuania,2015,5.711,5.277,96.60414,18800
Lithuania,2016,5.866,7.446,97.07375,18820
Lithuania,2017,6.273,5.581,97.54207,18730
Lithuania,2018,6.309,7.243,97.99053,18840
Lithuania,2019,6.064,10.207,98.00147,
Lithuania,2021,6.255,,,
Luxembourg,2010,7.097,10.718,100,11980
Luxembourg,2011,7.101,10.431,100,11830
Luxembourg,2012,6.964,9.297,99.9872,11580
Luxembourg,2013,7.131,9.385,99.96524,11050
Luxembourg,2014,6.891,10.349,99.9446,10560
Luxembourg,2015,6.702,10.254,99.92517,10050
Luxembourg,2016,6.967,10.316,99.90687,9770
Luxembourg,2017,7.061,12.433,99.88961,9920
Luxembourg,2018,7.243,11.549,99.8733,10220
Luxembourg,2019,7.404,12.728,99.87671,
Luxembourg,2021,7.324,,,
Mali,2010,3.762,29.507,66.10227,31800
Mali,2011,4.667,29.869,67.77131,32760
Mali,2012,4.313,29.461,69.43602,33430
Mali,2013,3.676,30.084,71.09586,34620
Mali,2014,3.975,29.812,72.75061,35190
Mali,2015,4.582,30.243,74.39951,36670
Mali,2016,4.016,30.135,76.04239,41040
Mali,2017,4.742,29.602,77.67906,42140
Mali,2018,4.416,29.819,79.30885,43740
Mali,2019,4.988,30.36,80.93188,
Mali,2021,4.723,,,
Malta,2010,5.774,18.892,100,2990
Malta,2011,6.155,18.955,100,2980
Malta,2012,5.963,20.706,100,3160
Malta,2013,6.38,18.624,100,2830
Malta,2014,6.452,19.663,100,2840
Malta,2015,6.613,19.075,100,2160
Malta,2016,6.591,19.658,100,1870
Malta,2017,6.676,20.588,100,2010
Malta,2018,6.91,19.375,100,2040
Malta,2019,6.733,21.234,100,
Malta,2021,6.602,,,
Mauritania,2010,4.772,28.364,57.78039,11100
Mauritania,2011,4.785,29.542,59.59946,11220
Mauritania,2012,4.673,28.894,61.43031,11670
Mauritania,2013,4.199,29.078,63.27145,11670
Mauritania,2014,4.483,29.107,65.11946,12150
Mauritania,2015,3.923,29.573,66.97331,12830
Mauritania,2016,4.472,29.418,68.83202,13250
Mauritania,2017,4.678,29.362,70.69619,13920
Mauritania,2018,4.314,28.622,71.02985,14080
Mauritania,2019,4.153,29.333,71.3584,
Mauritania,2021,4.227,,,
Mexico,2010,6.802,21.077,95.82133,650160
Mexico,2011,6.91,21.331,96.2712,664660
Mexico,2012,7.32,20.966,96.71644,659240
Mexico,2013,7.443,21.161,97.15725,652690
Mexico,2014,6.68,21.039,97.59363,645940
Mexico,2015,6.236,20.542,98.02544,670100
Mexico,2016,6.824,20.756,98.45286,682910
Mexico,2017,6.41,21.232,98.87578,678120
Mexico,2018,6.55,21.008,99.26913,679880
Mexico,2019,6.432,21.159,99.47726,
Mexico,2021,6.317,,,
Moldova,2010,5.59,10.719,86.62747,12530
Moldova,2011,5.792,10.3,87.01657,12690
Moldova,2012,5.996,12.35,87.40613,12450
Moldova,2013,5.756,11.054,87.79616,11590
Moldova,2014,5.917,9.015,88.18666,12220
Moldova,2015,6.017,10.598,88.57603,12470
Moldova,2016,5.578,11.059,88.96917,12670
Moldova,2017,5.326,10.94,89.36544,12700
Moldova,2018,5.682,11.241,89.76461,13180
Moldova,2019,5.803,13.075,90.16619,
Moldova,2021,5.766,,,
Mongolia,2010,4.586,1.912,76.17557,32050
Mongolia,2011,5.031,1.212,77.21569,35710
Mongolia,2012,4.885,0.371,78.10477,39140
Mongolia,2013,4.913,-0.501,79.00078,41590
Mongolia,2014,4.825,-0.598,79.90325,44130
Mongolia,2015,4.983,-0.523,80.81301,45710
Mongolia,2016,5.057,-0.301,81.72957,48090
Mongolia,2017,5.334,2.112,82.6525,50880
Mongolia,2018,5.465,1.915,83.58827,52620
Mongolia,2019,5.563,0.892,84.53621,
Mongolia,2021,5.677,,,
Montenegro,2010,5.455,11.701,96.16409,4180
Montenegro,2011,5.223,12.363,96.4091,4030
Montenegro,2012,5.219,14.099,96.65431,3790
Montenegro,2013,5.074,11.656,96.89975,3660
Montenegro,2014,5.283,11.464,97.14541,3560
Montenegro,2015,5.125,12.06,97.3913,3650
Montenegro,2016,5.304,12.703,97.63738,3400
Montenegro,2017,5.615,13.604,97.88369,3520
Montenegro,2018,5.65,12.416,98.5063,3800
Montenegro,2019,5.386,13.998,98.6814,
Montenegro,2021,5.581,,,
Nepal,2010,4.35,15.503,85.35824,37220
Nepal,2011,3.809,13.691,85.86199,39020
Nepal,2012,4.233,16.459,86.35912,40940
Nepal,2013,4.605,14.159,86.8493,41840
Nepal,2014,4.975,15.727,87.3325,43860
Nepal,2015,4.812,15.123,87.80847,43670
Nepal,2016,5.1,14.832,88.27711,47070
Nepal,2017,4.737,15.047,88.73821,49580
Nepal,2018,4.91,15.279,89.1916,51240
Nepal,2019,5.449,15.692,89.6371,
Nepal,2021,5.269,,,
Netherlands,2010,7.502,10.534,100,202130
Netherlands,2011,7.564,10.657,100,188890
Netherlands,2012,7.471,9.302,100,187110
Netherlands,2013,7.407,9.529,100,186690
Netherlands,2014,7.321,10.335,100,179380
Netherlands,2015,7.324,9.69,100,188330
Netherlands,2016,7.541,11.206,100,188160
Netherlands,2017,7.459,12.215,100,184550
Netherlands,2018,7.463,11.647,100,178640
Netherlands,2019,7.425,12.535,100,
Netherlands,2021,7.464,,,
New Zealand,2010,7.224,11.05,100,79980
New Zealand,2011,7.191,12.234,100,79400
New Zealand,2012,7.25,10.667,100,81670
New Zealand,2013,7.28,11.34,100,81240
New Zealand,2014,7.306,12.658,100,81740
New Zealand,2015,7.418,11.367,100,81690
New Zealand,2016,7.226,12.517,100,80410
New Zealand,2017,7.327,11.331,100,82060
New Zealand,2018,7.37,11.136,100,81330
New Zealand,2019,7.205,11.21,100,
New Zealand,2021,7.277,,,
Nicaragua,2010,5.687,26.823,81.04895,15250
Nicaragua,2011,5.386,26.773,81.10697,16390
Nicaragua,2012,5.448,27.091,81.1669,16760
Nicaragua,2013,5.772,26.711,81.22875,16980
Nicaragua,2014,6.275,27.161,81.29214,17870
Nicaragua,2015,5.924,27.314,81.35313,18840
Nicaragua,2016,6.013,26.786,81.41597,19040
Nicaragua,2017,6.476,26.872,81.43568,18960
Nicaragua,2018,5.819,26.698,81.52109,19070
Nicaragua,2019,6.113,27.779,81.61224,
Nicaragua,2021,5.972,,,
Niger,2010,4.101,28.661,43.40945,29670
Niger,2011,4.556,28.313,43.88328,31290
Niger,2012,3.798,28.081,44.32547,33750
Niger,2013,3.716,28.094,44.73547,35580
Niger,2014,4.181,28.691,45.12092,37810
Niger,2015,3.671,29.036,45.48246,39610
Niger,2016,4.235,28.426,45.8187,41330
Niger,2017,4.616,27.654,46.13033,43050
Niger,2018,5.164,28.397,46.41607,45050
Niger,2019,5.004,28.484,46.67664,
Niger,2021,5.074,,,
Macedonia,2010,4.18,11.531,97.20939,11750
Macedonia,2011,4.898,11.462,97.26219,12690
Macedonia,2012,4.64,13.592,97.31475,12120
Macedonia,2013,5.186,11.573,97.3672,11240
Macedonia,2014,5.204,11.039,97.41968,10820
Macedonia,2015,4.976,10.97,97.47233,10560
Macedonia,2016,5.346,12.721,97.52528,10530
Macedonia,2017,5.234,12.988,97.57867,11010
Macedonia,2018,5.24,11.621,97.63263,10510
Macedonia,2019,5.015,13.126,97.6873,
Macedonia,2021,5.101,,,
Pakistan,2010,5.786,20.503,88.72343,314470
Pakistan,2011,5.267,22.022,88.87304,323170
Pakistan,2012,5.132,21.009,89.02106,326970
Pakistan,2013,5.138,21.586,89.16731,337420
Pakistan,2014,5.436,22.184,89.31196,351040
Pakistan,2015,4.823,20.657,89.45498,365780
Pakistan,2016,5.549,21.885,89.59637,389400
Pakistan,2017,5.831,21.423,89.73605,414600
Pakistan,2018,5.472,21.877,89.87483,431220
Pakistan,2019,4.443,21.298,90.01254,
Pakistan,2021,4.934,,,
Panama,2010,7.321,27.089,91.86962,15880
Panama,2011,7.248,26.955,92.02887,16970
Panama,2012,6.86,27.172,92.18548,17680
Panama,2013,6.866,27.034,92.33938,18030
Panama,2014,6.631,27.315,92.52287,18630
Panama,2015,6.606,27.944,92.90437,18090
Panama,2016,6.118,26.867,93.23054,18300
Panama,2017,6.568,26.949,93.55519,17900
Panama,2018,6.281,27.108,93.87809,18010
Panama,2019,6.086,27.718,94.1619,
Panama,2021,6.18,,,
Peru,2010,5.613,20.885,87.31744,84650
Peru,2011,5.892,21.104,87.91951,88120
Peru,2012,5.825,21.03,88.51718,88380
Peru,2013,5.783,20.65,89.10995,89840
Peru,2014,5.866,21.325,89.69814,93240
Peru,2015,5.577,21.44,90.282,94880
Peru,2016,5.701,20.698,90.86111,98040
Peru,2017,5.711,20.992,91.43573,96040
Peru,2018,5.68,20.13,92.00719,96280
Peru,2019,5.999,21.098,92.57507,
Peru,2021,5.84,,,
Philippines,2010,4.942,27.942,89.90464,161170
Philippines,2011,4.994,26.896,90.32984,163300
Philippines,2012,5.002,27.151,90.75373,168460
Philippines,2013,4.977,27.411,91.1764,179820
Philippines,2014,5.313,27.657,91.59766,187640
Philippines,2015,5.547,27.642,92.0177,196720
Philippines,2016,5.431,27.646,92.43642,209480
Philippines,2017,5.594,27.566,92.85503,225870
Philippines,2018,5.869,27.286,93.2735,232340
Philippines,2019,6.268,27.963,93.69156,
Philippines,2021,5.88,,,
Poland,2010,5.887,8.111,98.27721,391920
Poland,2011,5.646,9.185,98.46683,387760
Poland,2012,5.876,7.687,98.65689,380780
Poland,2013,5.746,8.755,98.8478,375430
Poland,2014,5.75,7.078,99.03952,362360
Poland,2015,6.007,7.539,99.23207,366250
Poland,2016,6.162,9.485,99.42566,377190
Poland,2017,6.201,8.729,99.62004,390070
Poland,2018,6.111,9.448,99.81493,389650
Poland,2019,6.242,12.509,99.96659,
Poland,2021,6.166,,,
Portugal,2010,5.095,15.747,99.57889,67990
Portugal,2011,5.22,16.25,99.68403,67110
Portugal,2012,4.994,16.184,99.78943,65410
Portugal,2013,5.158,15.466,99.86825,63700
Portugal,2014,5.127,15.671,99.90318,63320
Portugal,2015,5.081,17.276,99.90469,67430
Portugal,2016,5.447,16.231,99.90618,66380
Portugal,2017,5.711,17.949,99.90766,70950
Portugal,2018,5.92,15.14,99.90912,66820
Portugal,2019,6.095,14.477,99.91057,
Portugal,2021,5.929,,,
Romania,2010,4.909,10.206,100,114860
Romania,2011,5.023,10.199,100,119570
Romania,2012,5.167,11.809,100,116870
Romania,2013,5.082,10.481,100,107300
Romania,2014,5.727,9.141,100,106410
Romania,2015,5.777,10.15,100,108090
Romania,2016,5.969,11.241,100,105850
Romania,2017,6.09,11.21,100,108560
Romania,2018,6.151,10.887,100,109010
Romania,2019,6.13,12.415,100,
Romania,2021,6.14,,,
Russia,2010,5.385,-3.993,96.07661,2454000
Russia,2011,5.389,-3.517,96.16482,2546200
Russia,2012,5.621,-2.76,96.25412,2566170
Russia,2013,5.537,-3.932,96.34429,2529020
Russia,2014,6.037,-4.58,96.4354,2521740
Russia,2015,5.996,-3.493,96.52716,2475690
Russia,2016,5.855,-3.478,96.61953,2470100
Russia,2017,5.579,-4.31,96.71242,2494150
Russia,2018,5.514,-3.736,96.80563,2543400
Russia,2019,5.441,-3.726,96.89903,
Russia,2021,5.477,,,
Saudi Arabia,2010,6.307,27.538,98.74765,514560
Saudi Arabia,2011,6.7,26.977,98.90773,534210
Saudi Arabia,2012,6.396,27.239,99.0678,568100
Saudi Arabia,2013,6.495,26.02,99.22788,585810
Saudi Arabia,2014,6.278,26.498,99.38795,629390
Saudi Arabia,2015,6.345,26.625,99.54803,660370
Saudi Arabia,2016,6.474,27.316,99.7081,664170
Saudi Arabia,2017,6.294,27.493,99.86818,656080
Saudi Arabia,2018,6.356,27.409,100,638120
Saudi Arabia,2019,6.561,27.901,100,
Saudi Arabia,2021,6.494,,,
Senegal,2010,4.372,28.926,72.23203,24410
Senegal,2011,3.834,28.832,73.51214,25490
Senegal,2012,3.669,28.903,74.789,25120
Senegal,2013,3.647,28.967,76.06272,26500
Senegal,2014,4.395,29.489,77.33309,27140
Senegal,2015,4.617,29.52,78.60209,28070
Senegal,2016,4.595,29.028,79.86889,29770
Senegal,2017,4.683,29.213,81.13345,29750
Senegal,2018,4.769,28.709,82.39466,29990
Senegal,2019,5.489,29.683,83.65219,
Senegal,2021,5.132,,,
Slovakia,2010,6.052,8.475,98.62234,43160
Slovakia,2011,5.945,8.933,98.99754,41670
Slovakia,2012,5.911,9.383,99.37583,39350
Slovakia,2013,5.937,8.735,99.52017,40000
Slovakia,2014,6.139,7.946,99.78675,37340
Slovakia,2015,6.162,8.725,99.78719,37770
Slovakia,2016,5.993,9.611,99.78752,38580
Slovakia,2017,6.366,10.049,99.78773,40480
Slovakia,2018,6.235,9.703,99.78783,39930
Slovakia,2019,6.243,12.235,99.78782,
Slovakia,2021,6.331,,,
Slovenia,2010,6.083,10.307,99.5,19080
Slovenia,2011,6.036,10.594,99.5,19020
Slovenia,2012,6.063,11.74,99.5,18420
Slovenia,2013,5.975,10.011,99.5,17780
Slovenia,2014,5.678,10.283,99.5,16230
Slovenia,2015,5.741,10.776,99.5,16310
Slovenia,2016,5.937,10.566,99.5,17130
Slovenia,2017,6.167,12.315,99.5,17310
Slovenia,2018,6.249,11.187,99.5,17170
Slovenia,2019,6.665,13.539,99.5,
Slovenia,2021,6.461,,,
South Africa,2010,4.652,17.841,89.63844,499720
South Africa,2011,4.931,17.427,90.10469,484250
South Africa,2012,5.134,17.825,90.56175,503110
South Africa,2013,3.661,18.374,91.00903,513020
South Africa,2014,4.828,17.926,91.44728,525050
South Africa,2015,4.887,18.022,91.87634,501090
South Africa,2016,4.77,19.187,92.29629,501550
South Africa,2017,4.514,19.099,92.70702,514600
South Africa,2018,4.884,18.77,93.10863,513440
South Africa,2019,5.035,19.068,93.50123,
South Africa,2021,4.956,,,
South Korea,2010,6.116,13.802,99.0141,646420
South Korea,2011,6.947,13.335,99.10583,670790
South Korea,2012,6.003,13.62,99.19756,675290
South Korea,2013,5.959,14.081,99.28929,675000
South Korea,2014,5.801,13.196,99.38102,664250
South Korea,2015,5.78,13.08,99.47275,685800
South Korea,2016,5.971,13.756,99.56448,696930
South Korea,2017,5.874,13.22,99.65621,710340
South Korea,2018,5.84,13.691,99.74794,718880
South Korea,2019,5.903,12.869,99.83967,
South Korea,2021,5.845,,,
Spain,2010,6.188,14.398,100,349440
Spain,2011,6.518,15.346,100,348820
Spain,2012,6.291,16.35,99.98617,342540
Spain,2013,6.15,13.716,99.95664,316480
Spain,2014,6.456,15.089,99.92694,314950
Spain,2015,6.381,16.29,99.92672,325510
Spain,2016,6.319,15.522,99.9265,315830
Spain,2017,6.23,17.795,99.92628,332170
Spain,2018,6.513,14.815,99.92606,326940
Spain,2019,6.457,15.066,99.92584,
Spain,2021,6.491,,,
Sweden,2010,7.496,1.467,99.66207,60070
Sweden,2011,7.382,4.204,99.68645,56110
Sweden,2012,7.56,0.799,99.71087,53230
Sweden,2013,7.434,3.564,99.7348,51530
Sweden,2014,7.239,1.893,99.75825,50120
Sweden,2015,7.289,0.772,99.78123,50050
Sweden,2016,7.369,3.052,99.80376,49520
Sweden,2017,7.287,2.225,99.82585,49070
Sweden,2018,7.375,2.859,99.8262,46350
Sweden,2019,7.398,3.897,99.82654,
Sweden,2021,7.363,,,
Taiwan,2010,6.229,21.998,,
Taiwan,2011,6.309,23.507,,
Taiwan,2012,6.126,22.656,,
Taiwan,2013,6.34,23.596,,
Taiwan,2014,6.363,23.254,,
Taiwan,2015,6.45,24.495,,
Taiwan,2016,6.513,24.012,,
Taiwan,2017,6.359,23.145,,
Taiwan,2018,6.467,23.209,,
Taiwan,2019,6.537,23.193,,
Taiwan,2021,6.584,,,
Tajikistan,2010,4.381,3.404,69.47197,8780
Tajikistan,2011,4.263,5.809,70.80223,9060
Tajikistan,2012,4.497,4.188,72.14546,9840
Tajikistan,2013,4.967,5.265,73.49981,10260
Tajikistan,2014,4.896,4.674,74.8649,11700
Tajikistan,2015,5.124,4.797,76.2395,12280
Tajikistan,2016,5.104,5.86,77.62285,13650
Tajikistan,2017,5.829,5.408,79.01397,14200
Tajikistan,2018,5.497,4.893,80.41159,15210
Tajikistan,2019,5.464,2.978,81.81511,
Tajikistan,2021,5.466,,,
Tanzania,2010,3.229,21.3,43.92816,75950
Tanzania,2011,4.074,21.5,45.70726,81790
Tanzania,2012,4.007,20.9,47.50187,87950
Tanzania,2013,3.852,20.7,49.31034,93940
Tanzania,2014,3.483,21.3,51.13106,97650
Tanzania,2015,3.661,21.6,52.96379,103820
Tanzania,2016,2.903,21.2,54.80741,104660
Tanzania,2017,3.347,21.7,56.66211,103330
Tanzania,2018,3.445,20.9,58.52723,105380
Tanzania,2019,3.64,21.2,60.40167,
Tanzania,2021,3.623,,,
Thailand,2010,6.217,27.828,97.71447,360560
Thailand,2011,6.664,26.514,98.04012,362400
Thailand,2012,6.3,26.668,98.358,383440
Thailand,2013,6.231,26.728,98.6706,395710
Thailand,2014,6.985,27.186,98.97793,390010
Thailand,2015,6.202,27.81,99.25917,392810
Thailand,2016,6.074,27.088,99.44567,395180
Thailand,2017,5.939,26.954,99.76972,413200
Thailand,2018,6.012,26.644,99.84852,416950
Thailand,2019,6.022,27.732,99.96483,
Thailand,2021,5.985,,,
Tunisia,2010,5.131,20.786,92.2249,37960
Tunisia,2011,4.876,19.765,92.41832,36290
Tunisia,2012,4.464,22.624,93.03061,37240
Tunisia,2013,5.246,19.415,93.63885,37120
Tunisia,2014,4.764,20.809,94.24353,39360
Tunisia,2015,5.132,20.562,94.84546,40170
Tunisia,2016,4.521,21.201,95.44405,39730
Tunisia,2017,4.124,21.608,95.99335,40720
Tunisia,2018,4.741,20.527,96.51537,41100
Tunisia,2019,4.315,22.9,97.03219,
Tunisia,2021,4.596,,,
Turkey,2010,5.49,13.841,95.41132,374330
Turkey,2011,5.272,12.453,95.58772,396910
Turkey,2012,5.309,14.46,95.76049,411020
Turkey,2013,4.888,13.348,95.92934,402240
Turkey,2014,5.58,12.876,96.09454,427120
Turkey,2015,5.514,11.961,96.25616,433850
Turkey,2016,5.326,13.909,96.41432,460820
Turkey,2017,5.607,13.378,96.56909,502670
Turkey,2018,5.186,13.811,96.72061,502520
Turkey,2019,4.872,14.932,96.86897,
Turkey,2021,4.948,,,
Uganda,2010,4.193,24.411,40.20519,42960
Uganda,2011,4.826,24.107,41.69614,43710
Uganda,2012,4.309,23.733,43.20641,45660
Uganda,2013,3.71,24.365,44.73397,46670
Uganda,2014,3.77,24.242,46.27957,48380
Uganda,2015,4.238,23.91,47.84156,50190
Uganda,2016,4.233,23.843,49.41834,52850
Uganda,2017,4.001,23.983,51.00911,53950
Uganda,2018,4.322,23.344,52.61236,54870
Uganda,2019,4.948,23.592,54.22828,
Uganda,2021,4.636,,,
Ukraine,2010,5.058,10.236,95.0744,369850
Ukraine,2011,5.083,9.352,94.62045,391160
Ukraine,2012,5.03,9.848,94.16476,379030
Ukraine,2013,4.711,10.039,94.0284,368050
Ukraine,2014,4.297,7.347,93.58921,332020
Ukraine,2015,3.965,8.917,93.65691,279070
Ukraine,2016,4.029,9.388,93.72408,290100
Ukraine,2017,4.311,8.783,93.79082,264100
Ukraine,2018,4.662,9.47,93.85588,274510
Ukraine,2019,4.702,11.904,93.86696,
Ukraine,2021,4.875,,,
United Arab Emirates,2010,7.097,29.507,99.97134,208580
United Arab Emirates,2011,7.119,29.393,99.97134,214630
United Arab Emirates,2012,7.218,29.097,99.97133,226570
United Arab Emirates,2013,6.621,27.865,99.97133,237630
United Arab Emirates,2014,6.54,28.739,99.97133,240020
United Arab Emirates,2015,6.568,29.451,99.97133,252850
United Arab Emirates,2016,6.831,28.62,99.97133,259650
United Arab Emirates,2017,7.039,29.903,99.97133,269820
United Arab Emirates,2018,6.604,29.842,99.97133,263240
United Arab Emirates,2019,6.711,30.317,99.96846,
United Arab Emirates,2021,6.561,,,
United Kingdom,2010,7.029,10.05,100,594560
United Kingdom,2011,6.869,8.654,100,551940
United Kingdom,2012,6.881,8.189,100,573410
United Kingdom,2013,6.918,8.823,100,554670
United Kingdom,2014,6.758,10.057,100,513800
United Kingdom,2015,6.515,8.72,100,497740
United Kingdom,2016,6.824,9.704,100,475240
United Kingdom,2017,7.103,10.225,100,461190
United Kingdom,2018,7.233,10.537,100,452080
United Kingdom,2019,7.157,9.118,100,
United Kingdom,2021,7.064,,,
United States,2010,7.164,17.9,98.97895,6442580
United States,2011,7.115,17.8,99.07489,6214430
United States,2012,7.026,18.3,99.16969,5968740
United States,2013,7.249,18.6,99.26338,6108670
United States,2014,7.151,17.5,99.35588,6129040
United States,2015,6.864,18.8,99.44716,6003650
United States,2016,6.804,19,99.53714,5907270
United States,2017,6.992,18.4,99.62582,5842800
United States,2018,6.883,18.6,99.71312,6023620
United States,2019,6.944,18.1,99.79904,
United States,2021,6.951,,,
Uruguay,2010,6.062,17.954,98.39293,36010
Uruguay,2011,6.554,17.163,98.55795,37550
Uruguay,2012,6.45,17.598,98.70838,38420
Uruguay,2013,6.444,17.697,98.85258,37420
Uruguay,2014,6.561,17.596,98.99356,36900
Uruguay,2015,6.628,19.044,99.1314,36660
Uruguay,2016,6.171,15.794,99.26625,37050
Uruguay,2017,6.336,19.59,99.39807,36110
Uruguay,2018,6.372,16.448,99.4786,36160
Uruguay,2019,6.6,20.717,99.48724,
Uruguay,2021,6.431,,,
Uzbekistan,2010,5.095,14.915,96.12821,238390
Uzbekistan,2011,5.739,14.224,96.47084,242350
Uzbekistan,2012,6.019,14.496,96.79867,230380
Uzbekistan,2013,5.94,13.896,97.12731,232950
Uzbekistan,2014,6.049,15.012,97.37537,226090
Uzbekistan,2015,5.972,15.367,97.52858,222860
Uzbekistan,2016,5.893,14.148,97.68127,230900
Uzbekistan,2017,6.421,13.767,97.83345,234920
Uzbekistan,2018,6.205,13.068,97.83094,235510
Uzbekistan,2019,6.154,13.561,97.82938,
Uzbekistan,2021,6.179,,,
Venezuela,2010,7.478,26.696,95.45675,260460
Venezuela,2011,6.58,26.469,95.27965,259660
Venezuela,2012,7.067,26.389,95.10256,279300
Venezuela,2013,6.553,26.487,94.92546,284140
Venezuela,2014,6.136,26.654,94.74837,285460
Venezuela,2015,5.569,26.508,94.57128,270980
Venezuela,2016,4.041,26.298,94.39418,257600
Venezuela,2017,5.071,26.326,94.21709,243570
Venezuela,2018,5.006,26.258,94.03999,233920
Venezuela,2019,5.081,26.568,93.8629,
Venezuela,2021,4.892,,,
Vietnam,2010,5.296,25.221,88.86376,258430
Vietnam,2011,5.767,24.449,89.65489,257880
Vietnam,2012,5.535,24.753,90.43672,258290
Vietnam,2013,5.023,24.409,91.20865,268770
Vietnam,2014,5.085,24.865,92.42199,283000
Vietnam,2015,5.076,25.327,93.32806,327320
Vietnam,2016,5.062,25.192,94.10247,341580
Vietnam,2017,5.175,24.982,94.81408,340420
Vietnam,2018,5.296,24.517,95.51497,376530
Vietnam,2019,5.467,25.807,96.20509,
Vietnam,2021,5.411,,,
Yemen,2010,4.35,27.869,50.52801,35610
Yemen,2011,3.746,27.881,51.6066,32390
Yemen,2012,4.061,27.338,52.67102,31470
Yemen,2013,4.218,27.284,53.72152,38350
Yemen,2014,3.968,27.506,54.75738,38810
Yemen,2015,2.983,27.742,55.77887,26050
Yemen,2016,3.826,27.636,56.78562,22740
Yemen,2017,3.254,27.808,57.7776,21970
Yemen,2018,3.058,27.651,58.75449,21760
Yemen,2019,4.197,27.894,59.71658,
Yemen,2021,3.658,,,
Zimbabwe,2010,4.682,21.614,67.54071,28080
Zimbabwe,2011,4.846,22.303,67.01608,30550
Zimbabwe,2012,4.955,22.384,66.49118,30780
Zimbabwe,2013,4.69,22.645,65.96647,30860
Zimbabwe,2014,4.184,22.56,65.45411,29350
Zimbabwe,2015,3.703,22.364,64.95493,31280
Zimbabwe,2016,3.735,22.488,64.46896,29120
Zimbabwe,2017,3.638,22.735,63.99662,28800
Zimbabwe,2018,3.616,22.55,63.53877,31380
Zimbabwe,2019,2.694,22.338,63.09496,
Zimbabwe,2021,3.145,,,
