Country,Code,Year,Annual_CO2_emission_tonnes,Life_ladder,Basic_drinking_water,Air_pollutant_pm2.5,AvgTemperature,AvgTempCelcius
Afghanistan,AFG,2008,4198329.64,3.724,43.31,,,
Afghanistan,AFG,2009,6760313.49,4.402,45.78,,,
Afghanistan,AFG,2010,8452224.14,4.758,48.29,49.8,,
Afghanistan,AFG,2011,12226017.38,3.832,50.83,50.3,,
Afghanistan,AFG,2012,10742056.72,3.783,53.4,54.67,,
Afghanistan,AFG,2013,10000414.29,3.572,56.01,54.89,,
Afghanistan,AFG,2014,9789185.57,3.131,58.66,59.05,,
Afghanistan,AFG,2015,10107428.68,3.983,61.34,54.89,,
Afghanistan,AFG,2016,12257907.69,4.22,64.05,55.14,,
Afghanistan,AFG,2017,13014739.66,2.662,66.81,,,
Albania,ALB,2009,4374816.0,5.485,90.93,,59.40109589041092,15.22283105022829
Albania,ALB,2010,4594656.0,5.269,91.38,20.09,60.56876712328763,15.87153729071535
Albania,ALB,2011,5235856.0,5.867,91.81,22.77,59.91863013698633,15.510350076103517
Albania,ALB,2012,4906096.0,5.51,92.23,20.82,59.88442622950815,15.491347905282307
Albania,ALB,2013,5059984.0,4.551,92.63,19.91,60.413150684931466,15.785083713850815
Albania,ALB,2014,5712176.0,4.814,93.02,19.8,60.21561643835616,15.675342465753422
Albania,ALB,2015,5947724.28,4.607,93.39,19.06,60.09016393442632,15.605646630236846
Albania,ALB,2016,6272857.94,4.511,93.75,18.07,58.98688524590167,14.992714025500927
Albania,ALB,2017,6379207.0,4.64,94.1,,60.38465753424662,15.769254185692567
Algeria,DZA,2011,119806887.5,5.317,92.51,29.67,64.96082191780816,18.311567732115645
Algeria,DZA,2012,128109951.1,5.605,92.75,30.21,64.29043715846997,17.93913175470554
Algeria,DZA,2017,150551376.6,5.249,93.83,,64.99589041095896,18.331050228310538
Angola,AGO,2011,30142144.46,5.589,51.17,37.19,,
Angola,AGO,2012,33185815.75,4.36,51.97,35.69,,
Angola,AGO,2013,32373114.67,3.937,52.76,39.63,,
Angola,AGO,2014,34457641.91,3.795,53.54,36.8,,
Argentina,ARG,2008,188041184.3,5.961,98.04,,62.46857923497266,16.9269884638737
Argentina,ARG,2009,178867384.3,6.424,98.24,,62.57095890410963,16.983866057838686
Argentina,ARG,2010,186686451.5,6.441,98.43,11.42,63.006301369863024,17.225722983257235
Argentina,ARG,2011,190247901.5,6.776,98.61,11.64,63.23534246575342,17.352968036529678
Argentina,ARG,2012,191044680.3,6.468,98.79,11.42,63.725136612021885,17.625075895567715
Argentina,ARG,2013,188428149.5,6.582,98.85,12.4,62.88054794520547,17.155859969558595
Argentina,ARG,2014,202671490.1,6.671,98.91,11.98,63.61369863013696,17.563165905631646
Argentina,ARG,2015,206367967.5,6.697,98.97,12.5,62.935792349726825,17.186551305403793
Argentina,ARG,2016,207064059.7,6.427,99.02,12.58,60.87267759562841,16.040376442015784
Argentina,ARG,2017,204323434.8,6.039,0.0,,64.13780821917805,17.854337899543363
Armenia,ARM,2008,5582114.0,4.652,97.58,,,
Armenia,ARM,2009,4362330.0,4.178,97.89,,,
Armenia,ARM,2010,4260176.0,4.368,98.2,28.3,,
Armenia,ARM,2011,4968876.0,4.26,98.51,35.02,,
Armenia,ARM,2012,5748252.0,4.32,98.83,36.63,,
Armenia,ARM,2013,5549428.33,4.277,99.15,34.03,,
Armenia,ARM,2014,5581436.67,4.453,99.44,32.12,,
Armenia,ARM,2015,5791730.01,4.348,99.55,32.76,,
Armenia,ARM,2016,5960812.77,4.325,99.56,33.84,,
Armenia,ARM,2017,5656391.74,4.288,99.94,,,
Australia,AUS,2008,405048537.2,7.254,99.84,,60.99207650273222,16.106709168184565
Australia,AUS,2010,406752772.7,7.45,99.88,7.44,62.71435616438361,17.06353120243534
Australia,AUS,2011,404246571.2,7.406,99.89,7.23,62.53884931506849,16.966027397260273
Australia,AUS,2012,407146057.1,7.196,99.9,7.6,62.255683060109334,16.80871281117185
Australia,AUS,2013,398163798.2,7.364,99.91,7.35,63.115726027397365,17.286514459665202
Australia,AUS,2014,393464239.2,7.289,99.96,7.22,63.03879452054795,17.243774733637753
Australia,AUS,2015,402995453.4,7.309,99.97,7.19,62.17803278688525,16.765573770491805
Australia,AUS,2016,413369923.0,7.25,99.97,7.14,61.810765027322404,16.561536126290225
Australia,AUS,2017,413092654.5,7.257,99.97,,63.36663013698631,17.425905631659063
Austria,AUT,2008,73806271.05,7.181,100.0,,52.17704918032788,11.209471766848822
Austria,AUT,2010,72383144.13,7.303,100.0,15.49,49.25068493150686,9.583713850837146
Austria,AUT,2011,70115670.43,7.471,100.0,15.86,51.27945205479456,10.71080669710809
Austria,AUT,2012,67661399.55,7.401,100.0,14.26,51.911475409836065,11.061930783242259
Austria,AUT,2013,68001230.43,7.499,100.0,13.98,51.42630136986303,10.792389649923908
Austria,AUT,2014,64253326.18,6.95,100.0,12.82,52.93561643835609,11.63089802130894
Austria,AUT,2015,66703987.93,7.076,100.0,13.41,52.63961748633882,11.466454159077124
Austria,AUT,2016,67402082.59,7.048,100.0,12.15,50.869672131147546,10.48315118397086
Austria,AUT,2017,69941755.62,7.294,100.0,,52.35150684931506,11.306392694063922
Azerbaijan,AZE,2008,35450600.0,4.817,83.43,,,
Azerbaijan,AZE,2009,31856630.0,4.574,84.7,,,
Azerbaijan,AZE,2010,30632888.0,4.219,85.97,17.49,,
Azerbaijan,AZE,2011,33396618.0,4.68,87.26,21.53,,
Azerbaijan,AZE,2012,35496946.0,4.911,88.55,22.17,,
Azerbaijan,AZE,2013,35579960.99,5.481,89.85,20.82,,
Azerbaijan,AZE,2014,37414423.24,5.252,91.16,19.65,,
Azerbaijan,AZE,2015,40241429.05,5.147,92.42,20.19,,
Azerbaijan,AZE,2016,39688284.55,5.304,93.18,20.99,,
Azerbaijan,AZE,2017,38209717.67,5.152,93.94,,,
Bahrain,BHR,2009,28097529.42,5.701,99.98,,80.91013698630132,27.17229832572296
Bahrain,BHR,2010,29074829.99,5.937,99.98,58.94,82.92684931506848,28.292694063926934
Bahrain,BHR,2011,28438830.2,4.824,99.99,58.96,80.92,27.17777777777778
Bangladesh,BGD,2008,48307613.72,5.052,96.09,,-19.79098360655736,-28.772768670309645
Bangladesh,BGD,2009,52292608.83,5.083,96.24,,38.05397260273975,3.3633181126331935
Bangladesh,BGD,2010,58281848.69,4.858,96.4,56.03,47.048181818181774,8.360101010100987
Bangladesh,BGD,2011,61597468.63,4.986,96.55,54.17,,
Bangladesh,BGD,2012,65602526.31,4.724,96.69,60.54,,
Bangladesh,BGD,2013,67706514.62,4.66,96.83,61.1,,
Bangladesh,BGD,2015,83500786.53,4.633,97.1,64.02,,
Bangladesh,BGD,2016,85253607.89,4.556,97.23,62.79,,
Bangladesh,BGD,2017,88057460.51,4.31,97.35,,,
Belarus,BLR,2009,61937832.26,5.564,97.8,,44.62219178082191,7.012328767123282
Belarus,BLR,2010,63862389.67,5.526,97.54,20.97,44.88657534246575,7.159208523592082
Belarus,BLR,2011,62772746.14,5.225,97.28,19.57,46.51178082191784,8.062100456621021
Belarus,BLR,2012,63674757.09,5.749,97.01,19.05,45.111748633879756,7.284304796599865
Belarus,BLR,2013,64423697.5,5.876,96.74,19.25,46.319999999999965,7.955555555555536
Belarus,BLR,2014,63779985.33,5.812,96.47,19.35,46.42109589041094,8.011719939117189
Belarus,BLR,2015,58965752.83,5.719,96.48,18.19,47.444808743169396,8.580449301760776
Belarus,BLR,2016,60509202.94,5.178,96.49,16.36,44.822950819672144,7.123861566484525
Belarus,BLR,2017,61371792.7,5.553,96.5,,32.97753424657535,0.5430745814307514
Belgium,BEL,2008,120659010.0,7.117,100.0,,51.06994535519125,10.594414086217363
Belgium,BEL,2010,113582031.4,6.854,100.0,16.43,48.835616438356155,9.353120243531198
Belgium,BEL,2011,104158641.9,7.111,100.0,16.28,52.475616438356184,11.375342465753436
Belgium,BEL,2012,101394975.2,6.935,100.0,14.73,50.75737704918034,10.420765027322412
Belgium,BEL,2013,101970442.0,7.104,100.0,14.12,49.85534246575341,9.919634703196339
Belgium,BEL,2014,96391041.25,6.855,100.0,12.82,52.709315068493176,11.505175038051766
Belgium,BEL,2015,100229489.8,6.904,100.0,13.66,51.101366120218614,10.61187006678812
Belgium,BEL,2016,100243709.2,6.949,100.0,12.68,49.9155737704918,9.95309653916211
Belgium,BEL,2017,100116011.9,6.928,100.0,,52.132328767123305,11.18462709284628
Belize,BLZ,2014,494640.0,5.956,96.54,19.84,79.84219178082193,26.578995433789967
Benin,BEN,2008,4254813.41,3.667,63.7,,73.81338797814216,23.229659987856756
Benin,BEN,2011,5121284.06,3.87,64.2,38.68,80.98000000000005,27.211111111111137
Benin,BEN,2012,5305521.07,3.193,64.35,36.05,81.21366120218576,27.3409228901032
Benin,BEN,2013,5652638.86,3.479,64.5,37.91,81.10904109589045,27.282800608828026
Benin,BEN,2014,6158234.25,3.347,64.65,34.95,79.64630136986298,26.470167427701657
Benin,BEN,2015,6350336.13,3.625,64.79,42.85,80.57431693989064,26.985731633272575
Benin,BEN,2016,6747918.55,4.007,64.92,42.17,80.19808743169395,26.776715239829972
Benin,BEN,2017,7502064.86,4.853,65.05,,82.15342465753416,27.86301369863009
Bhutan,BTN,2013,853144.38,5.569,94.7,37.19,,
Bhutan,BTN,2014,919603.68,4.939,95.43,39.92,,
Bhutan,BTN,2015,987956.94,5.082,96.22,37.24,,
Bolivia,BOL,2008,13040638.6,5.298,,,43.08306010928958,6.157255616271991
Bolivia,BOL,2009,13746585.64,6.086,,,44.73945205479452,7.077473363774733
Bolivia,BOL,2010,14941383.54,5.781,,,46.15369863013698,7.863165905631655
Bolivia,BOL,2011,15851237.6,5.779,,,45.04684931506849,7.248249619482496
Bolivia,BOL,2012,18485711.54,6.019,,,45.306557377049174,7.39253187613843
Bolivia,BOL,2013,18571625.04,5.767,,,45.21917808219179,7.343987823439883
Bolivia,BOL,2014,20029798.51,5.865,,,45.066301369863034,7.259056316590574
Bolivia,BOL,2015,20001925.37,5.834,,,45.327595628415295,7.404219793564053
Bolivia,BOL,2016,20562262.44,5.77,,,45.314754098360595,7.397085610200331
Bolivia,BOL,2017,20885176.38,5.651,,,46.22876712328765,7.904870624048697
Bosnia and Herzegovina,BIH,2009,20537094.07,4.963,96.74,,,
Bosnia and Herzegovina,BIH,2010,21145640.45,4.669,96.67,32.26,,
Bosnia and Herzegovina,BIH,2011,23761289.19,4.995,96.59,35.83,,
Bosnia and Herzegovina,BIH,2012,22136196.7,4.773,96.45,32.49,,
Bosnia and Herzegovina,BIH,2013,21801049.19,5.124,96.35,30.99,,
Bosnia and Herzegovina,BIH,2014,22117606.33,5.249,96.17,30.98,,
Bosnia and Herzegovina,BIH,2015,24764166.95,5.117,96.16,29.9,,
Bosnia and Herzegovina,BIH,2016,26001698.03,5.181,96.15,28.14,,
Bosnia and Herzegovina,BIH,2017,26646890.71,5.09,96.14,,,
Botswana,BWA,2008,4503056.0,5.451,80.32,,,
Botswana,BWA,2010,4653585.98,3.553,83.05,26.32,,
Botswana,BWA,2011,4138367.31,3.52,84.34,23.53,,
Botswana,BWA,2012,4185619.24,4.836,85.42,23.68,,
Botswana,BWA,2013,5184760.08,4.128,86.46,23.58,,
Botswana,BWA,2014,6986805.22,4.031,87.46,22.33,,
Botswana,BWA,2015,7102967.37,3.762,88.45,27.7,,
Botswana,BWA,2016,7098396.26,3.499,89.4,25.16,,
Botswana,BWA,2017,7874985.93,3.505,90.34,,,
Brazil,BRA,2008,380344928.0,6.691,95.96,,68.97204007285985,20.54002226269992
Brazil,BRA,2009,360090776.0,7.001,96.24,,71.00136986301361,21.667427701674228
Brazil,BRA,2010,411240192.0,6.837,96.52,14.37,72.39945205479457,22.444140030441428
Brazil,BRA,2011,430194902.3,7.038,96.79,14.74,71.14,21.744444444444447
Brazil,BRA,2013,493593511.3,7.14,97.31,13.27,72.0696803652969,22.26093353627606
Brazil,BRA,2014,519526349.7,6.981,97.56,13.11,72.35908675799081,22.421714865550452
Brazil,BRA,2015,512081882.0,6.547,97.8,11.77,71.77012750455366,22.094515280307586
Brazil,BRA,2016,473741376.0,6.375,97.96,11.62,70.38861566484522,21.32700870269179
Brazil,BRA,2017,476066778.3,6.333,98.45,,72.15726027397253,22.309589041095848
Bulgaria,BGR,2010,47792803.35,3.912,99.4,21.56,52.861095890410965,11.58949771689498
Bulgaria,BGR,2011,53116467.41,3.875,99.36,24.55,51.455616438356145,10.808675799086748
Bulgaria,BGR,2012,48269491.35,4.222,99.32,22.35,53.203551912568265,11.779751062537926
Bulgaria,BGR,2013,42586002.72,3.993,99.28,20.8,53.48493150684929,11.93607305936072
Bulgaria,BGR,2014,45142469.21,4.438,99.24,21.58,52.71917808219179,11.51065449010655
Bulgaria,BGR,2015,48132691.51,4.865,99.2,20.07,52.537431693989085,11.409684274438382
Bulgaria,BGR,2016,45287386.92,4.838,99.16,19.04,51.70765027322405,10.948694596235581
Bulgaria,BGR,2017,49071233.14,5.097,99.12,,52.65397260273972,11.47442922374429
Burkina Faso,BFA,2008,1862771.29,3.846,54.37,,,
Burkina Faso,BFA,2010,1893940.54,4.036,53.15,50.63,,
Burkina Faso,BFA,2011,2141238.46,4.785,52.54,51.66,,
Burkina Faso,BFA,2012,2550341.84,3.955,51.94,49.53,,
Burkina Faso,BFA,2013,2992411.8,3.326,51.33,45.24,,
Burkina Faso,BFA,2014,2802106.54,3.481,50.73,46.56,,
Burkina Faso,BFA,2015,2781255.94,4.419,50.14,58.5,,
Burkina Faso,BFA,2016,2969811.57,4.206,49.54,55.96,,
Burkina Faso,BFA,2017,3334981.27,4.647,48.95,,,
Burundi,BDI,2008,190528.0,3.563,55.33,,,
Burundi,BDI,2009,190528.0,3.792,55.92,,,
Burundi,BDI,2011,237564.4,3.706,57.13,34.46,,
Burundi,BDI,2014,431530.64,2.905,58.96,35.5,,
Cambodia,KHM,2008,3804986.41,4.462,62.99,,,
Cambodia,KHM,2009,4540697.38,4.111,63.88,,,
Cambodia,KHM,2010,4916927.86,4.141,64.73,28.56,,
Cambodia,KHM,2011,5094280.27,4.161,65.54,23.15,,
Cambodia,KHM,2012,5333521.58,3.899,66.32,25.83,,
Cambodia,KHM,2013,5475786.54,3.674,67.06,26.04,,
Cambodia,KHM,2014,6516419.01,3.883,67.77,23.95,,
Cambodia,KHM,2015,6976524.67,4.162,68.44,23.5,,
Cambodia,KHM,2016,7481962.36,4.461,69.08,25.05,,
Cambodia,KHM,2017,7938274.63,4.586,69.68,,,
Cameroon,CMR,2008,5426279.0,4.292,61.21,,,
Cameroon,CMR,2009,6594907.04,4.741,61.63,,,
Cameroon,CMR,2010,6662026.91,4.554,62.04,58.25,,
Cameroon,CMR,2011,5630572.59,4.434,62.44,57.0,,
Cameroon,CMR,2012,5975020.83,4.245,62.83,58.97,,
Cameroon,CMR,2013,6615013.1,4.271,63.22,57.72,,
Cameroon,CMR,2014,6853996.41,4.24,63.6,55.89,,
Cameroon,CMR,2015,7217410.36,5.038,63.97,68.42,,
Cameroon,CMR,2016,7586133.25,4.816,64.34,65.42,,
Cameroon,CMR,2017,7687196.41,5.074,64.7,,,
Canada,CAN,2008,574805870.6,7.486,99.24,,39.97524590163937,4.430692167577427
Canada,CAN,2009,540518686.7,7.488,99.24,,41.353671232876856,5.19648401826492
Canada,CAN,2010,555459693.7,7.65,99.24,8.21,44.39616368286457,6.886757601591427
Canada,CAN,2011,560775900.5,7.426,99.24,8.08,42.945783866057816,6.080991036698787
Canada,CAN,2012,563675200.3,7.415,99.23,8.13,43.80649863346486,6.559165907480479
Canada,CAN,2013,568892395.7,7.594,99.23,7.63,41.99391171993907,5.552173177743929
Canada,CAN,2014,568008388.0,7.304,99.23,7.56,35.433770014556,1.9076500080866687
Canada,CAN,2015,565576677.0,7.413,99.23,7.33,37.68031591737546,3.1557310652085886
Canada,CAN,2016,558188999.7,7.245,99.23,6.41,39.55519125683061,4.197328476017006
Canada,CAN,2017,572782585.8,7.415,99.23,,39.57671232876714,4.209284627092854
Central African Republic,CAF,2010,263808.0,3.568,47.61,39.94,68.13808219178084,20.076712328767133
Central African Republic,CAF,2011,278464.0,3.678,46.53,40.81,79.23917808219181,26.243987823439898
Central African Republic,CAF,2016,310857.95,2.693,41.28,43.27,77.34016393442619,25.188979963570105
Central African Republic,CAF,2017,310733.67,3.476,40.25,,79.36164383561645,26.31202435312025
Chad,TCD,2008,509296.0,4.632,42.09,,,
Chad,TCD,2009,490976.0,3.639,42.4,,,
Chad,TCD,2010,516624.0,3.743,42.72,55.79,,
Chad,TCD,2011,538608.0,4.393,43.05,55.78,,
Chad,TCD,2012,595686.03,4.033,43.38,58.46,,
Chad,TCD,2013,680574.12,3.508,43.71,57.1,,
Chad,TCD,2014,707132.74,3.46,44.05,51.62,,
Chad,TCD,2015,713455.87,4.323,44.4,66.33,,
Chad,TCD,2016,728968.24,4.029,44.75,64.27,,
Chad,TCD,2017,728707.55,4.559,45.1,,,
Chile,CHL,2008,70818677.29,5.789,97.85,,,
Chile,CHL,2009,65919858.48,6.494,98.09,,,
Chile,CHL,2010,71329785.86,6.636,98.33,21.92,,
Chile,CHL,2011,78083781.19,6.526,98.57,22.64,,
Chile,CHL,2012,79703889.85,6.599,98.8,21.88,,
Chile,CHL,2013,81675970.15,6.74,99.04,23.5,,
Chile,CHL,2014,80977071.12,6.844,99.27,22.83,,
Chile,CHL,2015,81161248.54,6.533,99.51,24.14,,
Chile,CHL,2016,86127998.65,6.579,99.74,23.92,,
Chile,CHL,2017,84603249.72,6.32,99.97,,,
Colombia,COL,2008,67226517.13,6.168,94.22,,51.011475409836066,10.561930783242259
Colombia,COL,2009,71851614.45,6.272,94.54,,56.0731506849315,13.373972602739721
Colombia,COL,2010,75300420.0,6.408,94.85,19.9,56.933698630137,13.852054794520557
Colombia,COL,2011,75743096.52,6.464,95.16,20.32,56.803561643835636,13.779756468797576
Colombia,COL,2012,79350288.0,6.375,95.46,19.46,56.354644808743174,13.530358227079542
Colombia,COL,2013,89000052.05,6.607,95.76,19.68,56.84027397260276,13.800152207001533
Colombia,COL,2014,83415538.22,6.449,96.05,19.25,56.435616438356135,13.575342465753408
Colombia,COL,2015,86022257.01,6.388,96.34,18.64,56.62103825136615,13.678354584092308
Colombia,COL,2016,86372986.18,6.234,96.62,18.45,56.11338797814213,13.396326654523405
Colombia,COL,2017,81226821.7,6.157,96.86,,57.110410958904076,13.950228310502265
Comoros,COM,2009,131904.0,3.476,84.22,,,
Comoros,COM,2010,161216.0,3.812,83.41,14.32,,
Comoros,COM,2011,135568.0,3.838,82.6,14.65,,
Comoros,COM,2012,142896.0,3.956,81.79,14.65,,
Costa Rica,CRI,2008,7910460.14,6.851,97.52,,70.25819672131146,21.254553734061925
Costa Rica,CRI,2009,7679255.64,7.615,97.84,,72.39068493150687,22.439269406392707
Costa Rica,CRI,2010,7428009.93,7.271,98.11,19.8,72.4408219178082,22.46712328767122
Costa Rica,CRI,2011,7584437.06,7.229,98.37,20.63,72.13479452054794,22.29710806697108
Costa Rica,CRI,2012,7606994.24,7.272,98.65,19.46,72.38060109289619,22.433667273831215
Costa Rica,CRI,2013,7431224.07,7.158,98.9,19.67,72.65041095890409,22.583561643835605
Costa Rica,CRI,2014,7587062.64,7.247,99.15,19.21,72.56109589041098,22.533942161339436
Costa Rica,CRI,2015,8172100.49,6.854,99.38,18.81,72.85191256830595,22.695506982392196
Costa Rica,CRI,2016,8565684.25,7.136,99.6,18.69,71.9158469945355,22.175470552519723
Costa Rica,CRI,2017,8695008.05,7.225,99.77,,72.8832876712329,22.712937595129393
Croatia,HRV,2009,21995506.09,5.433,0.0,,54.82438356164386,12.680213089802146
Croatia,HRV,2010,21245083.26,5.596,0.0,19.7,53.21671232876718,11.787062404870657
Croatia,HRV,2011,20801673.51,5.385,0.0,21.33,54.72739726027395,12.626331811263308
Croatia,HRV,2012,19242973.03,6.028,0.0,19.16,55.56366120218577,13.090922890103206
Croatia,HRV,2013,18588178.03,5.885,0.0,18.87,54.370136986301326,12.427853881278514
Croatia,HRV,2014,17850672.4,5.381,0.0,18.34,55.79561643835618,13.219786910197877
Croatia,HRV,2015,17996567.99,5.205,0.0,18.33,54.85956284153007,12.699757134183374
Croatia,HRV,2016,18221474.35,5.417,0.0,17.26,52.730601092896165,11.517000607164537
Croatia,HRV,2017,17181602.46,5.343,0.0,,55.572054794520554,13.095585996955863
Cyprus,CYP,2009,8382598.53,6.833,99.83,,18.527049180327854,-7.484972677595637
Cyprus,CYP,2010,8017876.96,6.387,99.83,18.07,-97.90058139534885,-72.1669896640827
Cyprus,CYP,2011,7700195.13,6.69,99.82,18.63,,
Cyprus,CYP,2012,7169926.64,6.181,99.81,17.64,,
Cyprus,CYP,2013,6494858.94,5.439,99.8,16.75,,
Cyprus,CYP,2014,6878543.05,5.627,99.8,16.11,,
Cyprus,CYP,2015,6902871.46,5.439,99.79,16.89,,
Cyprus,CYP,2016,7307799.07,5.795,99.78,14.72,,
Cyprus,CYP,2017,7514687.44,6.062,99.77,,,
Czech Republic,CZE,2010,117495552.1,6.25,,,45.986301369862986,7.770167427701659
Czech Republic,CZE,2011,115023302.1,6.331,,,48.665753424657524,9.258751902587514
Czech Republic,CZE,2012,110914080.3,6.334,,,48.32240437158474,9.068002428658188
Czech Republic,CZE,2013,106401191.6,6.698,,,46.99369863013692,8.329832572298288
Czech Republic,CZE,2014,104060306.6,6.484,,,49.51863013698624,9.732572298325689
Czech Republic,CZE,2015,104784558.0,6.608,,,49.546721311475416,9.74817850637523
Czech Republic,CZE,2016,106543295.2,6.736,,,47.43879781420764,8.577109896782023
Czech Republic,CZE,2017,107895755.7,6.79,,,48.76465753424658,9.31369863013699
Denmark,DNK,2008,51210598.01,7.971,100.0,,48.409289617486294,9.116272009714608
Denmark,DNK,2009,48823493.8,7.683,100.0,,47.11232876712333,8.395738203957405
Denmark,DNK,2010,49292274.56,7.771,100.0,12.24,44.386575342465754,6.881430745814308
Denmark,DNK,2011,44315542.97,7.788,100.0,12.96,47.742739726027395,8.745966514459663
Denmark,DNK,2012,39880858.08,7.52,100.0,11.08,46.79535519125686,8.219641772920479
Denmark,DNK,2013,41825053.93,7.589,100.0,10.74,46.90164383561643,8.278691019786908
Denmark,DNK,2014,37623532.41,7.508,100.0,10.66,49.47369863013699,9.707610350076104
Denmark,DNK,2015,35315117.86,7.514,100.0,10.6,47.56939890710384,8.649666059502133
Denmark,DNK,2016,37117342.56,7.558,100.0,9.85,46.4803278688525,8.044626593806944
Denmark,DNK,2017,34550121.09,7.594,100.0,,47.95479452054794,8.863774733637745
Djibouti,DJI,2008,498304.0,5.009,75.58,,,
Djibouti,DJI,2009,461664.0,4.906,75.6,,,
Djibouti,DJI,2011,472656.0,4.369,75.65,33.22,,
Dominican Republic,DOM,2008,20269016.28,4.842,93.8,,70.38360655737701,21.32422586520945
Dominican Republic,DOM,2009,19813658.54,5.432,94.18,,77.94821917808216,25.526788432267864
Dominican Republic,DOM,2010,20574429.09,4.735,94.54,15.86,80.13123287671242,26.739573820395787
Dominican Republic,DOM,2011,20780658.03,5.397,94.88,16.03,78.98164383561655,26.100913242009195
Dominican Republic,DOM,2012,21651295.88,4.753,95.21,16.02,68.78169398907102,20.43427443837279
Dominican Republic,DOM,2013,20957795.31,5.016,95.51,15.97,22.55561643835617,-5.246879756468794
Dominican Republic,DOM,2014,20991096.96,5.387,95.81,16.08,47.827671232876746,8.793150684931526
Dominican Republic,DOM,2015,21471109.36,5.062,96.1,16.25,74.73551912568307,23.741955069823927
Dominican Republic,DOM,2016,21782343.9,5.239,96.38,16.04,74.74071038251367,23.744839101396483
Dominican Republic,DOM,2017,21268776.28,5.605,96.46,,79.12876712328769,26.182648401826494
Ecuador,ECU,2008,33324993.46,5.297,88.1,,,
Ecuador,ECU,2009,35503217.19,6.022,88.81,,,
Ecuador,ECU,2010,35884097.21,5.838,89.53,19.56,,
Ecuador,ECU,2011,37973460.94,5.795,90.24,18.35,,
Ecuador,ECU,2012,37460526.2,5.961,90.95,20.07,,
Ecuador,ECU,2013,40252210.7,6.019,91.65,19.09,,
Ecuador,ECU,2014,43196974.03,5.946,92.36,19.62,,
Ecuador,ECU,2015,41874351.47,5.964,93.06,19.4,,
Ecuador,ECU,2016,39753913.22,6.115,93.77,19.55,,
Ecuador,ECU,2017,38797288.26,5.84,94.31,,,
Egypt,EGY,2009,202709705.6,5.066,98.62,,73.64739726027393,23.137442922374408
Egypt,EGY,2010,198807663.8,4.669,98.7,72.72,75.51150684931515,24.173059360730644
Egypt,EGY,2011,213271004.6,4.174,98.78,62.02,71.86027397260276,22.144596651445976
Egypt,EGY,2012,211992734.9,4.204,98.86,65.27,72.6803278688525,22.600182149362503
Egypt,EGY,2013,208450844.5,3.559,98.94,71.11,72.58520547945211,22.547336377473396
Egypt,EGY,2014,197101499.8,4.885,99.03,68.74,72.6860273972603,22.603348554033502
Egypt,EGY,2015,200422159.1,4.763,99.11,74.52,71.77978142076502,22.09987856709168
Egypt,EGY,2016,208911337.9,4.557,99.19,72.31,72.03142076502735,22.239678202792973
El Salvador,SLV,2008,6408648.63,5.191,87.13,,,
El Salvador,SLV,2009,6312649.33,6.839,88.41,,,
El Salvador,SLV,2010,6317045.02,6.74,89.66,31.27,,
El Salvador,SLV,2011,6500473.85,4.741,90.89,33.43,,
El Salvador,SLV,2012,6505744.53,5.934,92.1,30.91,,
El Salvador,SLV,2013,6093602.43,6.325,93.28,32.12,,
El Salvador,SLV,2014,6169455.1,5.857,94.43,29.65,,
El Salvador,SLV,2015,6537869.76,6.018,95.56,29.42,,
El Salvador,SLV,2016,6834307.15,6.14,96.58,29.14,,
El Salvador,SLV,2017,6992023.78,6.339,97.22,,,
Estonia,EST,2008,17872650.45,5.452,99.75,,,
Estonia,EST,2009,14609067.15,5.138,99.75,,,
Estonia,EST,2011,19097197.34,5.487,99.75,7.79,,
Estonia,EST,2012,17938059.04,5.364,99.75,7.54,,
Estonia,EST,2013,19695596.98,5.367,99.75,7.57,,
Estonia,EST,2014,18903840.17,5.556,99.75,8.16,,
Estonia,EST,2015,15891068.25,5.629,99.75,6.8,,
Estonia,EST,2016,17493503.19,5.65,99.54,6.41,,
Estonia,EST,2017,19809264.03,5.938,99.55,,,
Ethiopia,ETH,2013,10080186.66,4.445,38.95,29.57,60.764657534246574,15.980365296803653
Ethiopia,ETH,2014,10991069.31,4.507,40.52,29.19,53.857650273224024,12.143139040680014
Ethiopia,ETH,2015,12381426.48,4.573,42.07,32.37,50.28142076502729,10.156344869459607
Ethiopia,ETH,2016,12941892.17,4.298,43.61,31.85,60.44508196721313,15.802823315118404
Ethiopia,ETH,2017,13396240.84,4.18,45.13,,60.24109589041093,15.689497716894962
Finland,FIN,2008,58608815.58,7.671,100.0,,44.62295081967211,7.012750455373396
Finland,FIN,2010,63991753.14,7.393,100.0,7.28,40.110410958904076,4.50578386605782
Finland,FIN,2011,56544141.87,7.354,100.0,7.51,44.211780821917806,6.784322678843226
Finland,FIN,2012,51111890.38,7.42,100.0,6.66,41.507650273224066,5.282027929568925
Finland,FIN,2013,51901569.29,7.445,100.0,6.27,43.63972602739723,6.466514459665128
Finland,FIN,2014,47799653.47,7.385,100.0,6.27,43.711780821917806,6.506544901065448
Finland,FIN,2015,44346080.46,7.448,100.0,6.03,44.13387978142078,6.741044323011545
Finland,FIN,2016,47926378.65,7.66,100.0,5.75,41.353278688524625,5.196265938069237
Finland,FIN,2017,45956044.16,7.788,100.0,,42.81698630136985,6.0094368340943625
France,FRA,2008,406790823.0,7.008,99.96,,53.919672131147614,12.177595628415341
France,FRA,2009,386942089.4,6.283,99.97,,54.81438356164382,12.674657534246569
France,FRA,2010,397900468.6,6.798,99.98,14.9,53.39917808219173,11.888432267884296
France,FRA,2011,372792615.7,6.959,99.98,15.21,56.67671232876717,13.70928462709287
France,FRA,2012,374112621.7,6.649,99.99,13.68,54.80778688524594,12.670992714025521
France,FRA,2013,374258601.9,6.667,100.0,13.43,54.00904109589042,12.227245053272455
France,FRA,2014,343572632.5,6.467,100.0,11.84,55.05986301369855,12.811035007610307
France,FRA,2015,348163670.7,6.358,100.0,12.5,54.83333333333332,12.68518518518518
France,FRA,2016,350104687.1,6.475,100.0,11.45,53.53005464480875,11.961141469338195
France,FRA,2017,356300651.2,6.635,100.0,,55.612602739726,13.118112633181111
Gabon,GAB,2011,4941974.5,4.255,83.13,37.5,79.34520547945203,26.30289193302891
Gabon,GAB,2012,5077264.15,3.972,83.27,37.09,78.33251366120213,25.74028536733452
Gabon,GAB,2013,5257712.2,3.8,83.39,38.19,79.62493150684925,26.458295281582917
Gabon,GAB,2014,5169480.48,3.918,83.49,39.87,74.39315068493151,23.551750380517507
Gabon,GAB,2015,5287067.71,4.661,83.86,39.48,78.99672131147537,26.10928961748632
Gabon,GAB,2016,5476128.51,4.832,84.21,40.81,79.01010928961749,26.11672738312083
Gabon,GAB,2017,5526426.56,4.782,84.55,,80.36630136986297,26.87016742770165
Gambia,GMB,2017,622190.04,4.118,79.91,,68.56082191780816,20.31156773211564
Georgia,GEO,2008,5110379.99,4.156,94.85,,,
Georgia,GEO,2009,6134928.02,3.801,94.98,,,
Georgia,GEO,2010,6209072.14,4.102,95.11,18.61,,
Georgia,GEO,2011,7785419.38,4.203,95.24,22.82,,
Georgia,GEO,2012,8247406.29,4.254,95.36,23.7,,
Georgia,GEO,2013,7664332.55,4.349,95.48,22.22,,
Georgia,GEO,2014,8790807.62,4.288,95.61,20.78,,
Georgia,GEO,2015,9463617.64,4.122,95.75,21.44,,
Georgia,GEO,2016,9838878.96,4.448,96.45,22.15,,
Georgia,GEO,2017,10951724.17,4.451,96.97,,,
Germany,DEU,2009,789963521.6,6.641,100.0,,33.10328317373464,0.6129350965192436
Germany,DEU,2010,833684918.0,6.725,100.0,15.36,25.57866909753873,-3.5674060569229287
Germany,DEU,2011,810802325.3,6.621,100.0,15.03,26.744125874125878,-2.919930069930068
Germany,DEU,2012,815197408.6,6.702,100.0,13.38,48.57158469945353,9.206435944140852
Germany,DEU,2013,832642995.5,6.965,100.0,13.0,47.51753424657532,8.620852359208513
Germany,DEU,2014,793635843.4,6.984,100.0,12.15,49.70438356164386,9.8357686453577
Germany,DEU,2015,797078165.2,7.037,100.0,12.66,49.51178082191782,9.728767123287676
Germany,DEU,2016,801753007.7,6.874,100.0,11.51,47.48661202185793,8.603673345476627
Germany,DEU,2017,799373210.9,7.074,100.0,,48.79342465753423,9.329680365296795
Ghana,GHA,2008,8925880.6,4.965,72.37,,,
Ghana,GHA,2009,7497775.37,4.198,73.48,,,
Ghana,GHA,2010,9710739.42,4.606,74.58,44.42,,
Ghana,GHA,2011,9533531.44,5.608,75.69,49.16,,
Ghana,GHA,2012,11519780.08,5.057,76.81,46.58,,
Ghana,GHA,2013,14281120.0,4.965,77.92,48.12,,
Ghana,GHA,2014,14121986.3,3.86,79.04,43.15,,
Ghana,GHA,2015,14447514.56,3.986,80.16,54.5,,
Ghana,GHA,2016,15103734.35,4.514,81.28,54.5,,
Ghana,GHA,2017,16764833.13,5.481,82.4,,,
Greece,GRC,2009,104340534.0,6.039,99.9,,64.84465753424652,18.24703196347029
Greece,GRC,2010,97342975.8,5.84,99.92,17.17,67.12876712328763,19.515981735159794
Greece,GRC,2011,94531703.27,5.372,99.94,18.77,66.22191780821923,19.012176560121794
Greece,GRC,2012,91417801.13,5.096,99.97,16.92,-29.856284153005458,-34.364602307225255
Greece,GRC,2013,81722579.66,4.72,99.99,15.81,,
Greece,GRC,2014,78655816.3,4.756,100.0,15.23,,
Greece,GRC,2015,74962451.62,5.623,100.0,15.59,,
Greece,GRC,2016,71373081.31,5.303,100.0,14.04,,
Greece,GRC,2017,76000360.87,5.148,100.0,,,
Guatemala,GTM,2008,11167913.62,6.414,89.55,,63.0795081967213,17.266393442622945
Guatemala,GTM,2009,11687504.19,6.452,89.93,,65.33424657534246,18.51902587519026
Guatemala,GTM,2010,11361478.79,6.29,90.3,32.8,66.59068493150683,19.21704718417046
Guatemala,GTM,2011,11520531.1,5.743,90.67,34.82,66.50109589041092,19.167275494672737
Guatemala,GTM,2012,11646558.72,5.856,91.04,32.47,66.37103825136612,19.095021250758954
Guatemala,GTM,2013,13296742.42,5.985,91.41,33.81,66.83205479452054,19.351141552511415
Guatemala,GTM,2014,17925428.84,6.536,91.77,31.24,65.89315068493154,18.8295281582953
Guatemala,GTM,2015,19803255.93,6.465,92.13,30.78,65.6978142076502,18.721007893139
Guatemala,GTM,2016,20937056.45,6.359,92.49,30.47,65.66939890710377,18.70522161505765
Guatemala,GTM,2017,20878046.7,6.325,92.85,,66.8315068493151,19.350837138508393
Guinea,GIN,2011,2734716.04,4.045,63.01,50.3,47.75534246575343,8.752968036529683
Guinea,GIN,2012,2542788.39,3.652,63.19,46.78,38.73497267759564,3.741651487553135
Guinea,GIN,2013,2256422.0,3.902,63.36,45.92,78.4320547945206,25.79558599695589
Guinea,GIN,2014,2392136.38,3.412,63.49,45.22,77.74602739726033,25.41445966514463
Guinea,GIN,2015,2445285.46,3.505,63.62,55.62,63.526229508196714,17.514571948998174
Guinea,GIN,2016,2601718.74,3.603,63.72,53.32,69.25136612021856,20.695203400121425
Guinea,GIN,2017,2904678.09,4.874,63.8,,73.52493150684933,23.069406392694074
Haiti,HTI,2008,2365774.38,3.846,61.23,,-65.65640326975478,-54.253557372085986
Haiti,HTI,2010,2093430.75,3.766,62.2,17.17,81.02410958904105,27.23561643835614
Haiti,HTI,2011,2184293.98,4.845,62.68,17.42,83.20301369863007,28.446118721461154
Haiti,HTI,2012,2278891.01,4.413,63.16,17.31,55.91041095890414,13.283561643835633
Haiti,HTI,2013,2370498.87,4.622,63.63,17.19,54.645628415300585,12.580904675166993
Haiti,HTI,2014,2824565.02,3.889,64.1,17.42,-48.559178082191806,-44.75509893455101
Haiti,HTI,2015,2943579.08,3.57,64.57,17.78,73.80355191256832,23.224195506982404
Haiti,HTI,2016,2998443.06,3.352,65.02,17.56,79.61912568306012,26.45506982392229
Haiti,HTI,2017,2997931.37,3.824,65.47,,84.47780821917804,29.15433789954336
Honduras,HND,2008,8484700.67,5.42,89.64,,67.7478142076503,19.859896782027942
Honduras,HND,2009,7681003.92,6.033,90.17,,64.81780821917802,18.232115677321122
Honduras,HND,2010,7800705.96,5.866,90.7,27.94,69.90958904109588,21.060882800608827
Honduras,HND,2011,8773494.7,4.961,91.22,29.78,71.04328767123289,21.69071537290716
Honduras,HND,2012,8787120.66,4.602,91.74,27.51,71.0155737704918,21.675318761384332
Honduras,HND,2013,8871001.53,4.713,92.24,28.53,71.63123287671232,22.017351598173512
Honduras,HND,2014,9276185.17,5.056,92.75,26.01,71.54630136986297,21.970167427701654
Honduras,HND,2015,10055183.31,4.845,93.25,25.72,72.16393442622949,22.313296903460827
Honduras,HND,2016,10576201.5,5.648,93.75,25.47,70.88114754098362,21.60063752276868
Honduras,HND,2017,10669096.28,6.02,94.25,,71.36986301369873,21.87214611872152
Hungary,HUN,2009,51781050.5,4.895,99.97,,52.08410958904109,11.157838660578385
Hungary,HUN,2010,52120536.86,4.725,99.97,18.84,50.0997260273972,10.055403348554002
Hungary,HUN,2011,50358001.09,4.918,99.97,19.88,51.536164383561626,10.853424657534237
Hungary,HUN,2012,46808494.95,4.683,99.97,17.61,52.56174863387979,11.423193685488771
Hungary,HUN,2013,43767699.67,4.914,99.97,17.23,52.29726027397263,11.276255707762575
Hungary,HUN,2014,43915395.91,5.181,99.97,17.04,53.27315068493153,11.818417047184184
Hungary,HUN,2015,46665206.05,5.344,99.97,17.04,52.768306010928974,11.53794778384943
Hungary,HUN,2016,47578182.95,5.449,99.97,16.04,50.56229508196717,10.31238615664843
Hungary,HUN,2017,50344705.47,6.065,100.0,,52.22164383561643,11.234246575342464
Iceland,ISL,2008,3794949.86,6.888,100.0,,41.81912568306013,5.455069823922294
Iceland,ISL,2012,3488686.34,7.591,100.0,6.91,42.23306010928963,5.685033394049795
Iceland,ISL,2013,3481781.92,7.501,100.0,6.76,41.06246575342467,5.034703196347038
Iceland,ISL,2015,3536411.99,7.498,100.0,6.31,39.55000000000003,4.194444444444462
Iceland,ISL,2016,3489972.16,7.51,100.0,5.81,41.39125683060109,5.217364905889493
Iceland,ISL,2017,3480027.14,7.476,100.0,,41.94986301369864,5.527701674277022
India,IND,2008,1547991039.0,5.146,84.68,,79.19084699453552,26.2171372191864
India,IND,2009,1720120560.0,4.522,85.18,,80.75979452054787,27.088774733637706
India,IND,2010,1700027394.0,4.989,85.68,60.51,80.55897260273964,26.977207001522025
India,IND,2011,1817171600.0,4.635,86.18,58.26,79.6558904109588,26.47549467275489
India,IND,2012,1983758813.0,4.72,86.68,62.68,80.66755464480866,27.037530358227034
India,IND,2013,1997878578.0,4.428,87.17,65.93,80.07671232876717,26.709284627092874
India,IND,2014,2207533892.0,4.424,87.65,71.7,80.24726027397261,26.80403348554034
India,IND,2015,2276407195.0,4.342,88.14,67.22,80.45334699453545,26.918526108075252
India,IND,2016,2377447863.0,4.179,88.62,68.76,80.8341530054644,27.13008500303578
India,IND,2017,2466765373.0,4.046,89.09,,81.48239726027383,27.49022070015213
Indonesia,IDN,2008,417792048.0,4.815,82.7,,73.18797814207655,22.882210078931415
Indonesia,IDN,2009,447301088.0,5.472,83.58,,75.072602739726,23.92922374429222
Indonesia,IDN,2010,427789520.0,5.457,84.44,18.85,81.78410958904102,27.657838660578346
Indonesia,IDN,2011,601325416.0,5.173,85.27,15.1,83.06246575342472,28.3680365296804
Indonesia,IDN,2012,633145032.0,5.368,86.1,16.83,82.16912568306019,27.871736490588994
Indonesia,IDN,2013,486130031.7,5.292,86.92,16.61,82.18986301369856,27.883257229832534
Indonesia,IDN,2014,460015658.7,5.597,87.73,15.61,82.46821917808208,28.037899543378934
Indonesia,IDN,2015,459628755.9,5.043,88.53,16.68,81.86502732240442,27.702792956891344
Indonesia,IDN,2016,464856818.4,5.136,89.32,19.05,81.08715846994536,27.270643594414093
Indonesia,IDN,2017,486843756.2,5.098,90.1,,82.98575342465755,28.325418569254193
Iran,IRN,2008,534910104.2,5.129,,,,
Iran,IRN,2011,579040046.4,4.768,,,,
Iran,IRN,2013,608962881.9,5.14,,,,
Iran,IRN,2014,639111335.3,4.682,,,,
Iran,IRN,2015,630361828.9,4.75,,,,
Iran,IRN,2016,637562152.6,4.653,,,,
Iran,IRN,2017,672312342.6,4.717,,,,
Iraq,IRQ,2008,92167049.56,4.59,87.96,,,
Iraq,IRQ,2009,103489093.1,4.775,88.85,,,
Iraq,IRQ,2010,110985346.7,5.065,89.75,63.11,,
Iraq,IRQ,2011,132830074.4,4.725,90.66,60.05,,
Iraq,IRQ,2012,151092578.6,4.66,91.56,58.65,,
Iraq,IRQ,2014,166368047.3,4.542,93.36,49.35,,
Iraq,IRQ,2015,167711898.4,4.493,94.25,58.18,,
Iraq,IRQ,2016,184938733.5,4.413,95.14,55.42,,
Iraq,IRQ,2017,194454630.0,4.462,96.02,,,
Ireland,IRL,2008,47300105.44,7.568,97.29,,48.77322404371586,9.318457802064366
Ireland,IRL,2009,42108507.15,7.046,97.3,,48.91369863013695,9.396499238964973
Ireland,IRL,2010,41679517.5,7.257,97.31,10.1,47.27205479452054,8.484474885844746
Ireland,IRL,2011,38009303.68,7.007,97.33,10.46,50.11863013698632,10.065905631659067
Ireland,IRL,2012,38194753.69,6.965,97.34,9.44,49.004644808743144,9.447024893746192
Ireland,IRL,2013,37182847.4,6.76,97.35,9.35,49.204109589041146,9.557838660578415
Ireland,IRL,2014,36681624.84,7.018,97.36,8.47,49.83945205479451,9.910806697108063
Ireland,IRL,2015,38443649.01,6.83,97.37,8.64,48.41120218579234,9.117334547662413
Ireland,IRL,2016,39928118.06,7.041,97.38,8.01,48.16830601092896,8.982392228293866
Ireland,IRL,2017,39738353.97,7.06,97.39,,50.20904109589038,10.116133942161321
Israel,ISR,2008,67980275.98,7.261,100.0,,,
Israel,ISR,2009,63860946.43,7.353,100.0,,,
Israel,ISR,2010,68286901.35,7.359,100.0,22.99,,
Israel,ISR,2011,68594737.31,7.433,100.0,23.46,,
Israel,ISR,2012,74784472.67,7.111,100.0,21.94,,
Israel,ISR,2013,65997069.72,7.321,100.0,21.4,,
Israel,ISR,2014,63550652.02,7.401,100.0,20.04,,
Israel,ISR,2015,66095872.99,7.079,100.0,20.47,,
Israel,ISR,2016,65168217.5,7.159,100.0,18.52,,
Israel,ISR,2017,66553411.6,7.331,100.0,,,
Italy,ITA,2008,468062059.9,6.78,99.76,,56.93866120218583,13.854811778992127
Italy,ITA,2009,415932393.3,6.334,99.79,,57.67849315068491,14.265829528158283
Italy,ITA,2010,424873161.2,6.354,99.81,18.5,56.775342465753376,13.764079147640764
Italy,ITA,2011,413431505.5,6.057,99.84,19.64,58.281232876712345,14.600684931506859
Italy,ITA,2012,391990364.4,5.839,99.87,17.6,58.06352459016392,14.479735883424402
Italy,ITA,2013,363399902.1,6.009,99.89,16.89,57.697260273972695,14.276255707762608
Italy,ITA,2014,348476240.1,6.027,99.92,15.85,58.66726027397263,14.815144596651463
Italy,ITA,2015,355483213.9,5.848,99.92,16.53,57.797404371584726,14.33189131754707
Italy,ITA,2016,350323014.9,5.955,99.92,14.84,57.65341530054639,14.251897389192441
Italy,ITA,2017,355454172.2,6.199,99.92,,58.880958904109626,14.933866057838681
Jamaica,JAM,2011,7797605.24,5.374,90.87,14.55,,
Jamaica,JAM,2013,8038040.04,5.709,90.13,14.75,,
Jamaica,JAM,2014,7415325.84,5.311,90.27,14.78,,
Jamaica,JAM,2017,7772649.41,5.89,90.71,,,
Japan,JPN,2008,1229245450.0,5.911,98.65,,55.973679417122035,13.318710787290021
Japan,JPN,2009,1160203633.0,5.845,98.69,,56.47552511415524,13.597513952308466
Japan,JPN,2010,1211572868.0,6.057,98.73,11.57,57.44100456621,14.133891425672221
Japan,JPN,2011,1261398590.0,6.263,98.77,12.58,56.59652968036533,13.664738711314072
Japan,JPN,2013,1314069572.0,5.959,98.84,13.3,57.083287671232874,13.935159817351597
Japan,JPN,2014,1264173252.0,5.923,98.88,13.47,56.16913242009124,13.427295788939578
Japan,JPN,2015,1223666475.0,5.88,98.92,13.04,56.95455373406195,13.863640963367752
Japan,JPN,2016,1204318623.0,5.955,98.96,13.42,55.752003642987304,13.195557579437391
Japan,JPN,2017,1205061178.0,5.911,99.0,,56.643105022831094,13.69061390157283
Jordan,JOR,2009,21336259.41,6.0,99.01,,64.59397260273968,18.107762557077603
Kazakhstan,KAZ,2008,213380401.3,5.886,92.97,,49.211748633879765,9.562082574377648
Kazakhstan,KAZ,2009,209346692.6,5.383,93.32,,48.66547945205482,9.25859969558601
Kazakhstan,KAZ,2010,236962075.2,5.514,93.66,14.72,49.124657534246595,9.513698630136997
Kazakhstan,KAZ,2011,227079619.8,5.736,94.0,17.76,48.47972602739725,9.155403348554028
Kazakhstan,KAZ,2012,233860798.9,5.759,94.34,18.43,47.86994535519126,8.816636308439591
Kazakhstan,KAZ,2013,239836711.7,5.835,94.63,17.64,51.31808219178086,10.7322678843227
Kazakhstan,KAZ,2014,256856663.0,5.97,94.83,16.7,49.114246575342506,9.507914764079171
Kazakhstan,KAZ,2015,263483865.9,5.95,95.03,16.87,52.49016393442621,11.38342440801456
Kazakhstan,KAZ,2016,278361927.6,5.534,95.22,17.84,50.59398907103824,10.329993928354577
Kazakhstan,KAZ,2017,292588516.6,5.882,95.41,,52.13232876712327,11.184627092846261
Kenya,KEN,2008,9911711.8,4.015,53.22,,,
Kenya,KEN,2009,11964080.2,4.27,53.95,,,
Kenya,KEN,2010,11745964.63,4.256,54.66,25.27,-57.93306010928962,-49.96281117182757
Kenya,KEN,2011,12928061.15,4.405,55.38,25.71,0.9000000000000009,-17.27777777777778
Kenya,KEN,2012,11967156.15,4.547,56.09,26.8,67.12328767123283,19.51293759512935
Kenya,KEN,2013,12770474.04,3.795,56.79,25.99,51.21287671232875,10.673820395738195
Kenya,KEN,2014,13656407.92,4.905,57.5,27.07,42.251639344262315,5.6953551912568425
Kenya,KEN,2015,14548615.66,4.358,58.2,25.37,55.10081967213115,12.83378870673953
Kenya,KEN,2016,15234214.02,4.396,58.89,26.6,54.690958904109564,12.60608828006087
Kenya,KEN,2017,15818219.83,4.476,59.58,,60.38246575342463,15.768036529680352
Kuwait,KWT,2009,86954927.18,6.585,100.0,,79.91424657534249,26.61902587519027
Kuwait,KWT,2010,89272224.68,6.798,100.0,62.26,81.83232876712327,27.684627092846263
Kyrgyzstan,KGZ,2008,7548271.14,4.737,84.2,,53.404918032786846,11.891621129326026
Kyrgyzstan,KGZ,2009,6737377.45,5.069,84.8,,52.65561643835621,11.475342465753451
Kyrgyzstan,KGZ,2010,6312857.93,4.996,85.4,20.08,54.137260273972586,12.29847792998477
Kyrgyzstan,KGZ,2011,7553506.65,4.921,86.0,24.41,52.423287671232856,11.3462709284627
Kyrgyzstan,KGZ,2012,9999825.81,5.208,86.61,25.29,52.36994535519127,11.316636308439595
Kyrgyzstan,KGZ,2013,9658455.71,5.402,87.22,23.82,54.89643835616442,12.720243531202454
Kyrgyzstan,KGZ,2014,9413075.48,5.252,87.83,22.84,51.06301369863013,10.590563165905628
Kyrgyzstan,KGZ,2015,9929439.7,4.905,88.44,22.84,53.92595628415296,12.181086824529423
Kyrgyzstan,KGZ,2016,9859925.12,4.857,89.04,23.88,52.73196721311477,11.51775956284154
Kyrgyzstan,KGZ,2017,10433128.45,5.63,89.6,,53.82767123287671,12.12648401826484
Laos,LAO,2008,899105.7,5.044,,,78.01338797814199,25.562993321189996
Laos,LAO,2011,1466874.34,4.704,,,79.9073972602739,26.615220700152165
Laos,LAO,2017,1957972.64,4.623,,,80.4443835616438,26.913546423135447
Latvia,LVA,2008,8218723.54,5.145,98.16,,45.72732240437155,7.626290224650861
Latvia,LVA,2009,7480704.55,4.669,98.21,,44.24739726027398,6.804109589041099
Latvia,LVA,2011,7882679.59,4.967,98.32,14.78,45.48109589041091,7.4894977168949515
Latvia,LVA,2012,7583855.02,5.125,98.37,14.49,43.52923497267759,6.40513054037644
Latvia,LVA,2013,7423592.75,5.07,98.42,14.59,45.147397260274,7.3041095890411105
Latvia,LVA,2014,7238753.42,5.729,98.47,15.34,45.72219178082192,7.623439878234402
Latvia,LVA,2015,7333661.4,5.881,98.53,13.18,46.08606557377049,7.8255919854280505
Latvia,LVA,2016,7263617.94,5.94,98.58,12.33,44.59535519125679,6.997419550698218
Latvia,LVA,2017,7166818.32,5.978,98.63,,45.16054794520549,7.3114155251141595
Lebanon,LBN,2008,17426058.34,4.595,88.73,,69.52868852459011,20.849271402550063
Lebanon,LBN,2009,20970509.96,5.206,89.09,,70.27123287671228,21.26179604261793
Lebanon,LBN,2010,20015172.16,5.032,89.44,32.65,72.6569863013698,22.58721461187211
Lebanon,LBN,2011,20264128.0,5.188,89.8,29.97,70.00301369863013,21.11278538812785
Lebanon,LBN,2012,22368832.51,4.573,90.16,30.32,70.87076502732238,21.594869459623546
Lebanon,LBN,2013,22196360.0,4.983,90.51,31.82,70.90547945205483,21.614155251141575
Lebanon,LBN,2014,23703820.09,5.233,90.87,31.73,70.7506849315069,21.52815829528161
Lebanon,LBN,2015,21269185.74,5.172,91.22,32.27,70.04781420765026,21.137674559805703
Lebanon,LBN,2016,19757406.59,5.271,91.58,30.66,69.54535519125686,20.858530661809368
Lebanon,LBN,2017,19546801.4,5.154,91.94,,70.0112328767123,21.1173515981735
Lesotho,LSO,2011,2330304.0,4.898,69.36,23.52,,
Lesotho,LSO,2016,2461902.67,3.808,70.86,24.49,,
Lesotho,LSO,2017,2823815.6,3.795,71.18,,,
Liberia,LBR,2008,553388.67,4.221,68.3,,,
Liberia,LBR,2010,783136.57,4.196,69.55,39.17,,
Liberia,LBR,2014,901722.58,4.571,71.98,39.5,,
Liberia,LBR,2015,912882.78,2.702,72.57,54.3,,
Liberia,LBR,2016,969031.61,3.355,73.15,52.28,,
Liberia,LBR,2017,1077773.28,4.424,73.72,,,
Libya,LBY,2012,52408744.05,5.754,94.67,40.39,,
Libya,LBY,2017,53387412.07,5.647,99.02,,,
Lithuania,LTU,2008,15079845.47,5.554,93.34,,,
Lithuania,LTU,2009,12828004.95,5.467,93.8,,,
Lithuania,LTU,2010,13712631.72,5.066,94.25,14.27,,
Lithuania,LTU,2011,14066638.52,5.432,94.71,12.85,,
Lithuania,LTU,2012,14133749.57,5.771,95.19,12.6,,
Lithuania,LTU,2013,13106309.08,5.596,95.66,12.67,,
Lithuania,LTU,2014,12874668.05,6.126,96.13,13.08,,
Lithuania,LTU,2015,13141591.53,5.711,96.6,11.61,,
Lithuania,LTU,2016,13157457.12,5.866,97.07,10.71,,
Lithuania,LTU,2017,13393875.34,6.273,97.54,,,
Luxembourg,LUX,2009,10588452.58,6.958,100.0,,,
Luxembourg,LUX,2010,11154289.32,7.097,100.0,13.18,,
Luxembourg,LUX,2011,11050369.81,7.101,100.0,13.04,,
Luxembourg,LUX,2012,10788081.33,6.964,99.99,11.67,,
Luxembourg,LUX,2013,10233338.48,7.131,99.97,11.5,,
Luxembourg,LUX,2014,9757506.33,6.891,99.94,10.34,,
Luxembourg,LUX,2015,9259658.86,6.702,99.93,10.94,,
Luxembourg,LUX,2016,9002955.52,6.967,99.91,10.02,,
Luxembourg,LUX,2017,9294689.12,7.061,99.89,,,
Madagascar,MDG,2008,1868569.13,4.64,42.65,,64.73387978142074,18.18548876745597
Madagascar,MDG,2011,2314630.18,4.381,45.32,16.01,66.65999999999994,19.255555555555524
Madagascar,MDG,2012,2677597.21,3.551,46.21,15.28,54.404098360655574,12.44672131147532
Madagascar,MDG,2013,3089535.57,3.816,47.1,17.27,64.36465753424662,17.980365296803676
Madagascar,MDG,2014,3047203.13,3.676,48.0,16.36,65.8358904109589,18.797716894977164
Madagascar,MDG,2015,3047427.59,3.593,48.89,18.59,65.31584699453546,18.508803885853034
Madagascar,MDG,2016,3044347.02,3.663,49.79,17.5,63.85956284152999,17.69975713418333
Madagascar,MDG,2017,3182061.43,4.079,50.69,,66.2049315068493,19.002739726027393
Malawi,MWI,2009,918673.29,5.148,61.34,,,
Malawi,MWI,2011,1155954.26,3.946,62.96,26.75,51.22136986301373,10.678538812785405
Malawi,MWI,2012,1075923.09,4.279,63.76,28.55,45.104098360655726,7.280054644808737
Malawi,MWI,2013,1188484.55,4.035,64.56,25.87,60.234905660377336,15.686058700209632
Malawi,MWI,2014,1225360.93,4.563,65.36,26.19,,
Malawi,MWI,2015,1275217.4,3.868,66.15,27.49,,
Malawi,MWI,2016,1315537.13,3.476,66.94,25.62,,
Malawi,MWI,2017,1367456.58,3.417,67.73,,,
Malaysia,MYS,2008,201580315.1,5.807,96.99,,80.42622950819667,26.90346083788704
Malaysia,MYS,2009,196444095.1,5.385,97.0,,81.41534246575337,27.45296803652965
Malaysia,MYS,2010,215992304.0,5.58,97.02,17.13,83.42794520547947,28.57108066971082
Malaysia,MYS,2011,217679248.4,5.786,97.02,14.32,83.06739726027394,28.370776255707742
Malaysia,MYS,2012,215895218.2,5.914,97.03,16.38,82.97950819672128,28.32194899817849
Malaysia,MYS,2013,233828491.9,5.77,97.04,15.27,82.33534246575341,27.964079147640785
Malaysia,MYS,2014,240055096.5,5.963,97.04,14.47,81.93534246575337,27.74185692541854
Malaysia,MYS,2015,245097622.8,6.322,97.05,15.58,81.74617486338795,27.636763812993305
Mali,MLI,2008,1069888.0,4.115,62.75,,,
Mali,MLI,2009,806080.0,3.977,64.43,,,
Mali,MLI,2010,963632.0,3.762,66.1,60.95,,
Mali,MLI,2011,1044240.0,4.667,67.77,61.78,,
Mali,MLI,2012,992944.0,4.313,69.44,59.39,,
Mali,MLI,2013,1025920.0,3.676,71.1,54.02,,
Mali,MLI,2014,1410640.0,3.975,72.75,56.78,,
Mali,MLI,2015,1428549.23,4.582,74.4,67.22,,
Mali,MLI,2016,1529094.82,4.016,76.04,63.64,,
Mali,MLI,2017,1723818.28,4.742,77.68,,,
Malta,MLT,2014,2462996.02,6.452,100.0,14.01,,
Malta,MLT,2015,1757754.32,6.613,100.0,14.67,,
Malta,MLT,2016,1420277.18,6.591,100.0,13.14,,
Malta,MLT,2017,1444483.22,6.676,100.0,,,
Mauritania,MRT,2008,1773376.0,4.248,54.18,,75.77103825136605,24.31724347298114
Mauritania,MRT,2009,1960240.0,4.5,55.97,,76.70739726027398,24.837442922374432
Mauritania,MRT,2010,1960240.0,4.772,57.78,67.64,78.93315068493155,26.07397260273975
Mauritania,MRT,2011,2110464.0,4.785,59.6,70.4,77.21315068493152,25.118417047184177
Mauritania,MRT,2012,2330304.0,4.673,61.43,71.57,77.89508196721309,25.497267759562828
Mauritania,MRT,2013,2322976.0,4.199,63.27,68.62,78.57698630136989,25.876103500761047
Mauritania,MRT,2014,2322976.0,4.483,65.12,73.62,77.13972602739732,25.077625570776288
Mauritania,MRT,2015,2352468.08,3.923,66.97,79.37,77.83442622950817,25.46357012750454
Mauritania,MRT,2016,2518041.86,4.472,68.83,74.13,60.956830601092946,16.087128111718304
Mauritania,MRT,2017,2838703.34,4.678,70.7,,67.12164383561647,19.51202435312026
Mauritius,MUS,2011,3916816.0,5.477,99.78,9.75,,
Mauritius,MUS,2014,4224592.0,5.648,99.87,10.65,,
Mauritius,MUS,2016,4086631.93,5.61,99.87,10.52,,
Mauritius,MUS,2017,4279224.01,6.174,99.87,,,
Mexico,MEX,2008,495305014.2,6.829,94.91,,67.3465846994536,19.636991499696446
Mexico,MEX,2009,478389000.8,6.963,95.37,,69.57452054794517,20.87473363774732
Mexico,MEX,2010,466090651.8,6.802,95.82,24.36,34.87819343065692,1.5989963503649562
Mexico,MEX,2011,486503210.3,6.91,96.27,25.86,62.73908675799095,17.077270421106082
Mexico,MEX,2012,498658522.0,7.32,96.72,24.08,63.310564663023584,17.394758146124214
Mexico,MEX,2013,492559728.7,7.443,97.16,24.8,60.95748175182489,16.08748986212494
Mexico,MEX,2014,482527892.6,6.68,97.59,23.76,59.26459854014591,15.146999188969952
Mexico,MEX,2015,477273652.5,6.236,98.03,23.02,55.03561020036427,12.797561222424594
Mexico,MEX,2016,504979947.8,6.824,98.45,22.73,59.0361566484518,15.020087026917668
Mexico,MEX,2017,490294629.3,6.41,98.88,,64.33059360730594,17.961440892947746
Moldova,MDA,2008,5190380.0,5.503,,,,
Moldova,MDA,2009,4539511.9,5.554,,,,
Moldova,MDA,2010,4830905.3,5.59,,,,
Moldova,MDA,2011,4963294.4,5.792,,,,
Moldova,MDA,2012,4765681.5,5.996,,,,
Moldova,MDA,2013,4899358.4,5.756,,,,
Moldova,MDA,2014,4744160.2,5.917,,,,
Moldova,MDA,2015,4948742.28,6.017,,,,
Moldova,MDA,2016,5200356.21,5.578,,,,
Moldova,MDA,2017,5093588.86,5.326,,,,
Mongolia,MNG,2008,12016684.0,4.493,73.49,,31.381967213114788,-0.3433515482695625
Mongolia,MNG,2010,13819950.0,4.586,76.18,32.35,28.467397260273962,-1.9625570776255765
Mongolia,MNG,2011,21426490.0,5.031,77.22,39.37,27.858904109589027,-2.3006088280060966
Mongolia,MNG,2012,26189690.0,4.885,78.1,41.7,26.251092896174864,-3.1938372799028536
Mongolia,MNG,2013,38689342.0,4.913,79.0,40.14,28.99890410958905,-1.6672754946727508
Mongolia,MNG,2014,20799718.0,4.825,79.9,38.7,30.123013698630157,-1.0427701674276908
Mongolia,MNG,2015,20356364.1,4.983,80.81,39.58,31.153005464480895,-0.4705525197328362
Mongolia,MNG,2016,28680965.11,5.057,81.73,42.79,27.95846994535519,-2.245294474802672
Mongolia,MNG,2017,30390656.6,5.334,82.65,,31.123561643835593,-0.4869101978691148
Montenegro,MNE,2009,1824672.0,4.801,95.92,,,
Montenegro,MNE,2010,2579456.0,5.455,96.16,23.55,,
Montenegro,MNE,2011,2568464.0,5.223,96.41,26.33,,
Montenegro,MNE,2012,2333968.0,5.219,96.65,24.27,,
Montenegro,MNE,2013,2246032.0,5.074,96.9,22.72,,
Montenegro,MNE,2014,2209392.0,5.283,97.15,22.49,,
Montenegro,MNE,2015,2439182.66,5.125,97.39,21.78,,
Montenegro,MNE,2016,2573489.8,5.304,97.64,20.39,,
Montenegro,MNE,2017,2627814.65,5.615,97.88,,,
Morocco,MAR,2011,57697424.79,5.085,78.16,24.02,63.72383561643836,17.624353120243534
Morocco,MAR,2012,62483316.0,4.97,79.58,23.03,62.62868852459014,17.015938069216745
Morocco,MAR,2013,58830435.24,5.142,80.98,25.87,62.47287671232877,16.92937595129376
Morocco,MAR,2015,61043227.64,5.163,83.75,28.09,62.81666666666663,17.12037037037035
Morocco,MAR,2016,61285728.0,5.386,85.11,28.38,62.86092896174871,17.14496053430484
Morocco,MAR,2017,62725301.5,5.312,86.46,,64.20931506849317,17.89406392694065
Mozambique,MOZ,2008,2179921.2,4.654,35.4,,73.80655737704916,23.225865209471756
Mozambique,MOZ,2011,3107350.73,4.971,41.96,21.53,-23.073698630137006,-30.596499238965002
Mozambique,MOZ,2015,9018443.03,4.55,51.18,22.89,73.71393442622957,23.174408014571984
Mozambique,MOZ,2017,10274374.38,4.28,55.97,,73.00464480874317,22.78035822707954
Myanmar,MMR,2012,10950234.03,4.439,67.81,32.86,,
Myanmar,MMR,2013,12720020.02,4.176,69.71,35.46,,
Myanmar,MMR,2015,23440667.09,4.224,73.59,30.85,,
Myanmar,MMR,2016,24017625.66,4.623,75.57,33.15,,
Myanmar,MMR,2017,25333223.99,4.154,77.57,,,
Namibia,NAM,2014,3723410.13,4.574,82.14,22.7,63.000821917808196,17.222678843226777
Namibia,NAM,2017,4065256.38,4.441,83.26,,66.76794520547948,19.315525114155268
Nepal,NPL,2008,3384285.11,4.441,84.33,,62.634972677595634,17.01942926533091
Nepal,NPL,2009,4191054.81,4.917,84.85,,61.73671232876705,16.520395738203916
Nepal,NPL,2010,4894005.28,4.35,85.36,65.94,60.37890410958902,15.766057838660569
Nepal,NPL,2011,5276459.56,3.809,85.86,63.67,66.14575342465753,18.969863013698628
Nepal,NPL,2012,5521717.36,4.233,86.36,69.52,63.91693989071042,17.7316332726169
Nepal,NPL,2013,6284744.02,4.605,86.85,73.94,61.436438356164395,16.353576864535775
Nepal,NPL,2014,7662010.72,4.975,87.33,80.83,64.13123287671235,17.85068493150686
Nepal,NPL,2015,7585431.17,4.812,87.81,76.66,63.6770491803279,17.59836065573772
Nepal,NPL,2016,8525956.04,5.1,88.28,81.57,63.71366120218576,17.61870066788098
Nepal,NPL,2017,9028196.37,4.737,88.74,,65.55726027397262,18.642922374429233
Netherlands,NLD,2008,175519219.7,7.631,100.0,,,
Netherlands,NLD,2010,182179635.6,7.502,100.0,15.57,,
Netherlands,NLD,2011,169118699.9,7.564,100.0,15.54,,
Netherlands,NLD,2012,164948743.6,7.471,100.0,13.85,,
Netherlands,NLD,2013,164757276.7,7.407,100.0,13.14,,
Netherlands,NLD,2014,157347061.5,7.321,100.0,12.36,,
Netherlands,NLD,2015,165029876.6,7.324,100.0,12.99,,
Netherlands,NLD,2016,165522069.4,7.541,100.0,11.96,,
Netherlands,NLD,2017,164045945.5,7.459,100.0,,,
New Zealand,NZL,2008,37655730.94,7.381,100.0,,59.016120218579246,15.00895567698847
New Zealand,NZL,2010,35010698.68,7.224,100.0,6.91,59.813698630136926,15.452054794520516
New Zealand,NZL,2011,34328816.19,7.191,100.0,6.74,60.109041095890426,15.616133942161348
New Zealand,NZL,2012,35969262.78,7.25,100.0,6.87,56.52076502732239,13.62264723740133
New Zealand,NZL,2013,35214465.08,7.28,100.0,6.84,60.44109589041094,15.80060882800608
New Zealand,NZL,2014,35610403.94,7.306,100.0,6.69,59.23835616438355,15.132420091324198
New Zealand,NZL,2015,35837107.97,7.418,100.0,6.55,58.89071038251364,14.939283545840912
New Zealand,NZL,2016,34462931.16,7.226,100.0,6.65,59.13633879781421,15.075743776563451
New Zealand,NZL,2017,36013926.97,7.327,100.0,,60.52219178082192,15.845662100456623
Nicaragua,NIC,2008,4365255.31,5.104,80.94,,77.2352459016393,25.13069216757739
Nicaragua,NIC,2009,4437519.13,5.353,80.99,,81.4213698630137,27.456316590563166
Nicaragua,NIC,2010,4468989.51,5.687,81.05,24.06,79.43945205479454,26.355251141552525
Nicaragua,NIC,2011,4801650.53,5.386,81.11,25.05,80.69835616438363,27.05464231354646
Nicaragua,NIC,2012,4548839.73,5.448,81.17,23.62,80.73961748633879,27.077565270188217
Nicaragua,NIC,2013,4476012.01,5.772,81.23,23.97,81.91863013698625,27.732572298325696
Nicaragua,NIC,2014,4781178.07,6.275,81.29,22.57,81.55452054794524,27.530289193302917
Nicaragua,NIC,2015,5068578.87,5.924,81.35,22.17,80.62923497267761,27.01624165148756
Nicaragua,NIC,2016,5299830.09,6.013,81.42,22.16,81.20218579234968,27.33454766241649
Nicaragua,NIC,2017,5422865.05,6.476,81.44,,81.49041095890406,27.494672754946702
Niger,NER,2008,803056.41,4.236,42.36,,,
Niger,NER,2009,962301.24,4.267,42.9,,,
Niger,NER,2010,1169165.03,4.101,43.41,81.0,,
Niger,NER,2011,1317848.81,4.556,43.88,85.23,,
Niger,NER,2012,1856448.65,3.798,44.33,78.54,,
Niger,NER,2013,1935047.69,3.716,44.74,70.28,,
Niger,NER,2014,2122675.19,4.181,45.12,68.86,,
Niger,NER,2015,2089385.41,3.671,45.48,91.41,,
Niger,NER,2016,2234506.25,4.235,45.82,93.18,,
Niger,NER,2017,2485121.55,4.616,46.13,,,
Nigeria,NGA,2008,94933189.95,4.939,56.53,,46.77390710382514,8.207726168791744
Nigeria,NGA,2009,75540718.78,4.98,58.27,,81.05890410958898,27.254946727549434
Nigeria,NGA,2010,90315357.11,4.76,60.01,53.51,82.17164383561632,27.873135464231293
Nigeria,NGA,2012,96566816.42,5.493,63.51,54.09,80.23784153005472,26.798800850030403
Nigeria,NGA,2013,95874314.66,4.818,65.26,52.93,75.65082191780816,24.250456621004535
Nigeria,NGA,2015,103824542.8,4.933,68.78,64.39,66.22322404371589,19.012902246508826
Nigeria,NGA,2016,101571826.2,5.22,70.54,61.73,82.23907103825131,27.910595021250728
Nigeria,NGA,2017,107300894.4,5.322,72.3,,65.26109589041094,18.478386605783857
Norway,NOR,2008,44903022.1,7.632,100.0,,43.43239831697054,6.351332398316968
Norway,NOR,2012,44560819.66,7.678,100.0,7.94,40.830601092896174,4.9058894960534305
Norway,NOR,2014,43952663.34,7.444,100.0,7.46,43.8512328767123,6.584018264840168
Norway,NOR,2015,44663734.54,7.603,100.0,7.24,42.338251366120204,5.7434729811778915
Norway,NOR,2016,44031622.68,7.596,100.0,6.82,40.95491803278688,4.974954462659377
Norway,NOR,2017,44789859.44,7.579,100.0,,41.874520547945195,5.485844748858442
Pakistan,PAK,2008,155356244.9,4.414,88.42,,74.81707650273223,23.787264723740133
Pakistan,PAK,2009,155219048.8,5.208,88.57,,75.57602739726025,24.208904109589028
Pakistan,PAK,2010,157764740.5,5.786,88.72,52.87,76.61904109589027,24.788356164383483
Pakistan,PAK,2011,158341969.4,5.267,88.87,51.67,75.77917808219175,24.32176560121764
Pakistan,PAK,2012,159727596.4,5.132,89.02,54.37,75.67937158469948,24.26631754705527
Pakistan,PAK,2013,160595697.1,5.138,89.17,56.07,76.01465753424667,24.452587519025926
Pakistan,PAK,2014,162427628.3,5.436,89.31,60.68,74.94383561643842,23.8576864535769
Pakistan,PAK,2015,172089995.1,4.823,89.45,56.89,75.05068306010928,23.917046144505157
Pakistan,PAK,2016,187405419.1,5.549,89.6,58.76,75.51844262295084,24.176912568306026
Pakistan,PAK,2017,198809969.0,5.831,89.74,,76.25219178082183,24.584550989345463
Panama,PAN,2008,7181697.03,6.931,91.54,,76.54672131147547,24.74817850637526
Panama,PAN,2009,8419354.57,7.034,91.71,,80.72438356164385,27.069101978691027
Panama,PAN,2010,8999435.59,7.321,91.87,15.62,80.17260273972605,26.762557077625583
Panama,PAN,2011,9900845.13,7.248,92.03,16.29,80.13342465753426,26.740791476407924
Panama,PAN,2012,9851868.12,6.86,92.19,15.31,80.93251366120218,27.18472981177899
Panama,PAN,2013,10450032.68,6.866,92.34,15.6,79.86767123287666,26.59315068493148
Panama,PAN,2014,8551166.26,6.631,92.52,15.31,80.56630136986304,26.981278538812802
Panama,PAN,2015,9607797.41,6.606,92.9,15.03,79.94398907103825,26.635549483910136
Panama,PAN,2016,10195979.85,6.118,93.23,14.74,78.06092896174863,25.58940497874924
Panama,PAN,2017,10058951.14,6.568,93.56,,79.29260273972601,26.27366818873667
Paraguay,PRY,2008,4372845.07,5.57,87.54,,,
Paraguay,PRY,2009,4497153.51,5.576,88.91,,,
Paraguay,PRY,2010,5026004.75,5.841,90.28,14.94,,
Paraguay,PRY,2011,5247878.99,5.677,91.62,14.77,,
Paraguay,PRY,2012,5193484.05,5.82,92.95,14.31,,
Paraguay,PRY,2013,5327312.04,5.936,94.26,13.07,,
Paraguay,PRY,2014,5593512.72,5.119,95.56,13.15,,
Paraguay,PRY,2015,5698272.49,5.56,96.84,12.47,,
Paraguay,PRY,2016,5788550.81,5.801,98.1,11.94,,
Paraguay,PRY,2017,5850265.72,5.713,99.36,,,
Peru,PER,2008,40332196.61,5.129,86.1,,66.56803278688523,19.20446265938068
Peru,PER,2009,50844467.5,5.519,86.71,,67.28904109589038,19.605022831050213
Peru,PER,2010,56677887.51,5.613,87.32,29.82,66.65917808219174,19.25509893455097
Peru,PER,2011,48691282.41,5.892,87.92,28.41,66.97726027397253,19.431811263318075
Peru,PER,2012,53937593.35,5.825,88.52,30.01,68.47295081967206,20.26275045537337
Peru,PER,2013,55984066.6,5.783,89.11,29.42,66.15643835616444,18.975799086758023
Peru,PER,2014,60584001.31,5.866,89.7,30.6,67.07890410958902,19.48828006088279
Peru,PER,2015,62749512.57,5.577,90.28,29.93,69.61708074534167,20.898378191856484
Peru,PER,2016,66341186.44,5.701,90.86,30.46,,
Peru,PER,2017,64781476.74,5.711,91.44,,,
Philippines,PHL,2008,77299991.63,4.589,89.1,,80.46530054644809,26.92516697024894
Philippines,PHL,2009,75767071.76,4.88,89.5,,81.17041095890406,27.31689497716892
Philippines,PHL,2010,82932929.78,4.942,89.9,24.7,83.27972602739727,28.488736681887374
Philippines,PHL,2011,83534839.91,4.994,90.33,20.05,81.82931506849319,27.682952815829548
Philippines,PHL,2012,88927136.0,5.002,90.75,21.89,82.40983606557384,28.00546448087436
Philippines,PHL,2013,95722937.07,4.977,91.18,21.81,82.26301369863006,27.923896499238925
Philippines,PHL,2014,103025031.8,5.313,91.6,20.27,81.57479452054797,27.54155251141554
Philippines,PHL,2015,113823155.2,5.547,92.02,19.94,82.02021857923489,27.789010321797164
Philippines,PHL,2016,119273683.3,5.431,92.44,21.29,81.66202185792353,27.590012143290853
Philippines,PHL,2017,127607963.1,5.594,92.86,,83.10246575342462,28.39025875190257
Poland,POL,2009,314144580.2,5.772,98.09,,47.43780821917806,8.576560121765588
Poland,POL,2010,332130710.9,5.887,98.28,26.68,46.33561643835618,7.964231354642324
Poland,POL,2011,331694639.5,5.646,98.47,26.48,48.36821917808219,9.093455098934552
Poland,POL,2012,324216621.4,5.876,98.66,24.33,47.6601092896175,8.700060716454168
Poland,POL,2013,319911258.7,5.746,98.85,23.05,48.01205479452053,8.89558599695585
Poland,POL,2014,307555126.8,5.75,99.04,22.81,49.20547945205477,9.558599695585983
Poland,POL,2015,310615142.9,6.007,99.23,22.41,50.17622950819669,10.097905282331496
Poland,POL,2016,322233954.5,6.162,99.43,20.96,48.23852459016394,9.021402550091079
Poland,POL,2017,326604543.2,6.201,99.62,,49.20657534246575,9.559208523592082
Portugal,PRT,2008,59923525.13,5.717,99.37,,61.88306010928965,16.601700060716475
Portugal,PRT,2010,52881799.72,5.095,99.58,10.0,63.18027397260279,17.322374429223775
Portugal,PRT,2011,51701800.43,5.22,99.68,10.19,62.88849315068494,17.160273972602745
Portugal,PRT,2012,49877899.43,4.994,99.79,9.14,60.611748633879735,15.895415907710964
Portugal,PRT,2013,48081942.95,5.158,99.87,9.2,60.51232876712328,15.840182648401822
Portugal,PRT,2014,47955777.37,5.127,99.9,8.3,61.34054794520546,16.300304414003033
Portugal,PRT,2015,52195200.53,5.081,99.9,8.49,60.799180327868854,15.999544626593808
Portugal,PRT,2016,50274791.92,5.447,99.91,7.69,60.471311475409784,15.817395264116549
Portugal,PRT,2017,54863555.58,5.711,99.91,,62.83068493150683,17.128158295281573
Qatar,QAT,2009,68596891.43,6.418,100.0,,82.75452054794529,28.196955859969606
Romania,ROU,2009,87205422.53,5.368,100.0,,53.35589041095888,11.864383561643821
Romania,ROU,2010,83551258.13,4.909,100.0,16.54,52.78547945205481,11.547488584474895
Romania,ROU,2011,89343217.71,5.023,100.0,18.19,52.03041095890415,11.128006088280083
Romania,ROU,2012,86320925.39,5.167,100.0,16.25,53.758469945355216,12.088038858530677
Romania,ROU,2013,76829198.18,5.082,100.0,15.46,53.59835616438359,11.999086757990883
Romania,ROU,2014,77160487.22,5.727,100.0,15.64,52.81123287671232,11.561796042617955
Romania,ROU,2015,77788220.45,5.777,100.0,15.17,53.6918032786885,12.05100182149361
Romania,ROU,2016,75051657.47,5.969,100.0,14.76,52.033606557377006,11.129781420765005
Romania,ROU,2017,79995524.75,6.09,100.0,,53.39972602739727,11.888736681887373
Russia,RUS,2008,1679794450.0,5.619,,,43.39590163934426,6.331056466302367
Russia,RUS,2009,1572439009.0,5.158,,,42.130958904109576,5.628310502283099
Russia,RUS,2010,1657560679.0,5.385,,,43.459452054794546,6.366362252663637
Russia,RUS,2011,1712424769.0,5.389,,,43.42219178082191,6.345662100456618
Russia,RUS,2012,1726099500.0,5.621,,,41.6275956284153,5.3486642380085
Russia,RUS,2013,1665988574.0,5.537,,,43.32602739726026,6.292237442922368
Russia,RUS,2014,1667110707.0,6.037,,,43.31835616438356,6.287975646879755
Russia,RUS,2015,1671895079.0,5.996,,,43.86092896174861,6.589404978749229
Russia,RUS,2016,1668069933.0,5.855,,,41.583060109289605,5.323922282938669
Russia,RUS,2017,1692794839.0,5.579,,,42.47068493150683,5.817047184170462
Rwanda,RWA,2008,530568.72,4.363,51.69,,,
Rwanda,RWA,2009,564426.02,4.03,52.46,,,
Rwanda,RWA,2011,652109.05,4.097,53.99,36.36,,
Rwanda,RWA,2012,724525.71,3.333,54.76,38.92,,
Rwanda,RWA,2013,790384.82,3.466,55.54,38.58,,
Rwanda,RWA,2014,823572.22,3.596,56.33,38.08,,
Rwanda,RWA,2015,916888.9,3.483,57.12,38.38,,
Rwanda,RWA,2016,984176.39,3.333,57.92,39.7,,
Rwanda,RWA,2017,1024740.05,3.108,58.74,,,
Saudi Arabia,SAU,2008,432336409.8,6.811,98.43,,79.3631147540983,26.312841530054616
Saudi Arabia,SAU,2009,465844308.7,6.148,98.59,,80.53493150684932,26.963850837138512
Senegal,SEN,2008,4739033.55,4.683,69.66,,76.18032786885246,24.54462659380692
Senegal,SEN,2009,4203728.2,4.335,70.95,,75.17671232876705,23.987062404870585
Senegal,SEN,2010,7280072.95,4.372,72.23,54.74,77.87232876712325,25.48462709284625
Senegal,SEN,2011,7819427.33,3.834,73.51,55.76,76.56438356164385,24.757990867579917
Senegal,SEN,2012,7362867.01,3.669,74.79,56.92,76.36202185792351,24.645567698846396
Senegal,SEN,2013,7849940.62,3.647,76.06,56.0,76.58082191780818,24.76712328767121
Senegal,SEN,2014,8305812.93,4.395,77.33,60.24,75.57397260273967,24.207762557077597
Senegal,SEN,2015,8114907.2,4.617,78.6,66.17,75.64316939890706,24.246205221615035
Senegal,SEN,2016,8541600.23,4.595,79.87,59.78,74.88715846994529,23.826199149969607
Senegal,SEN,2017,9318459.91,4.683,81.13,,77.29178082191781,25.16210045662101
Serbia,SRB,2009,45926000.32,4.38,91.13,,,
Serbia,SRB,2010,45696360.0,4.461,91.5,28.35,,
Serbia,SRB,2011,48957080.0,4.815,91.87,31.98,,
Serbia,SRB,2012,43724476.0,5.155,92.25,28.67,,
Serbia,SRB,2013,44545828.0,5.102,92.63,26.88,,
Serbia,SRB,2014,37189122.0,5.113,93.01,27.5,,
Serbia,SRB,2015,41337481.68,5.318,93.39,26.22,,
Serbia,SRB,2016,43350996.18,5.753,93.77,24.85,,
Serbia,SRB,2017,45092772.9,5.122,94.15,,,
Sierra Leone,SLE,2008,534944.0,2.997,49.38,,48.33879781420764,9.077109896782021
Sierra Leone,SLE,2010,575248.0,4.134,51.82,44.1,26.315342465753425,-3.158143074581431
Sierra Leone,SLE,2011,743792.0,4.502,53.04,49.86,3.239726027397261,-15.977929984779301
Sierra Leone,SLE,2013,1033248.0,4.514,55.45,45.99,,
Sierra Leone,SLE,2014,1139504.0,4.5,56.65,43.69,,
Sierra Leone,SLE,2015,1153970.93,4.909,57.85,56.32,,
Sierra Leone,SLE,2016,1235190.88,4.733,59.04,54.28,,
Sierra Leone,SLE,2017,1392486.97,4.09,60.22,,,
Singapore,SGP,2008,36105056.0,6.642,100.0,,81.06803278688527,27.260018214936263
Singapore,SGP,2009,55886992.0,6.145,100.0,,81.88082191780819,27.711567732115665
Singapore,SGP,2010,55597536.0,6.531,100.0,12.84,82.67616438356166,28.153424657534256
Singapore,SGP,2011,45184448.0,6.561,100.0,13.35,81.75369863013697,27.64094368340943
Singapore,SGP,2013,55630512.0,6.533,100.0,14.31,81.92273972602752,27.73485540334862
Singapore,SGP,2014,56326672.0,7.062,100.0,14.16,81.86465753424655,27.70258751902586
Singapore,SGP,2015,60720563.87,6.62,100.0,17.04,81.98032786885247,27.76684881602915
Singapore,SGP,2016,62829145.54,6.033,100.0,17.24,81.30300546448089,27.390558591378273
Singapore,SGP,2017,64765076.29,6.378,100.0,,81.98821917808219,27.77123287671233
Slovakia,SVK,2010,38626518.73,6.052,98.62,21.24,50.053424657534194,10.029680365296775
Slovakia,SVK,2011,37932845.18,5.945,99.0,22.03,51.98986301369862,11.105479452054787
Slovakia,SVK,2012,36109053.13,5.911,99.38,19.78,52.88387978142072,11.60215543412262
Slovakia,SVK,2013,35633934.53,5.937,99.52,19.52,52.181095890410944,11.211719939117192
Slovakia,SVK,2014,33564670.97,6.139,99.79,19.04,53.53342465753425,11.963013698630139
Slovakia,SVK,2015,33897477.35,6.162,99.79,18.71,52.81775956284158,11.565421979356435
Slovakia,SVK,2016,33996772.37,5.993,99.79,17.82,50.702459016393426,10.39025500910746
Slovakia,SVK,2017,35386216.27,6.366,99.79,,52.71945205479454,11.510806697108077
Slovenia,SVN,2009,16310010.1,5.83,99.5,,,
Slovenia,SVN,2010,16352627.37,6.083,99.5,18.69,,
Slovenia,SVN,2011,16340572.4,6.036,99.5,20.25,,
Slovenia,SVN,2012,15800755.06,6.063,99.5,18.06,,
Slovenia,SVN,2013,15167076.94,5.975,99.5,18.05,,
Slovenia,SVN,2014,13512575.97,5.678,99.5,17.76,,
Slovenia,SVN,2015,13599142.03,5.741,99.5,17.33,,
Slovenia,SVN,2016,14399789.23,5.937,99.5,16.29,,
Slovenia,SVN,2017,14609601.22,6.167,99.5,,,
South Africa,ZAF,2008,494127156.0,5.346,88.68,,61.685519125683065,16.491955069823927
South Africa,ZAF,2009,501376938.0,5.218,89.16,,62.79917808219173,17.11065449010652
South Africa,ZAF,2010,472482580.0,4.652,89.64,24.5,62.76328767123285,17.09071537290714
South Africa,ZAF,2011,468927239.3,4.931,90.1,23.54,62.468767123287634,16.92709284627091
South Africa,ZAF,2012,467080646.4,5.134,90.56,22.91,62.616393442622886,17.009107468123826
South Africa,ZAF,2013,464619057.0,3.661,91.01,24.09,62.70191780821919,17.056621004566217
South Africa,ZAF,2014,488006183.8,4.828,91.45,24.1,62.853424657534205,17.14079147640789
South Africa,ZAF,2015,461116585.6,4.887,91.88,27.11,61.60546448087431,16.447480267152397
South Africa,ZAF,2016,468045403.7,4.77,92.3,25.15,61.592349726775936,16.4401942926533
South Africa,ZAF,2017,456325215.5,4.514,92.71,,62.64630136986301,17.02572298325723
South Korea,KOR,2008,505782554.4,5.39,,,53.10218579234973,11.723436551305406
South Korea,KOR,2009,506764540.7,5.648,,,53.32712328767123,11.848401826484016
South Korea,KOR,2010,565960924.7,6.116,,,53.08575342465748,11.714307458143047
South Korea,KOR,2011,588435086.6,6.947,,,52.625205479452084,11.458447488584492
South Korea,KOR,2013,591539733.6,5.959,,,53.1079452054794,11.726636225266336
South Korea,KOR,2014,586548009.4,5.801,,,54.16904109589037,12.316133942161319
South Korea,KOR,2015,590557520.6,5.78,,,54.34480874316938,12.413782635094101
South Korea,KOR,2016,595073678.8,5.971,,,53.777049180327936,12.098360655737743
South Korea,KOR,2017,616096686.8,5.874,,,54.13534246575351,12.297412480974172
Spain,ESP,2008,336490118.5,7.294,100.0,,58.03661202185793,14.464784456587738
Spain,ESP,2009,297248141.0,6.199,100.0,,59.79013698630138,15.438964992389655
Spain,ESP,2010,283877489.7,6.188,100.0,11.48,58.78000000000003,14.877777777777794
Spain,ESP,2011,284594749.3,6.518,100.0,12.11,60.99899543378992,16.11055301877218
Spain,ESP,2012,279271283.7,6.291,99.99,11.0,60.145081967212995,15.636156648451665
Spain,ESP,2013,252682710.7,6.15,99.96,10.7,59.63835616438356,15.354642313546423
Spain,ESP,2014,255195739.0,6.456,99.93,9.63,61.0381735159818,16.132318619989892
Spain,ESP,2015,271727199.5,6.381,99.93,10.08,60.197085610200425,15.665047561222458
Spain,ESP,2016,260985896.0,6.319,99.93,9.2,58.888979963570144,14.938322201983414
Spain,ESP,2017,281421987.1,6.23,99.93,,60.72456621004558,15.958092338914213
Sri Lanka,LKA,2008,11987816.3,4.431,85.32,,79.5385245901639,26.410291438979947
Sri Lanka,LKA,2009,12943484.25,4.212,86.0,,81.04630136986297,27.247945205479432
Sri Lanka,LKA,2010,13050301.14,3.977,86.68,24.76,81.56219178082188,27.534550989345487
Sri Lanka,LKA,2011,14886602.36,4.181,87.36,20.59,81.48438356164381,27.49132420091323
Sri Lanka,LKA,2012,15775749.77,4.225,88.04,21.63,80.53661202185788,26.96478445658771
Sri Lanka,LKA,2013,15253298.29,4.365,88.73,21.84,75.8391780821918,24.355098934551
Sri Lanka,LKA,2014,18158931.55,4.268,89.42,20.06,80.36191780821913,26.867732115677295
Sri Lanka,LKA,2015,20713437.7,4.612,90.11,19.33,80.61530054644804,27.008500303582245
Sri Lanka,LKA,2017,23138426.06,4.331,91.51,,81.67479452054798,27.5971080669711
Sudan,SDN,2009,15550016.0,4.455,50.46,,,
Sudan,SDN,2010,15927408.0,4.435,51.87,38.51,,
Sudan,SDN,2011,15645280.0,4.314,53.28,40.28,,
Suriname,SUR,2012,2244350.25,6.269,94.42,26.41,79.42404371584702,26.346690953248345
Swaziland,SWZ,2011,1047904.0,4.867,,,,
Sweden,SWE,2008,50723095.64,7.516,99.61,,46.46967213114755,8.038706739526415
Sweden,SWE,2009,47153238.82,7.266,99.64,,44.8241095890411,7.124505327245056
Sweden,SWE,2010,52927274.75,7.496,99.66,7.0,42.040547945205475,5.57808219178082
Sweden,SWE,2011,48969956.41,7.382,99.69,7.25,46.610958904109566,8.117199391171981
Sweden,SWE,2012,46403566.28,7.56,99.71,6.3,44.27431693989073,6.819064966605962
Sweden,SWE,2013,44768997.2,7.434,99.73,6.1,45.18109589041101,7.322831050228338
Sweden,SWE,2014,43225705.7,7.239,99.76,6.45,46.66164383561644,8.145357686453577
Sweden,SWE,2015,43385556.99,7.289,99.78,5.99,45.77704918032782,7.653916211293235
Sweden,SWE,2016,42568017.92,7.369,99.8,5.73,44.293169398907104,6.829538554948392
Sweden,SWE,2017,41501525.09,7.287,99.83,,45.47041095890408,7.483561643835602
Switzerland,CHE,2009,43528067.64,7.525,100.0,,50.758721461187164,10.42151192288176
Switzerland,CHE,2012,42250900.62,7.776,100.0,12.38,50.14380692167582,10.079892734264345
Switzerland,CHE,2014,39237750.66,7.493,100.0,10.97,51.125753424657525,10.625418569254181
Switzerland,CHE,2015,38738547.13,7.572,100.0,11.21,50.57777777777776,10.320987654320978
Switzerland,CHE,2016,39204913.87,7.459,100.0,10.11,48.750273224043724,9.305707346690959
Switzerland,CHE,2017,40074025.27,7.474,100.0,,50.77004566210045,10.427803145611362
Syria,SYR,2008,66877395.9,5.323,,,63.475956284152915,17.48664238008495
Syria,SYR,2009,61562217.17,4.979,,,63.218904109589054,17.343835616438366
Syria,SYR,2010,60716402.04,4.465,,,66.69726027397256,19.276255707762534
Syria,SYR,2011,56139349.21,4.038,,,62.442191780821915,16.912328767123288
Syria,SYR,2012,43790055.95,3.164,,,63.731693989071054,17.628718882817253
Syria,SYR,2013,35808975.93,2.688,,,64.05150684931503,17.80639269406391
Syria,SYR,2015,28925241.22,3.462,,,62.95054644808744,17.194748026715242
Tajikistan,TJK,2008,2885313.02,5.064,66.83,,59.66612021857923,15.370066788099573
Tajikistan,TJK,2009,2434691.13,4.575,68.15,,59.632328767123234,15.351293759512908
Tajikistan,TJK,2010,2517762.83,4.381,69.47,29.29,61.10493150684931,16.169406392694064
Tajikistan,TJK,2011,2320034.51,4.263,70.8,36.16,60.701095890410954,15.945053272450531
Tajikistan,TJK,2012,2906292.25,4.497,72.15,37.37,58.573224043715896,14.762902246508832
Tajikistan,TJK,2013,3437059.44,4.967,73.5,35.03,61.01013698630141,16.116742770167452
Tajikistan,TJK,2014,5060686.36,4.896,74.86,33.54,58.881095890410926,14.933942161339404
Tajikistan,TJK,2015,5460201.98,5.124,76.24,33.84,60.32786885245902,15.73770491803279
Tajikistan,TJK,2016,5579036.68,5.104,77.62,34.86,61.19781420765029,16.22100789313905
Tajikistan,TJK,2017,5711373.46,5.829,79.01,,61.80191780821921,16.556621004566228
Tanzania,TZA,2008,5937408.29,4.385,,,70.02814207650277,21.1267455980571
Tanzania,TZA,2009,5693926.63,3.408,,,76.10164383561644,24.500913242009137
Tanzania,TZA,2010,6840606.6,3.229,,,43.101369863013716,6.167427701674287
Tanzania,TZA,2011,7807018.47,4.074,,,76.9309589041096,24.961643835616446
Tanzania,TZA,2012,9238081.98,4.007,,,78.35000000000004,25.75000000000002
Tanzania,TZA,2013,10912008.98,3.852,,,78.63780821917807,25.909893455098928
Tanzania,TZA,2014,11241286.62,3.483,,,76.68579234972681,24.825440194292675
Tanzania,TZA,2015,12453503.48,3.661,,,77.39808743169398,25.221159684274436
Tanzania,TZA,2016,13604691.94,2.903,,,77.2904371584699,25.161353976927725
Tanzania,TZA,2017,14230527.46,3.347,,,79.81534246575342,26.56407914764079
Thailand,THA,2008,249591018.8,5.636,97.01,,79.70710382513666,26.503946569520366
Thailand,THA,2009,264750299.2,5.476,97.37,,82.70739726027395,28.17077625570775
Thailand,THA,2010,279428513.3,6.217,97.71,32.3,84.15232876712318,28.9735159817351
Thailand,THA,2011,275835966.0,6.664,98.04,26.66,81.58815789473684,27.548976608187132
Thailand,THA,2012,293664430.5,6.3,98.36,29.88,,
Thailand,THA,2013,296902994.6,6.231,98.67,30.93,,
Thailand,THA,2014,313186490.6,6.985,98.98,28.4,,
Thailand,THA,2015,320574008.8,6.202,99.26,26.79,,
Thailand,THA,2016,324834134.0,6.074,99.45,29.83,,
Thailand,THA,2017,330839584.0,5.939,99.77,,,
Togo,TGO,2008,1522778.0,2.808,55.19,,62.03169398907105,16.684274438372807
Togo,TGO,2011,2507584.0,2.936,58.82,41.47,77.64986301369859,25.36103500761033
Togo,TGO,2014,2219738.0,2.839,62.44,37.28,80.92986301369866,27.18325722983259
Togo,TGO,2015,2640302.26,3.768,63.64,46.16,80.70054644808744,27.055859137826356
Togo,TGO,2016,2752156.74,3.879,64.83,45.48,80.19344262295085,26.774134790528255
Togo,TGO,2017,2991143.87,4.361,66.01,,81.49095890410958,27.494977168949767
Trinidad and Tobago,TTO,2008,44252406.97,6.696,95.07,,,
Trinidad and Tobago,TTO,2011,46806957.59,6.519,96.14,22.32,,
Trinidad and Tobago,TTO,2013,46415529.97,6.168,97.37,23.0,,
Trinidad and Tobago,TTO,2017,40697187.01,6.192,98.88,,,
Tunisia,TUN,2010,27102531.27,5.131,92.22,31.72,67.15178082191777,19.52876712328765
Tunisia,TUN,2011,25524332.18,4.876,92.42,29.02,67.13698630136986,19.52054794520548
Tunisia,TUN,2012,26306406.51,4.464,93.03,27.33,67.28879781420764,19.6048876745598
Tunisia,TUN,2013,26865500.82,5.246,93.64,31.06,67.30219178082193,19.612328767123294
Tunisia,TUN,2014,27892036.95,4.764,94.24,31.24,67.81671232876712,19.898173515981735
Tunisia,TUN,2015,26404669.06,5.132,94.85,30.65,66.50846994535519,19.171372191863995
Tunisia,TUN,2016,26907690.22,4.521,95.44,33.27,65.85601092896175,18.808894960534307
Tunisia,TUN,2017,28134148.8,4.124,95.99,,67.02301369863012,19.457229832572292
Turkey,TUR,2008,310396695.7,5.118,95.05,,54.899590163934384,12.721994535519103
Turkey,TUR,2009,316771031.9,5.213,95.23,,55.76410958904114,13.202283105022856
Turkey,TUR,2010,319528399.8,5.49,95.41,38.76,57.958082191780846,14.421156773211582
Turkey,TUR,2011,344745495.1,5.272,95.59,34.43,54.2583561643836,12.365753424657555
Turkey,TUR,2012,354134764.7,5.309,95.76,36.29,56.305737704917966,13.503187613843314
Turkey,TUR,2013,346780965.1,4.888,95.93,36.07,56.593424657534264,13.663013698630147
Turkey,TUR,2014,357559960.9,5.58,96.09,37.76,57.35000000000001,14.08333333333334
Turkey,TUR,2015,380858096.4,5.514,96.26,38.59,55.80136612021849,13.222981177899161
Turkey,TUR,2016,402820783.8,5.326,96.41,37.21,55.2427595628415,12.912644201578612
Turkey,TUR,2017,447897175.8,5.607,96.57,,56.28794520547943,13.493302891933018
Uganda,UGA,2008,3052256.33,4.569,37.28,,66.57650273224047,19.20916818457804
Uganda,UGA,2009,3246679.36,4.612,38.73,,62.42273972602744,16.901522070015243
Uganda,UGA,2010,3765155.98,4.193,40.21,37.47,39.52767123287667,4.182039573820373
Uganda,UGA,2011,4067846.32,4.826,41.7,38.12,64.34821917808216,17.971232876712314
Uganda,UGA,2012,3860678.11,4.309,43.21,40.03,54.38497267759564,12.43609593199758
Uganda,UGA,2013,4645220.43,3.71,44.73,38.61,39.948493150684946,4.415829528158303
Uganda,UGA,2014,4987717.76,3.77,46.28,38.9,60.3953424657534,15.775190258751891
Uganda,UGA,2015,5324763.26,4.238,47.84,41.44,70.86475409836069,21.591530054644828
Uganda,UGA,2016,5571393.24,4.233,49.42,42.75,72.39043715846994,22.43913175470552
Uganda,UGA,2017,5782828.9,4.001,51.01,,72.87808219178083,22.710045662100466
Ukraine,UKR,2008,325732775.8,5.172,95.98,,48.80491803278686,9.336065573770478
Ukraine,UKR,2009,277169902.1,5.166,95.53,,48.45589041095891,9.142161339421616
Ukraine,UKR,2010,293518810.8,5.058,95.07,17.11,48.90136986301373,9.389649923896515
Ukraine,UKR,2011,307071163.9,5.083,94.62,16.69,48.416986301369846,9.12054794520547
Ukraine,UKR,2012,303705068.4,5.03,94.16,15.9,47.65846994535513,8.69914996964174
Ukraine,UKR,2013,296074061.2,4.711,94.03,16.1,48.518356164383576,9.176864535768654
Ukraine,UKR,2014,256583599.0,4.297,93.59,15.97,47.91616438356165,8.842313546423139
Ukraine,UKR,2015,223579698.1,3.965,93.66,15.22,49.5,9.722222222222223
Ukraine,UKR,2016,235156014.4,4.029,93.72,13.98,46.99125683060108,8.3284760170006
Ukraine,UKR,2017,212116257.7,4.311,93.79,,49.11342465753428,9.5074581430746
United Arab Emirates,ARE,2009,165185136.2,6.866,99.97,,82.73150684931508,28.184170471841714
United Arab Emirates,ARE,2010,158164662.1,7.097,99.97,43.38,84.53191780821925,29.18439878234403
United Kingdom,GBR,2008,544848238.5,6.986,,,50.11693989071036,10.064966605950202
United Kingdom,GBR,2009,494604731.5,6.907,,,50.43397260273972,10.241095890410957
United Kingdom,GBR,2010,512214253.3,7.029,,,49.586986301369926,9.770547945205514
United Kingdom,GBR,2011,469811462.2,6.869,,,52.34246575342467,11.301369863013706
United Kingdom,GBR,2012,487670753.9,6.881,,,49.94112021857915,9.967289010321752
United Kingdom,GBR,2013,477732571.4,6.918,,,50.991232876712346,10.55068493150686
United Kingdom,GBR,2014,438691177.0,6.758,,,52.72328767123287,11.51293759512937
United Kingdom,GBR,2015,422662553.9,6.515,,,51.06775956284159,10.593199757134215
United Kingdom,GBR,2016,398550884.1,6.824,,,50.3639344262295,10.202185792349722
United Kingdom,GBR,2017,384706788.6,7.103,,,52.611917808219154,11.451065449010642
United States,USA,2008,5932775281.0,7.28,,,,
United States,USA,2009,5495394958.0,7.158,,,,
United States,USA,2010,5701075808.0,7.164,,,,
United States,USA,2011,5570706560.0,7.115,,,,
United States,USA,2012,5366730281.0,7.026,,,,
United States,USA,2013,5519612557.0,7.249,,,,
United States,USA,2014,5568759258.0,7.151,,,,
United States,USA,2015,5420804127.0,6.864,,,,
United States,USA,2016,5310861406.0,6.804,,,,
United States,USA,2017,5269529513.0,6.992,,,,
Uruguay,URY,2008,8200664.45,5.664,98.04,,60.79234972677595,15.995749848208863
Uruguay,URY,2009,7947333.75,6.296,98.22,,61.041369863013664,16.134094368340925
Uruguay,URY,2010,6296711.38,6.062,98.39,9.07,61.92410958904108,16.624505327245046
Uruguay,URY,2011,7653810.49,6.554,98.56,9.3,61.28273972602744,16.26818873668191
Uruguay,URY,2012,8593082.95,6.45,98.71,9.17,62.82704918032787,17.126138433515482
Uruguay,URY,2013,7489843.7,6.444,98.85,9.86,61.623287671232816,16.457382039573787
Uruguay,URY,2014,6656106.94,6.561,98.99,9.64,62.43589041095891,16.908828006088285
Uruguay,URY,2015,6651105.74,6.628,99.13,9.89,61.91748633879785,16.620825743776585
Uruguay,URY,2016,6764424.63,6.171,99.27,9.95,60.37158469945354,15.761991499696414
Uruguay,URY,2017,6840339.75,6.336,99.4,,63.70794520547945,17.61552511415525
Uzbekistan,UZB,2011,113045364.0,5.739,96.47,29.14,60.4649315068493,15.8138508371385
Uzbekistan,UZB,2012,115121942.0,6.019,96.8,30.27,58.93825136612021,14.965695203400118
Uzbekistan,UZB,2013,102654856.6,5.94,97.13,28.48,61.28410958904114,16.26894977168952
Uzbekistan,UZB,2014,104480817.7,6.049,97.38,26.95,58.438630136986326,14.688127853881292
Uzbekistan,UZB,2015,110669325.1,5.972,97.53,27.05,60.44617486338802,15.803430479660014
Uzbekistan,UZB,2017,98998947.27,6.421,97.83,,60.7260273972603,15.958904109589058
Venezuela,VEN,2008,178212809.2,6.258,,,80.75136612021853,27.084092289010297
Venezuela,VEN,2009,178845105.8,7.189,,,82.32821917808208,27.960121765601155
Venezuela,VEN,2010,188179332.3,7.478,,,82.11205479452057,27.84003044140032
Venezuela,VEN,2011,175855839.3,6.58,,,77.98136986301365,25.545205479452033
Venezuela,VEN,2012,197729759.1,7.067,,,81.45327868852459,27.474043715846996
Venezuela,VEN,2013,182868919.2,6.553,,,80.91506849315064,27.17503805175036
Venezuela,VEN,2014,184236581.7,6.136,,,80.14794520547945,26.748858447488583
Venezuela,VEN,2015,176897278.5,5.569,,,79.98224043715857,26.65680024286587
Venezuela,VEN,2016,166096367.9,4.041,,,61.95765027322411,16.64313904068006
Venezuela,VEN,2017,159567635.4,5.071,,,70.88767123287674,21.604261796042636
Vietnam,VNM,2008,113240815.2,5.48,,,73.28005464480874,22.933363691560412
Vietnam,VNM,2009,122836528.3,5.304,,,75.8783561643835,24.376864535768615
Vietnam,VNM,2010,136113090.3,5.296,,,76.20794520547946,24.5599695585997
Vietnam,VNM,2011,145047830.5,5.767,,,73.58739726027397,23.104109589041098
Vietnam,VNM,2012,135375322.8,5.535,,,75.25628415300542,24.031268973891905
Vietnam,VNM,2013,140438875.8,5.023,,,73.87232876712328,23.262404870624046
Vietnam,VNM,2016,197801557.3,5.062,,,75.24426229508201,24.02459016393445
Yemen,YEM,2009,24247558.66,4.809,49.44,,,
Yemen,YEM,2010,23151863.57,4.35,50.53,36.68,,
Yemen,YEM,2011,19513013.74,3.746,51.61,41.96,,
Yemen,YEM,2012,18238251.18,4.061,52.67,44.61,,
Yemen,YEM,2013,24980412.88,4.218,53.72,44.0,,
Yemen,YEM,2014,22262570.05,3.968,54.76,38.67,,
Yemen,YEM,2015,20384597.54,2.983,55.78,46.11,,
Zambia,ZMB,2008,2105555.91,4.73,55.36,,62.68224043715847,17.045689131754706
Zambia,ZMB,2009,2406280.83,5.26,56.23,,65.98191780821918,18.878843226788433
Zambia,ZMB,2011,2792593.48,4.999,57.96,30.14,62.46876712328768,16.92709284627093
Zambia,ZMB,2012,3480661.95,5.013,58.81,30.65,68.36448087431695,20.20248937462053
Zambia,ZMB,2013,3756144.7,5.244,59.66,30.82,31.056164383561633,-0.5243531202435372
Zambia,ZMB,2014,4255726.27,4.346,60.5,29.34,56.945454545454545,13.85858585858586
Zambia,ZMB,2015,4401412.84,4.843,61.34,31.99,,
Zambia,ZMB,2016,4575144.24,4.348,62.17,30.79,,
Zambia,ZMB,2017,4746148.03,3.933,62.99,,,
Zimbabwe,ZWE,2008,7718874.78,3.174,68.59,,,
Zimbabwe,ZWE,2009,5519508.33,4.056,68.07,,,
Zimbabwe,ZWE,2010,7681010.98,4.682,67.54,24.66,,
Zimbabwe,ZWE,2011,9439850.98,4.846,67.02,24.58,,
Zimbabwe,ZWE,2012,7614600.24,4.955,66.49,25.22,,
Zimbabwe,ZWE,2013,11536239.29,4.69,65.97,24.64,,
Zimbabwe,ZWE,2014,11866348.41,4.184,65.45,24.51,,
Zimbabwe,ZWE,2015,10907603.94,3.703,64.95,26.42,,
Zimbabwe,ZWE,2016,9932649.88,3.735,64.47,25.18,,
Zimbabwe,ZWE,2017,10397718.47,3.638,64.0,,,
