Country,Year,Life Ladder,Temperature,Clean Water,Greenhouse Gas Emissions,Population,PM2.5,CO2 Emissions
Afghanistan,2010,4.758,14.629,48.28708,44910.0,29185511.0,52.49585,8397779.0
Afghanistan,2011,3.832,16.487,50.82785,58650.0,30117411.0,57.09972,12105788.0
Afghanistan,2012,3.783,14.373,53.40352,66750.0,31161378.0,55.46611,10218514.0
Afghanistan,2013,3.572,16.156,56.01404,74800.0,32269592.0,59.62277,8440766.0
Afghanistan,2014,3.131,15.647,58.65937,84620.0,33370804.0,62.72192,7774340.0
Afghanistan,2015,3.983,15.427,61.33978,93730.0,34413603.0,61.41157,7904133.0
Afghanistan,2016,4.22,15.79,64.05488,95370.0,35383028.0,57.96634,6744628.0
Afghanistan,2017,2.662,16.166,66.8087,97300.0,36296111.0,54.03117,6859825.0
Afghanistan,2018,2.694,15.942,69.60193,98920.0,37171922.0,53.43221,10452666.0
Afghanistan,2019,2.375,13.956,72.43422,,38041757.0,52.99812,10720332.0
Afghanistan,2021,2.523,,,,,,
Albania,2010,5.269,13.779,91.37948,9130.0,2913021.0,21.55726,4448096.0
Albania,2011,5.867,14.201,91.81089,9630.0,2905195.0,23.31385,5030672.0
Albania,2012,5.51,15.986,92.22878,9240.0,2900401.0,21.45644,4667936.0
Albania,2013,4.551,13.827,92.63159,9440.0,2895092.0,19.93915,4928080.0
Albania,2014,4.814,13.731,93.02006,9930.0,2889104.0,19.81741,5620576.0
Albania,2015,4.607,13.802,93.39433,9850.0,2880703.0,19.42523,4532368.0
Albania,2016,4.511,14.754,93.75488,9720.0,2876101.0,17.69079,4495728.0
Albania,2017,4.64,15.55,94.1021,10290.0,2873457.0,18.8694,5404400.0
Albania,2018,5.004,14.259,94.43639,10080.0,2866376.0,18.65998,5402999.0
Albania,2019,4.995,15.781,94.75822,,2854191.0,18.45981,5579015.0
Albania,2021,5.117,,,,,,
Argentina,2010,6.441,15.394,98.42726,334590.0,40788453.0,14.05373,186733136.0
Argentina,2011,6.776,14.905,98.61329,344800.0,41261490.0,14.52667,190273774.0
Argentina,2012,6.468,15.211,98.79495,348940.0,41733271.0,13.68543,191714848.0
Argentina,2013,6.582,16.265,98.85207,358180.0,42202935.0,15.06927,190151693.0
Argentina,2014,6.671,15.631,98.90932,356100.0,42669500.0,14.1147,188697406.0
Argentina,2015,6.697,16.866,98.96659,362560.0,43131966.0,14.93674,192365656.0
Argentina,2016,6.427,14.273,99.02386,366370.0,43590368.0,14.45197,190929640.0
Argentina,2017,6.039,15.934,99.62947,367320.0,44044811.0,13.95186,187415944.0
Argentina,2018,5.793,14.258,99.68312,365650.0,44494502.0,13.97303,185029897.0
Argentina,2019,6.086,16.619,99.73677,,44938712.0,13.84671,178939546.0
Argentina,2021,5.929,,,,,,
Armenia,2010,4.368,11.088,98.20048,7750.0,2877314.0,36.20056,4252750.0
Armenia,2011,4.26,9.183,98.51313,8380.0,2876536.0,40.79481,4968878.0
Armenia,2012,4.32,10.238,98.82807,9360.0,2884239.0,41.39294,5748252.0
Armenia,2013,4.277,9.049,99.14572,9300.0,2897593.0,39.19509,5535004.0
Armenia,2014,4.453,9.722,99.44056,9260.0,2912403.0,38.75478,5559906.0
Armenia,2015,4.348,11.219,99.55257,9260.0,2925559.0,38.11764,5072367.0
Armenia,2016,4.325,9.15,99.56094,9510.0,2936147.0,34.87167,5158751.0
Armenia,2017,4.288,9.795,99.93513,9280.0,2944789.0,35.55658,5484847.0
Armenia,2018,5.062,9.855,99.95192,9360.0,2951741.0,34.63884,6296603.0
Armenia,2019,5.488,11.905,99.96873,,2957728.0,34.24106,6005927.0
Armenia,2021,5.283,,,,,,
Australia,2010,7.45,22.088,99.88315,571220.0,22031750.0,6.78718,405502799.0
Australia,2011,7.406,21.167,99.89197,673130.0,22340024.0,6.71166,404172757.0
Australia,2012,7.196,21.212,99.90077,670930.0,22733465.0,7.00126,406506242.0
Australia,2013,7.364,22.482,99.90959,581890.0,23128129.0,6.96483,397943179.0
Australia,2014,7.289,22.13,99.96148,593500.0,23475686.0,6.87749,394116892.0
Australia,2015,7.309,23.099,99.97001,594580.0,23815995.0,6.84756,401554757.0
Australia,2016,7.25,22.988,99.96997,573390.0,24190907.0,6.82232,411031531.0
Australia,2017,7.257,22.175,99.96993,619790.0,24601860.0,6.67271,415097428.0
Australia,2018,7.177,22.015,99.96989,615380.0,24982688.0,6.7411,415953947.0
Australia,2019,7.234,21.936,99.96986,,25365745.0,6.7487,411015667.0
Australia,2021,7.183,,,,,,
Austria,2010,7.303,7.454,100.0,82720.0,8363404.0,15.87206,72011841.0
Austria,2011,7.471,7.58,100.0,80790.0,8391643.0,16.2518,69898241.0
Austria,2012,7.401,8.461,100.0,77570.0,8429991.0,14.62976,67209096.0
Austria,2013,7.499,6.843,100.0,78120.0,8479823.0,14.62208,67745690.0
Austria,2014,6.95,7.501,100.0,74350.0,8546356.0,12.9131,64084427.00000001
Austria,2015,7.076,8.004,100.0,75480.0,8642699.0,13.45269,66283237.0
Austria,2016,7.048,7.858,100.0,75660.0,8736668.0,12.39107,67112265.0
Austria,2017,7.294,9.69,100.0,77830.0,8797566.0,12.02271,69628860.0
Austria,2018,7.396,8.416,100.0,74980.0,8840521.0,12.3846,66719678.0
Austria,2019,7.195,11.264,100.0,,8879920.0,12.22494,68495143.0
Austria,2021,7.268,,,,,,
Azerbaijan,2010,4.219,15.05,85.97105,78990.0,9054332.0,25.84174,30632888.0
Azerbaijan,2011,4.68,12.79,87.25521,82310.0,9173082.0,27.72685,32975696.0
Azerbaijan,2012,4.911,13.895,88.54807,83480.0,9295784.0,29.59322,35048364.0
Azerbaijan,2013,5.481,12.628,89.84895,83030.0,9416801.0,29.04756,35214656.0
Azerbaijan,2014,5.252,13.51,91.15672,83210.0,9535079.0,28.2887,36975243.0
Azerbaijan,2015,5.147,15.089,92.42031,82030.0,9649341.0,26.8159,37198570.0
Azerbaijan,2016,5.304,12.876,93.18356,81890.0,9757812.0,25.05773,37278351.0
Azerbaijan,2017,5.152,12.63,93.9416,80520.0,9854033.0,25.80297,36497944.0
Azerbaijan,2018,5.168,13.109,94.69389,80260.0,9939771.0,25.88438,37488394.0
Azerbaijan,2019,5.173,15.55,95.41372,,10024283.0,26.26906,39820063.0
Azerbaijan,2021,5.171,,,,,,
Bangladesh,2010,4.858,25.767,96.39689,155970.0,147575433.0,56.48803,53991553.0
Bangladesh,2011,4.986,25.272,96.54633,161700.0,149273134.0,60.63896,56556344.0
Bangladesh,2012,4.724,25.82,96.69159,165250.0,151005733.0,69.00422,60691320.0
Bangladesh,2013,4.66,26.239,96.83255,168630.0,152761413.0,66.47897,61781600.0
Bangladesh,2014,4.636,25.848,96.96925,173510.0,154517385.0,73.37176,65978675.99999999
Bangladesh,2015,4.633,25.653,97.1016,182600.0,156256287.0,69.08059,72834625.0
Bangladesh,2016,4.556,26.201,97.22961,183500.0,157977151.0,67.90836,75857425.0
Bangladesh,2017,4.31,25.843,97.35325,192420.0,159685421.0,62.82447,80323841.0
Bangladesh,2018,4.499,25.939,97.47252,198970.0,161376713.0,63.39008,85718805.0
Bangladesh,2019,5.114,26.52,97.58742,,163046173.0,63.54533,102161676.0
Bangladesh,2021,5.025,,,,,,
Belarus,2010,5.526,7.959,97.53976,90310.0,9490583.0,22.46444,63156392.0
Belarus,2011,5.225,8.024,97.2753,87380.0,9473172.0,19.86036,62106745.0
Belarus,2012,5.749,5.504,97.00804,88970.0,9464495.0,19.1637,63008346.0
Belarus,2013,5.876,8.502,96.73803,89610.0,9465997.0,20.06079,63743445.0
Belarus,2014,5.812,4.985,96.46535,88890.0,9474511.0,20.48884,63083639.0
Belarus,2015,5.719,6.228,96.47707,84480.0,9489616.0,18.73342,58633060.0
Belarus,2016,5.178,7.601,96.48868,83590.0,9501534.0,16.90633,60284851.0
Belarus,2017,5.553,5.729,96.50017,85200.0,9498264.0,16.59014,60742935.0
Belarus,2018,5.234,6.897,96.51168,88140.0,9483499.0,16.66586,61871676.0
Belarus,2019,5.821,10.154,96.52321,,9417849.0,16.57188,62483877.0
Belarus,2021,5.534,,,,,,
Belgium,2010,6.854,10.812,100.0,124460.0,10895586.0,16.98231,114561030.0
Belgium,2011,7.111,10.496,100.0,112180.0,11038264.0,16.24259,105046058.0
Belgium,2012,6.935,9.346,100.0,111590.0,11106932.0,15.20068,102428755.0
Belgium,2013,7.104,9.483,100.0,112860.0,11159407.0,14.30519,102674404.0
Belgium,2014,6.855,10.227,100.0,106460.0,11209057.0,12.90808,96811323.0
Belgium,2015,6.904,10.151,100.0,111520.0,11274196.0,13.265,100981344.0
Belgium,2016,6.949,10.541,100.0,110360.0,11331422.0,12.43661,99806944.0
Belgium,2017,6.928,12.725,100.0,108250.0,11375158.0,12.89121,99456275.0
Belgium,2018,6.892,11.622,100.0,108750.0,11427054.0,12.8198,100207836.0
Belgium,2019,6.772,12.478,100.0,,11488980.0,12.7263,99708878.0
Belgium,2021,6.834,,,,,,
Bolivia,2010,5.781,22.318,87.26318,47730.0,10048597.0,31.86734,14640706.0
Bolivia,2011,5.779,22.853,87.93357,47800.0,10212951.0,28.84461,16038111.0
Bolivia,2012,6.019,21.587,88.59413,49130.0,10377677.0,28.67738,18119308.0
Bolivia,2013,5.767,22.001,89.23059,50910.0,10542375.0,26.97036,18425881.0
Bolivia,2014,5.865,22.222,89.85011,51870.0,10706517.0,28.54349,19618167.0
Bolivia,2015,5.834,22.5,90.46214,53400.0,10869732.0,29.54265,19420970.0
Bolivia,2016,5.77,20.386,91.06697,55780.0,11031822.0,28.39105,20693268.0
Bolivia,2017,5.651,21.792,91.66416,56300.0,11192853.0,27.93657,21810561.0
Bolivia,2018,5.916,20.106,92.25508,56870.0,11353140.0,27.71693,22345503.0
Bolivia,2019,5.674,22.586,92.82598,,11513102.0,27.48764,22574851.0
Bolivia,2021,5.716,,,,,,
Bosnia and Herzegovina,2010,4.669,11.12,96.66949,25960.0,3705478.0,35.46516,21145704.0
Bosnia and Herzegovina,2011,4.995,11.897,96.59487,29040.0,3661173.0,39.36054,23761289.0
Bosnia and Herzegovina,2012,4.773,13.516,96.45003,27260.0,3604972.0,35.51636,22136251.0
Bosnia and Herzegovina,2013,5.124,10.848,96.352,27050.0,3542598.0,33.93648,21801049.0
Bosnia and Herzegovina,2014,5.249,10.992,96.16813,24470.0,3482106.0,32.55819,19310982.0
Bosnia and Herzegovina,2015,5.117,11.413,96.15984,24640.0,3429362.0,33.85689,18460682.0
Bosnia and Herzegovina,2016,5.181,11.958,96.15126,27200.0,3386263.0,29.59341,21732885.0
Bosnia and Herzegovina,2017,5.09,13.292,96.14236,27460.0,3351534.0,30.77486,21791510.0
Bosnia and Herzegovina,2018,5.887,11.827,96.13318,27190.0,3323929.0,30.78127,22086102.0
Bosnia and Herzegovina,2019,6.016,13.849,96.1237,,3300998.0,30.28742,26621092.0
Bosnia and Herzegovina,2021,5.813,,,,,,
Botswana,2010,3.553,21.976,83.04817,22420.0,1987106.0,26.59719,4536329.0
Botswana,2011,3.52,22.021,84.33697,27490.0,2015406.0,27.00312,4028695.0
Botswana,2012,4.836,22.243,85.42283,16490.0,2039551.0,27.05872,5076599.0
Botswana,2013,4.128,23.374,86.45559,15950.0,2062551.0,26.10286,5662940.0
Botswana,2014,4.031,22.623,87.46342,14760.0,2088619.0,25.67235,6850050.0
Botswana,2015,3.762,22.575,88.44629,14400.0,2120716.0,26.59954,5424754.0
Botswana,2016,3.499,23.601,89.40444,13580.0,2159925.0,25.65127,6333426.0
Botswana,2017,3.505,23.652,90.33771,17460.0,2205076.0,25.39271,7058898.0
Botswana,2018,3.461,23.466,91.24446,16120.0,2254067.0,25.47543,6815418.0
Botswana,2019,3.471,23.107,92.08257,,2303703.0,25.32941,6316388.0
Botswana,2021,3.467,,,,,,
Brazil,2010,6.837,26.205,96.5188,986440.0,195713637.0,14.05672,411240192.0
Brazil,2011,7.038,25.842,96.78798,1004840.0,197514541.0,14.6726,429959368.0
Brazil,2012,6.66,26.18,97.05098,1042040.0,199287292.0,13.76786,460098000.0
Brazil,2013,7.14,26.372,97.30768,1070850.0,201035904.0,13.13758,495046768.0
Brazil,2014,6.981,26.257,97.55858,1105900.0,202763744.0,12.9879,523894030.00000006
Brazil,2015,6.547,26.345,97.80357,1082700.0,204471759.0,11.68776,495213709.0
Brazil,2016,6.375,25.845,97.95584,1051690.0,206163056.0,11.42007,478442801.0
Brazil,2017,6.333,26.4,98.45095,1064920.0,207833825.0,11.66885,484588129.0
Brazil,2018,6.191,25.731,98.67949,1032640.0,209469320.0,11.63402,466649304.0
Brazil,2019,6.451,26.83,98.93554,,211049519.0,11.66552,465715770.0
Brazil,2021,6.33,,,,,,
Bulgaria,2010,3.912,11.845,99.39938,57040.0,7395599.0,23.41734,47862930.0
Bulgaria,2011,3.875,11.689,99.35732,62840.0,7348328.0,26.33199,53178044.0
Bulgaria,2012,4.222,13.752,99.31598,57150.0,7305888.0,23.27254,48349009.0
Bulgaria,2013,3.993,12.071,99.27537,52060.0,7265115.0,21.80279,42649508.0
Bulgaria,2014,4.438,11.041,99.23548,54660.0,7223938.0,22.24359,45169330.0
Bulgaria,2015,4.865,11.27,99.19633,57310.0,7177991.0,20.86425,48194280.0
Bulgaria,2016,4.838,13.218,99.1579,54270.0,7127822.0,19.95143,45353723.0
Bulgaria,2017,5.097,13.058,99.12021,56450.0,7075947.0,20.22277,47505164.0
Bulgaria,2018,5.099,12.498,99.08322,53330.0,7025037.0,20.21311,43551599.0
Bulgaria,2019,5.108,13.65,99.04696,,6975761.0,19.92702,42006473.0
Bulgaria,2021,5.266,,,,,,
Burkina Faso,2010,4.036,29.134,53.15173,24810.0,15605211.0,53.99324,2036837.0
Burkina Faso,2011,4.785,29.317,52.54423,25250.0,16081915.0,51.2476,2130246.0
Burkina Faso,2012,3.955,28.796,51.93834,25970.0,16571252.0,54.19399,2619958.0
Burkina Faso,2013,3.326,29.435,51.33465,26990.0,17072791.0,47.35318,2864172.0
Burkina Faso,2014,3.481,29.61,50.73417,27490.0,17586029.0,48.42901,2912027.0
Burkina Faso,2015,4.419,30.09,50.13713,28240.0,18110616.0,60.27898,3297574.0
Burkina Faso,2016,4.206,29.101,49.54416,29650.0,18646350.0,56.26509,3381436.0
Burkina Faso,2017,4.647,28.763,48.95459,30560.0,19193236.0,53.54886,3938364.0
Burkina Faso,2018,4.927,29.343,48.36939,30850.0,19751466.0,53.66527,4140342.000000001
Burkina Faso,2019,4.741,29.742,47.78959,,20321383.0,53.68486,4301291.0
Burkina Faso,2021,4.834,,,,,,
Cambodia,2010,4.141,28.288,64.73036,29060.0,14312205.0,29.00238,5030512.0
Cambodia,2011,4.161,27.238,65.54445,30580.0,14541421.0,24.82077,5105272.0
Cambodia,2012,3.899,27.51,66.32258,30310.0,14780454.0,25.02527,5333522.0
Cambodia,2013,3.674,27.429,67.06476,30600.0,15026330.0,28.13717,5475787.0
Cambodia,2014,3.883,27.604,67.77183,31550.0,15274506.0,24.31387,6516419.0
Cambodia,2015,4.162,28.092,68.44385,33720.0,15521435.0,24.11826,8446276.0
Cambodia,2016,4.461,27.81,69.08113,35390.0,15766290.0,24.88946,9724038.0
Cambodia,2017,4.586,27.8,69.68377,37840.0,16009413.0,22.08535,11185974.0
Cambodia,2018,5.122,27.311,70.25363,37460.0,16249795.0,22.33921,15479031.0
Cambodia,2019,4.998,28.369,70.79083,,16486542.0,22.13588,16026972.0
Cambodia,2021,4.83,,,,,,
Cameroon,2010,4.554,25.202,62.03644,85500.0,20341236.0,60.63623,6662027.0
Cameroon,2011,4.434,25.394,62.43885,84750.0,20906392.0,60.06186,6521189.0
Cameroon,2012,4.245,24.795,62.83402,84450.0,21485267.0,62.5594,6158221.0
Cameroon,2013,4.271,25.476,63.22156,85650.0,22077300.0,57.96497,5069213.0
Cameroon,2014,4.24,25.689,63.60153,86320.0,22681853.0,57.77838,6850332.0
Cameroon,2015,5.038,25.702,63.97399,87300.0,23298376.0,71.14056,7743900.0
Cameroon,2016,4.816,25.439,64.33899,88300.0,23926549.0,66.83687,8259620.999999999
Cameroon,2017,5.074,25.536,64.69579,88320.0,24566070.0,63.75296,7530489.0
Cameroon,2018,5.251,25.369,65.04524,89050.0,25216261.0,65.45743,7566796.0
Cameroon,2019,4.937,25.543,65.38663,,25876387.0,66.15428,7592750.0
Cameroon,2021,5.142,,,,,,
Canada,2010,7.65,-4.101,99.23635,674200.0,34004889.0,7.90157,555549849.0
Canada,2011,7.426,-4.215,99.23589,689760.0,34339328.0,7.34895,566740991.0
Canada,2012,7.415,-2.879,99.23433,694210.0,34714222.0,7.61087,569737013.0
Canada,2013,7.594,-3.345,99.23269,705420.0,35082954.0,7.28206,576327006.0
Canada,2014,7.304,-3.605,99.23099,712310.0,35437435.0,7.498,575942179.0
Canada,2015,7.413,-3.51,99.22922,707930.0,35702908.0,7.2834,575906939.0
Canada,2016,7.245,-3.404,99.2274,695200.0,36109487.0,6.20744,564032530.0
Canada,2017,7.415,-3.941,99.22554,709370.0,36545295.0,7.27823,572834389.0
Canada,2018,7.175,-4.377,99.22363,724930.0,37065178.0,7.07298,586504635.0
Canada,2019,7.109,-4.182,99.22165,,37593384.0,7.09026,576650511.0
Canada,2021,7.103,,,,,,
Chad,2010,3.743,27.751,42.72318,55150.0,11952134.0,57.8041,996608.0
Chad,2011,4.393,27.4,43.0479,57650.0,12360986.0,58.92884,1117520.0
Chad,2012,4.033,27.313,43.37834,60510.0,12784748.0,60.05122,614006.0
Chad,2013,3.508,27.033,43.7138,62820.0,13220433.0,55.8678,654926.0
Chad,2014,3.46,27.672,44.05403,65410.0,13663562.0,53.48884,989261.0
Chad,2015,4.323,27.872,44.3991,70560.0,14110971.0,64.13971,696141.0
Chad,2016,4.029,27.299,44.7487,75220.0,14561658.0,59.85288,992925.0
Chad,2017,4.559,27.042,45.10251,77690.0,15016761.0,59.55246,996589.0
Chad,2018,4.486,26.966,45.46056,80680.0,15477727.0,59.32125,1008035.0
Chad,2019,4.251,27.162,45.82211,,15946882.0,59.42594,1030268.0
Chad,2021,4.355,,,,,,
Chile,2010,6.636,9.885,98.32901,93170.0,17062531.0,21.93499,71329755.0
Chile,2011,6.526,10.248,98.56782,99620.0,17233584.0,23.31394,78083804.0
Chile,2012,6.599,10.216,98.80491,101900.0,17400359.0,22.28727,79703781.0
Chile,2013,6.74,10.771,99.04039,104980.0,17571511.0,23.85567,81691568.0
Chile,2014,6.844,10.258,99.27425,98660.0,17758969.0,23.20259,77422779.0
Chile,2015,6.533,11.114,99.50649,104020.0,17969356.0,24.49502,81633171.0
Chile,2016,6.579,10.316,99.73719,108150.0,18209072.0,24.72874,84153728.0
Chile,2017,6.32,10.129,99.96545,109350.0,18470435.0,22.81016,84062128.0
Chile,2018,6.436,9.272,100.0,109590.0,18729166.0,23.63918,85829114.0
Chile,2019,5.942,10.552,100.0,,18952035.0,23.68317,84266622.0
Chile,2021,6.172,,,,,,
China,2010,4.653,7.862,88.56889,10203820.0,1337705000.0,53.24271,8500542695.0
China,2011,5.037,7.944,89.26849,11074550.0,1344130000.0,58.41283,9388199234.0
China,2012,5.095,7.79,89.93456,11399830.0,1350695000.0,58.91645,9633899303.0
China,2013,5.241,7.973,90.57191,11854530.0,1357380000.0,63.32051,9796526887.0
China,2014,5.196,7.581,91.18135,11865310.0,1364270000.0,60.31858,9820360215.0
China,2015,5.304,7.392,91.76264,11859290.0,1371220000.0,56.26218,9683200711.0
China,2016,5.325,7.957,92.316,11857180.0,1378665000.0,51.64413,9552516545.0
China,2017,5.099,7.552,92.84091,12058050.0,1386395000.0,49.98303,9750725978.0
China,2018,5.131,8.131,93.33588,12355240.0,1392730000.0,49.33254,9956568523.0
China,2019,5.144,7.742,93.81327,,1397715000.0,47.72902,10174681100.0
China,2021,5.339,,,,,,
Colombia,2010,6.408,25.887,94.85396,164350.0,45222699.0,25.65682,76278424.0
Colombia,2011,6.464,25.584,95.16091,166910.0,45662747.0,26.62611,76079775.0
Colombia,2012,6.375,25.786,95.46257,165340.0,46075721.0,23.98831,79727172.0
Colombia,2013,6.607,25.788,95.75885,172010.0,46495492.0,24.85015,89988822.0
Colombia,2014,6.449,25.702,96.04986,175230.0,46967706.0,24.42363,90952312.0
Colombia,2015,6.388,25.799,96.33587,176980.0,47520667.0,23.45619,86071133.0
Colombia,2016,6.234,25.162,96.61696,180940.0,48175048.0,23.25429,100800516.0
Colombia,2017,6.157,25.506,96.86224,177470.0,48909844.0,22.56593,91669828.0
Colombia,2018,5.984,25.53,97.13677,184100.0,49661056.0,22.63916,92228209.0
Colombia,2019,6.35,26.068,97.31683,,50339443.0,22.5254,102202444.0
Colombia,2021,6.012,,,,,,
Costa Rica,2010,7.271,26.431,98.11229,13560.0,4577371.0,18.15207,7493718.0
Costa Rica,2011,7.229,26.498,98.37054,14270.0,4633086.0,19.61187,7309366.0
Costa Rica,2012,7.272,26.784,98.64553,14230.0,4688003.0,18.90757,7258914.0
Costa Rica,2013,7.158,26.545,98.90448,14720.0,4742111.0,19.21802,7632744.0
Costa Rica,2014,7.247,27.054,99.14849,14770.0,4795390.0,18.30714,7748551.0
Costa Rica,2015,6.854,27.689,99.37869,14630.0,4847805.0,18.58168,7407129.0
Costa Rica,2016,7.136,26.557,99.59609,15540.0,4899336.0,17.92489,7923749.0
Costa Rica,2017,7.225,26.479,99.7712,15710.0,4949955.0,17.46191,8235193.000000001
Costa Rica,2018,7.141,26.691,99.78442,15810.0,4999443.0,17.54223,8249117.999999999
Costa Rica,2019,6.998,27.47,99.79753,,5047561.0,17.43615,8507521.0
Costa Rica,2021,7.069,,,,,,
Croatia,2010,5.596,11.929,100.0,26180.0,4295427.0,20.82379,21050860.0
Croatia,2011,5.385,12.662,100.0,25890.0,4280622.0,22.8211,20682439.0
Croatia,2012,6.028,13.798,100.0,23950.0,4267558.0,20.22689,19114779.0
Croatia,2013,5.885,11.582,100.0,22830.0,4255689.0,19.69789,18454622.0
Croatia,2014,5.381,11.966,100.0,22100.0,4238389.0,19.26618,17704985.0
Croatia,2015,5.205,12.531,100.0,22690.0,4203604.0,19.63877,17840751.0
Croatia,2016,5.417,12.585,100.0,22730.0,4174349.0,17.48408,18105044.0
Croatia,2017,5.343,14.187,100.0,23400.0,4124531.0,18.07654,18737689.0
Croatia,2018,5.536,12.92,100.0,22550.0,4087843.0,18.37508,17718646.0
Croatia,2019,5.626,15.014,100.0,,4065253.0,18.22689,17882170.0
Croatia,2021,5.882,,,,,,
Cyprus,2010,6.387,20.047,99.82715,9130.0,1112617.0,19.1292,8089010.999999999
Cyprus,2011,6.69,20.023,99.81943,8880.0,1124837.0,18.8249,7759468.0
Cyprus,2012,6.181,20.69,99.81171,8370.0,1135046.0,17.0835,7234892.0
Cyprus,2013,5.439,20.283,99.80399,7700.0,1143866.0,16.5619,6554364.0
Cyprus,2014,5.627,20.258,99.79627,8080.0,1152297.0,16.6648,6934592.0
Cyprus,2015,5.439,19.089,99.78852,8140.0,1160987.0,17.407,6960129.0
Cyprus,2016,5.795,21.445,99.78076,8540.0,1170189.0,14.6237,7368228.0
Cyprus,2017,6.062,20.374,99.77298,8680.0,1179685.0,15.3562,7515688.0
Cyprus,2018,6.276,20.766,99.76518,8600.0,1189262.0,15.8137,7332762.0
Cyprus,2019,6.137,20.876,99.76519,,1198574.0,15.7934,7315731.0
Cyprus,2021,6.223,,,,,,
Denmark,2010,7.771,-17.187,100.0,61800.0,5547683.0,13.35076,49152290.0
Denmark,2011,7.788,-17.462,100.0,56460.0,5570572.0,13.61736,44197135.0
Denmark,2012,7.52,-16.758,100.0,51390.0,5591572.0,10.86565,39823599.0
Denmark,2013,7.589,-17.821,100.0,52940.0,5614932.0,10.48783,41729536.0
Denmark,2014,7.508,-17.45,100.0,48690.0,5643475.0,11.0559,37527338.0
Denmark,2015,7.514,-18.37,100.0,46610.0,5683483.0,10.18456,35181488.0
Denmark,2016,7.558,-17.086,100.0,48330.0,5728010.0,9.30205,36988696.0
Denmark,2017,7.594,-18.451,100.0,46160.0,5764980.0,10.28813,34722160.0
Denmark,2018,7.649,-18.969,100.0,45870.0,5793636.0,9.87276,34651430.0
Denmark,2019,7.693,-16.3,100.0,,5814422.0,9.78493,32075494.0
Denmark,2021,7.62,,,,,,
Dominican Republic,2010,4.735,26.66,94.54421,33030.0,9695117.0,17.13981,20574429.0
Dominican Republic,2011,5.397,26.423,94.88455,33390.0,9813219.0,16.54403,21319267.0
Dominican Republic,2012,4.753,26.983,95.20509,34160.0,9930916.0,17.36776,21493744.0
Dominican Republic,2013,5.016,26.563,95.51406,33930.0,10048226.0,17.23382,21049677.0
Dominican Republic,2014,5.387,26.76,95.812,34170.0,10165182.0,17.82735,21645666.0
Dominican Republic,2015,5.062,27.155,96.09934,36520.0,10281675.0,18.62817,23487946.0
Dominican Republic,2016,5.239,26.51,96.3763,37790.0,10397738.0,18.17853,24629076.0
Dominican Republic,2017,5.605,26.573,96.4625,37010.0,10513111.0,18.15262,24255049.0
Dominican Republic,2018,5.433,26.469,96.54281,39060.0,10627147.0,18.15087,25305221.0
Dominican Republic,2019,6.004,26.992,96.61749,,10738957.0,18.14536,27378802.0
Dominican Republic,2021,5.545,,,,,,
Ecuador,2010,5.838,22.292,89.53053,61800.0,15011114.0,22.06176,34825406.0
Ecuador,2011,5.795,22.481,90.2407,62780.0,15243885.0,20.29435,37397988.0
Ecuador,2012,5.961,22.646,90.94651,63970.0,15474099.0,21.65051,37152750.0
Ecuador,2013,6.019,22.03,91.65233,66980.0,15707473.0,20.75471,39361859.0
Ecuador,2014,5.946,22.73,92.35797,67820.0,15951832.0,21.54693,43207759.0
Ecuador,2015,5.964,22.925,93.06378,66420.0,16212022.0,21.73624,40639846.0
Ecuador,2016,6.115,22.408,93.76941,65010.0,16491116.0,21.44482,39505077.0
Ecuador,2017,5.84,22.687,94.31314,64060.0,16785356.0,19.89895,39237605.0
Ecuador,2018,6.128,21.97,94.66226,65680.0,17084359.0,20.7159,41817989.0
Ecuador,2019,5.809,22.798,95.01122,,17373657.0,20.60601,40540282.0
Ecuador,2021,5.764,,,,,,
Egypt,2010,4.669,24.665,98.70242,276450.0,82761244.0,78.48821,198807706.0
Egypt,2011,4.174,23.257,98.78331,283190.0,84529251.0,69.73873,211037468.0
Egypt,2012,4.204,24.663,98.86392,293980.0,86422240.0,69.65333,210354927.0
Egypt,2013,3.559,23.732,98.9447,291230.0,88404652.0,74.71484,206867596.0
Egypt,2014,4.885,23.733,99.02563,297280.0,90424668.0,72.01255,221942269.0
Egypt,2015,4.763,22.958,99.10672,306350.0,92442549.0,73.10574,219304044.0
Egypt,2016,4.557,25.59,99.18797,315780.0,94447071.0,66.71446,233515638.0
Egypt,2017,3.929,24.263,99.26951,320370.0,96442590.0,66.95324,250240141.0
Egypt,2018,4.005,24.655,99.32633,329220.0,98423602.0,68.48883,251460913.0
Egypt,2019,4.328,25.021,99.38324,,100388076.0,67.91512,246642918.0
Egypt,2021,4.283,,,,,,
El Salvador,2010,6.74,25.677,89.6619,12620.0,6183877.0,24.31177,6317045.0
El Salvador,2011,4.741,26.056,90.89086,12550.0,6210567.0,28.71104,6500474.0
El Salvador,2012,5.934,25.978,92.09563,12700.0,6237922.0,25.46469,6469105.0
El Salvador,2013,6.325,26.009,93.2757,11940.0,6266076.0,26.96585,6093602.0
El Salvador,2014,5.857,26.067,94.43129,12260.0,6295124.0,24.48574,6147471.0
El Salvador,2015,6.018,26.803,95.56214,12700.0,6325121.0,25.61375,6715391.0
El Salvador,2016,6.14,26.134,96.57989,12720.0,6356137.0,23.54934,6638447.0
El Salvador,2017,6.339,25.697,97.21918,11940.0,6388124.0,23.15157,6015567.0
El Salvador,2018,6.241,26.034,97.58628,12350.0,6420740.0,22.77792,6018265.0
El Salvador,2019,6.455,27.123,97.7816,,6453550.0,22.34945,6207296.0
El Salvador,2021,6.061,,,,,,
Finland,2010,7.393,0.501,100.0,74120.0,5363352.0,7.35265,64099451.0
Finland,2011,7.354,3.618,100.0,66100.0,5388272.0,7.16954,56665652.0
Finland,2012,7.42,0.42,100.0,60380.0,5413971.0,6.48428,51222147.0
Finland,2013,7.445,4.323,100.0,61120.0,5438972.0,6.09858,51750959.0
Finland,2014,7.385,0.231,100.0,57000.0,5461512.0,6.49007,47643863.0
Finland,2015,7.448,0.157,100.0,53550.0,5479531.0,5.71918,44113714.0
Finland,2016,7.66,1.75,100.0,56260.0,5495303.0,5.67993,47227548.0
Finland,2017,7.788,-0.031,100.0,53320.0,5508214.0,5.3344,44673063.0
Finland,2018,7.858,0.876,100.0,54490.0,5515525.0,5.67502,45849349.0
Finland,2019,7.78,2.667,100.0,,5521606.0,5.63829,41652603.0
Finland,2021,7.842,,,,,,
France,2010,6.798,14.161,99.97524,470790.0,65027505.0,14.86064,389386269.0
France,2011,6.959,14.014,99.98218,453510.0,65342789.0,14.78044,362503895.0
France,2012,6.649,14.26,99.98897,456320.0,65659814.0,13.52899,363809078.0
France,2013,6.667,13.123,99.99559,457250.0,65998685.0,13.44807,365831220.0
France,2014,6.467,14.674,100.0,424130.0,66312067.0,11.50913,333922145.0
France,2015,6.358,14.91,100.0,430140.0,66548272.0,12.23154,338500674.0
France,2016,6.475,13.888,100.0,430020.0,66724104.0,11.43916,341025656.0
France,2017,6.635,16.041,100.0,432380.0,66918020.0,11.38728,345921253.0
France,2018,6.666,14.968,100.0,423350.0,67101930.0,11.49229,331725446.0
France,2019,6.69,15.425,100.0,,67248926.0,11.36678,323747139.0
France,2021,6.69,,,,,,
Georgia,2010,4.102,11.545,95.10987,12980.0,3786695.0,18.53592,6209092.0
Georgia,2011,4.203,9.17,95.23614,14380.0,3756441.0,20.58995,7803739.0
Georgia,2012,4.254,10.742,95.36103,15260.0,3728874.0,20.88921,8251070.0
Georgia,2013,4.349,9.65,95.48436,16040.0,3717668.0,20.25822,8008749.0
Georgia,2014,4.288,9.684,95.60631,16630.0,3719414.0,19.99326,8787144.0
Georgia,2015,4.122,10.733,95.75473,16970.0,3725276.0,19.02116,9588737.0
Georgia,2016,4.448,9.733,96.44758,17390.0,3727505.0,18.19874,9905193.0
Georgia,2017,4.451,9.213,96.96675,17190.0,3728004.0,18.50095,9831913.0
Georgia,2018,4.659,10.758,97.09508,16900.0,3726549.0,18.2412,9862173.0
Georgia,2019,4.892,12.433,97.2222,,3720161.0,18.24743,10286677.0
Georgia,2021,4.891,,,,,,
Germany,2010,6.725,8.96,100.0,881300.0,81776930.0,16.25385,832669735.0
Germany,2011,6.621,9.396,100.0,852550.0,80274983.0,15.74135,809426950.0
Germany,2012,6.702,8.307,100.0,866670.0,80425823.0,13.95161,813893121.0
Germany,2013,6.965,8.383,100.0,883920.0,80645605.0,13.71588,831316279.0
Germany,2014,6.984,8.824,100.0,843660.0,80982500.0,12.37438,792684874.0
Germany,2015,7.037,8.509,100.0,847460.0,81686611.0,12.85765,795816359.0
Germany,2016,6.874,9.893,100.0,850170.0,82348669.0,11.89868,800510288.0
Germany,2017,7.074,10.477,100.0,832650.0,82657002.0,12.00724,786654551.0
Germany,2018,7.118,10.539,100.0,806090.0,82905782.0,12.04758,755362342.0
Germany,2019,7.035,12.349,100.0,,83092962.0,11.92769,701955108.0
Germany,2021,7.155,,,,,,
Ghana,2010,4.606,27.94,74.58462,29080.0,24779614.0,50.69795,9710739.0
Ghana,2011,5.608,27.886,75.69454,32400.0,25387713.0,54.17981,11226271.0
Ghana,2012,5.057,27.33,76.80702,35340.0,25996454.0,55.11622,14316380.0
Ghana,2013,4.965,27.731,77.92168,38240.0,26607641.0,48.30836,14179784.0
Ghana,2014,3.86,27.914,79.03863,38820.0,27224480.0,47.44691,14754491.0
Ghana,2015,3.986,28.063,80.15796,41450.0,27849203.0,61.11503,16114715.0
Ghana,2016,4.514,27.736,81.27978,41280.0,28481947.0,60.31063,16546987.999999998
Ghana,2017,5.481,27.659,82.40395,42920.0,29121464.0,56.46406,13816963.0
Ghana,2018,5.004,27.473,83.53056,44500.0,29767108.0,54.71702,14479998.0
Ghana,2019,4.967,27.815,84.65946,,30417858.0,54.4758,14959912.0
Ghana,2021,5.088,,,,,,
Greece,2010,5.84,15.817,99.92007,108190.0,11121341.0,19.15183,97361504.0
Greece,2011,5.372,15.649,99.94348,105760.0,11104899.0,19.81029,94549577.0
Greece,2012,5.096,17.44,99.96635,100600.0,11045011.0,17.43828,91430100.0
Greece,2013,4.72,15.827,99.98868,92970.0,10965211.0,16.76962,81735054.0
Greece,2014,4.756,15.618,100.0,89910.0,10892413.0,15.79873,78659796.0
Greece,2015,5.623,14.915,100.0,88180.0,10820883.0,16.15492,74957905.0
Greece,2016,5.303,16.931,100.0,86900.0,10775971.0,14.53957,71368361.0
Greece,2017,5.148,16.678,100.0,86510.0,10754679.0,14.51079,74852846.0
Greece,2018,5.409,16.056,100.0,84750.0,10732882.0,14.58649,71797869.0
Greece,2019,5.952,17.234,100.0,,10721582.0,14.3205,67183971.0
Greece,2021,5.723,,,,,,
Guatemala,2010,6.29,23.993,90.30205,26450.0,14259687.0,28.97928,11097671.0
Guatemala,2011,5.743,23.883,90.67285,27070.0,14521515.0,32.65345,11238403.0
Guatemala,2012,5.856,23.758,91.04079,27780.0,14781942.0,30.45201,11558623.0
Guatemala,2013,5.985,23.763,91.40703,28900.0,15043981.0,32.35509,12582262.0
Guatemala,2014,6.536,23.691,91.77142,30120.0,15306316.0,29.58513,13568576.0
Guatemala,2015,6.465,24.107,92.13403,32990.0,15567419.0,31.11405,15426266.0
Guatemala,2016,6.359,24.119,92.49441,34310.0,15827690.0,29.31602,16375861.0
Guatemala,2017,6.325,23.773,92.85261,33570.0,16087418.0,27.99122,17214317.0
Guatemala,2018,6.627,23.718,93.24001,35400.0,16346950.0,28.18948,19411335.0
Guatemala,2019,6.262,24.831,93.62465,,16604026.0,27.81365,20513439.0
Guatemala,2021,6.435,,,,,,
Honduras,2010,5.866,25.676,90.7008,18890.0,8317467.0,24.11093,7958539.0
Honduras,2011,4.961,25.572,91.22133,19920.0,8480670.0,28.74691,8634527.0
Honduras,2012,4.602,25.6,91.73615,20300.0,8640692.0,25.5617,8988641.0
Honduras,2013,4.713,25.307,92.24474,20880.0,8798524.0,28.09273,9244730.0
Honduras,2014,5.056,25.556,92.74751,21120.0,8955579.0,25.63117,9338725.0
Honduras,2015,4.845,25.495,93.25441,21560.0,9112904.0,26.76994,10082024.0
Honduras,2016,5.648,25.652,93.75472,21500.0,9270794.0,24.80745,9554403.0
Honduras,2017,6.02,25.671,94.24835,21300.0,9429016.0,22.79017,9899065.0
Honduras,2018,5.908,25.323,94.73526,22400.0,9587523.0,23.41061,10470701.0
Honduras,2019,5.93,26.425,95.21553,,9746115.0,22.92625,10928412.0
Honduras,2021,5.919,,,,,,
Hungary,2010,4.725,10.696,99.96893,62090.0,10000023.0,20.21153,52123678.0
Hungary,2011,4.918,11.417,99.96938,61350.0,9971727.0,20.93728,50322146.0
Hungary,2012,4.683,12.14,99.9697,57470.0,9920362.0,18.5864,46776678.0
Hungary,2013,4.914,10.765,99.96998,55130.0,9893082.0,17.64081,43704805.0
Hungary,2014,5.181,10.564,99.97025,55400.0,9866468.0,17.67609,43862711.0
Hungary,2015,5.344,11.22,99.97053,58330.0,9843028.0,17.68824,46627613.0
Hungary,2016,5.449,11.814,99.97081,58960.0,9814023.0,15.85458,47395710.0
Hungary,2017,6.065,12.702,100.0,60880.0,9787966.0,16.69836,49684847.0
Hungary,2018,5.936,11.918,100.0,60920.0,9775564.0,16.74279,49628491.0
Hungary,2019,6.0,13.977,100.0,,9771141.0,16.59597,49101007.0
Hungary,2021,5.992,,,,,,
India,2010,4.989,24.937,85.68425,2564130.0,1234281163.0,77.4766,1678478677.0
India,2011,4.635,23.728,86.18204,2671200.0,1250287939.0,80.74542,1766065040.0
India,2012,4.72,25.389,86.67656,2814000.0,1265780243.0,87.09878,1941312654.0
India,2013,4.428,23.507,87.1675,2875980.0,1280842119.0,90.10211,2033412295.0
India,2014,4.424,25.671,87.65476,3048790.0,1295600768.0,95.8366,2184432168.0
India,2015,4.342,24.124,88.13813,3063650.0,1310152392.0,88.89748,2253428782.0
India,2016,4.179,24.858,88.61741,3103110.0,1324517250.0,92.54553,2392359728.0
India,2017,4.046,24.304,89.09243,3229920.0,1338676779.0,82.06178,2456847641.0
India,2018,3.818,24.599,89.56294,3374990.0,1352642283.0,83.21147,2591323739.0
India,2019,3.249,25.762,90.0287,,1366417756.0,83.30377,2616448820.0
India,2021,3.819,,,,,,
Indonesia,2010,5.457,26.48,84.43672,762400.0,241834226.0,22.59126,428174280.0
Indonesia,2011,5.173,26.051,85.27145,822480.0,245115988.0,19.18971,508073307.0
Indonesia,2012,5.368,26.087,86.09795,827220.0,248451714.0,20.35076,526383107.0
Indonesia,2013,5.292,26.753,86.91591,796880.0,251805314.0,20.30303,411191030.0
Indonesia,2014,5.597,26.587,87.72586,845070.0,255128076.0,19.14704,416823174.0
Indonesia,2015,5.043,26.531,88.52735,852000.0,258383257.0,20.17936,507012048.0
Indonesia,2016,5.136,26.732,89.32044,866360.0,261556386.0,21.45374,568193857.0
Indonesia,2017,5.098,26.382,90.10462,912420.0,264650969.0,18.85747,531011978.0
Indonesia,2018,5.34,26.473,90.8803,969580.0,267670549.0,19.408,576584390.0
Indonesia,2019,5.347,26.444,91.64729,,270625567.0,19.67376,617512648.0
Indonesia,2021,5.345,,,,,,
Ireland,2010,7.257,11.342,97.31291,65040.0,4560155.0,9.88104,41747929.0
Ireland,2011,7.007,8.766,97.32507,60650.0,4580084.0,10.05576,38052223.0
Ireland,2012,6.965,9.309,97.33707,62310.0,4599533.0,9.14468,38209591.0
Ireland,2013,6.76,10.001,97.34892,61380.0,4623816.0,8.78012,37235303.0
Ireland,2014,7.018,11.098,97.3606,61540.0,4657740.0,8.51283,36785327.0
Ireland,2015,6.83,9.544,97.37213,63350.0,4701957.0,8.37593,38545330.0
Ireland,2016,7.041,11.205,97.38348,65880.0,4755335.0,7.83292,40029837.0
Ireland,2017,7.06,10.7,97.39454,65250.0,4807388.0,7.65697,38910193.0
Ireland,2018,6.962,12.169,97.40529,65090.0,4867316.0,7.91037,38803394.0
Ireland,2019,7.255,9.672,97.40257,,4934340.0,7.84751,37117688.0
Ireland,2021,7.085,,,,,,
Israel,2010,7.359,21.387,100.0,89320.0,7623600.0,24.73694,68286901.0
Israel,2011,7.433,19.953,100.0,89590.0,7765800.0,24.50612,68594737.0
Israel,2012,7.111,21.83,100.0,96710.0,7910500.0,22.15028,74784579.0
Israel,2013,7.321,20.83,100.0,88550.0,8059500.0,22.71573,64974682.0
Israel,2014,7.401,20.593,100.0,87150.0,8215700.0,21.53803,62279102.0
Israel,2015,7.079,19.497,100.0,89510.0,8380100.0,22.25146,64949825.00000001
Israel,2016,7.159,22.471,100.0,89420.0,8546000.0,18.62791,63907207.0
Israel,2017,7.331,21.025,100.0,91060.0,8713300.0,19.90364,62467255.0
Israel,2018,6.927,21.306,100.0,87830.0,8882800.0,19.73592,62212641.0
Israel,2019,7.332,22.078,100.0,,9054000.0,19.42415,64172118.99999999
Israel,2021,7.157,,,,,,
Italy,2010,6.354,13.791,99.81418,485460.0,59277417.0,20.08757,433688024.0
Italy,2011,6.057,14.224,99.8399,474590.0,59379449.0,21.19496,422039475.0
Italy,2012,5.839,15.607,99.86561,456710.0,59539717.0,18.63516,401554709.0
Italy,2013,6.009,13.369,99.89132,424930.0,60233948.0,17.91081,367568712.0
Italy,2014,6.027,14.443,99.91703,405240.0,60789140.0,16.90861,347860804.0
Italy,2015,5.848,14.863,99.91703,416150.0,60730582.0,17.81045,360088178.0
Italy,2016,5.955,14.006,99.91703,411450.0,60627498.0,15.5574,356556196.0
Italy,2017,6.199,16.364,99.91703,405770.0,60536709.0,15.87492,351473933.0
Italy,2018,6.517,14.781,99.91703,399600.0,60421760.0,16.03252,348085029.0
Italy,2019,6.445,16.527,99.91703,,59729081.0,15.84764,337086213.0
Italy,2021,6.483,,,,,,
Japan,2010,6.057,13.856,98.72767,1228240.0,128070000.0,11.7169,1214068556.0
Japan,2011,6.263,13.435,98.7667,1284770.0,127833000.0,12.88466,1264155127.0
Japan,2012,5.968,12.301,98.80573,1327040.0,127629000.0,13.3169,1305432850.0
Japan,2013,5.959,13.417,98.84475,1338630.0,127445000.0,13.57522,1314702999.0
Japan,2014,5.923,13.493,98.88378,1300990.0,127276000.0,13.92358,1263049942.0
Japan,2015,5.88,12.594,98.92281,1265070.0,127141000.0,13.60057,1222781315.0
Japan,2016,5.955,12.946,98.96183,1257730.0,126994511.0,13.54399,1203167018.0
Japan,2017,5.911,12.123,99.00086,1235370.0,126785797.0,13.76077,1187661454.0
Japan,2018,5.794,13.188,99.03989,1186770.0,126529100.0,13.65838,1135688000.0
Japan,2019,5.908,12.949,99.07891,,126264931.0,13.64744,1106664426.0
Japan,2021,5.94,,,,,,
Jordan,2010,5.57,21.479,99.01634,27430.0,7261541.0,35.40821,20614345.0
Jordan,2011,5.539,20.127,99.01934,28550.0,7662858.0,33.29787,21243770.0
Jordan,2012,5.132,22.125,99.02086,32120.0,8089963.0,32.77988,23813106.0
Jordan,2013,5.172,20.746,99.02086,32420.0,8518992.0,35.09197,23812563.0
Jordan,2014,5.333,20.272,99.01953,34680.0,8918822.0,33.54427,25893914.0
Jordan,2015,5.405,19.429,99.00678,34970.0,9266573.0,34.97317,25270001.0
Jordan,2016,5.271,22.303,98.99388,35070.0,9554286.0,31.64511,23994304.0
Jordan,2017,4.808,21.048,98.98078,36740.0,9785840.0,32.02845,25467232.0
Jordan,2018,4.639,21.111,98.96747,35810.0,9965322.0,30.96172,24923803.0
Jordan,2019,4.453,22.309,98.95399,,10101697.0,30.12999,26071583.0
Jordan,2021,4.395,,,,,,
Kazakhstan,2010,5.514,8.131,93.65815,277300.0,16321872.0,20.17818,250896958.0
Kazakhstan,2011,5.736,6.5,93.99879,294130.0,16557202.0,23.73125,240651228.0
Kazakhstan,2012,5.759,8.092,94.3385,294140.0,16792090.0,25.30396,246750442.0
Kazakhstan,2013,5.835,6.043,94.6322,307440.0,17035551.0,24.06763,254547447.0
Kazakhstan,2014,5.97,7.35,94.8292,258090.0,17288285.0,22.49706,278775585.0
Kazakhstan,2015,5.95,8.462,95.02533,259340.0,17542806.0,21.47424,288578116.0
Kazakhstan,2016,5.534,5.977,95.22051,274520.0,17794055.0,21.79104,288421372.0
Kazakhstan,2017,5.882,6.539,95.41466,283580.0,18037776.0,20.9627,307926537.0
Kazakhstan,2018,6.008,5.454,95.42024,274220.0,18276452.0,21.05325,319647412.0
Kazakhstan,2019,6.272,5.971,95.42703,,18513673.0,21.045,313797848.0
Kazakhstan,2021,6.152,,,,,,
Kenya,2010,4.256,25.302,54.6621,64700.0,42030684.0,26.71596,11745965.0
Kenya,2011,4.405,25.41,55.37613,67080.0,43178270.0,28.66647,12928061.0
Kenya,2012,4.547,24.778,56.08651,66430.0,44343469.0,28.96313,11986835.0
Kenya,2013,3.795,24.348,56.7939,68440.0,45519986.0,28.02226,12770431.0
Kenya,2014,4.905,24.981,57.4973,71370.0,46700063.0,27.20711,13773175.0
Kenya,2015,4.358,24.883,58.19693,73990.0,47878339.0,28.04051,16300552.0
Kenya,2016,4.396,24.51,58.8926,79550.0,49051531.0,26.86386,17151782.0
Kenya,2017,4.476,25.051,59.58415,76750.0,50221146.0,25.03049,16532539.0
Kenya,2018,4.656,24.252,60.27175,78830.0,51392570.0,23.24687,17136703.0
Kenya,2019,4.619,25.116,60.95448,,52573967.0,21.53547,17315266.0
Kenya,2021,4.607,,,,,,
Kosovo,2010,5.177,11.225,91.49812,,1775680.0,31.88167,8372240.0
Kosovo,2011,4.86,11.474,91.87121,,1791000.0,34.44342,8309951.999999999
Kosovo,2012,5.64,13.418,92.24825,,1807106.0,30.95045,7873936.0
Kosovo,2013,6.126,11.113,92.62697,,1818117.0,29.07945,8005839.999999999
Kosovo,2014,5.0,10.691,93.00635,,1812771.0,28.55298,7126480.0
Kosovo,2015,5.077,11.022,93.38646,,1788196.0,28.19054,8339264.0
Kosovo,2016,5.759,12.36,93.76723,,1777557.0,25.57547,8859552.0
Kosovo,2017,6.149,12.9,94.14837,,1791003.0,26.64333,8093776.0
Kosovo,2018,6.392,11.657,94.53003,,1797085.0,26.07339,8191948.999999999
Kosovo,2019,6.425,13.166,94.91236,,1788878.0,25.50415,9741437.0
Kosovo,2021,6.372,,,,,,
Kyrgyzstan,2010,4.996,3.147,85.39985,12330.0,5447900.0,23.74976,6312858.0
Kyrgyzstan,2011,4.921,4.169,86.00378,13750.0,5514600.0,28.36551,7553507.0
Kyrgyzstan,2012,5.208,3.862,86.61047,16340.0,5607200.0,28.21105,9999826.0
Kyrgyzstan,2013,5.402,3.677,87.2192,15870.0,5719600.0,29.23735,9658456.0
Kyrgyzstan,2014,5.252,3.753,87.82975,16410.0,5835500.0,26.73081,10094579.0
Kyrgyzstan,2015,4.905,3.996,88.44176,16960.0,5956900.0,25.88974,10277541.0
Kyrgyzstan,2016,4.857,4.717,89.04475,16510.0,6079500.0,25.30199,9640255.0
Kyrgyzstan,2017,5.63,4.014,89.60251,16240.0,6198200.0,24.57093,9262863.0
Kyrgyzstan,2018,5.297,3.606,90.16018,18120.0,6322800.0,24.75156,10168880.0
Kyrgyzstan,2019,5.685,2.988,90.71697,,6456200.0,24.60486,11482589.0
Kyrgyzstan,2021,5.744,,,,,,
Lebanon,2010,5.032,19.279,89.44218,25060.0,4953064.0,32.58303,19997156.0
Lebanon,2011,5.188,18.238,89.79861,25760.0,5202022.0,30.43782,20264128.0
Lebanon,2012,4.573,20.018,90.15504,28360.0,5537620.0,29.46017,22331649.0
Lebanon,2013,4.983,18.848,90.51147,28350.0,5913016.0,31.30328,22163384.0
Lebanon,2014,5.233,18.783,90.86789,30310.0,6261046.0,31.25934,23780764.0
Lebanon,2015,5.172,17.823,91.22432,32660.0,6532681.0,31.93223,25769820.0
Lebanon,2016,5.271,20.479,91.58075,33790.0,6714281.0,29.50834,26502374.0
Lebanon,2017,5.154,19.268,91.93718,35600.0,6819373.0,29.28341,27935346.0
Lebanon,2018,5.167,19.323,92.29361,34350.0,6859408.0,29.4412,27565431.0
Lebanon,2019,4.024,20.193,92.6,,6855709.0,29.04762,28202071.0
Lebanon,2021,4.584,,,,,,
Lithuania,2010,5.066,6.449,94.24874,20520.0,3097282.0,14.86448,13926739.0
Lithuania,2011,5.432,8.052,94.70961,19980.0,3028115.0,13.14674,14271077.0
Lithuania,2012,5.771,5.01,95.18639,19900.0,2987773.0,13.18277,14330829.0
Lithuania,2013,5.596,8.365,95.66102,19000.0,2957689.0,13.17732,13340269.0
Lithuania,2014,6.126,4.67,96.1336,18550.0,2932367.0,13.49538,13087470.0
Lithuania,2015,5.711,5.277,96.60414,18800.0,2904910.0,11.93398,13297143.0
Lithuania,2016,5.866,7.446,97.07375,18820.0,2868231.0,10.89639,13327513.0
Lithuania,2017,6.273,5.581,97.54207,18730.0,2828403.0,10.29794,13545847.0
Lithuania,2018,6.309,7.243,97.99053,18840.0,2801543.0,10.5842,13669492.0
Lithuania,2019,6.064,10.207,98.00147,,2794137.0,10.4691,13483413.0
Lithuania,2021,6.255,,,,,,
Luxembourg,2010,7.097,10.718,100.0,11980.0,506953.0,13.2019,11219294.0
Luxembourg,2011,7.101,10.431,100.0,11830.0,518347.0,12.8616,11114555.0
Luxembourg,2012,6.964,9.297,99.9872,11580.0,530946.0,11.5151,10851399.0
Luxembourg,2013,7.131,9.385,99.96524,11050.0,543360.0,11.9205,10303872.0
Luxembourg,2014,6.891,10.349,99.9446,10560.0,556319.0,10.1599,9825216.0
Luxembourg,2015,6.702,10.254,99.92517,10050.0,569604.0,10.6276,9333169.0
Luxembourg,2016,6.967,10.316,99.90687,9770.0,582014.0,9.9328,9080253.0
Luxembourg,2017,7.061,12.433,99.88961,9920.0,596336.0,9.85495,9250402.0
Luxembourg,2018,7.243,11.549,99.8733,10220.0,607950.0,10.1541,9568520.0
Luxembourg,2019,7.404,12.728,99.87671,,620001.0,10.0889,9784853.0
Luxembourg,2021,7.324,,,,,,
Mali,2010,3.762,29.507,66.10227,31800.0,15049352.0,62.49421,1974896.0
Mali,2011,4.667,29.869,67.77131,32760.0,15514593.0,59.06679,2158096.0
Mali,2012,4.313,29.461,69.43602,33430.0,15979492.0,63.51526,2297328.0
Mali,2013,3.676,30.084,71.09586,34620.0,16449854.0,52.8645,2648579.0
Mali,2014,3.975,29.812,72.75061,35190.0,16934213.0,56.06013,2905488.0
Mali,2015,4.582,30.243,74.39951,36670.0,17438772.0,65.90978,3095612.0
Mali,2016,4.016,30.135,76.04239,41040.0,17965448.0,60.70013,3106604.0
Mali,2017,4.742,29.602,77.67906,42140.0,18512429.0,61.66709,3121260.0
Mali,2018,4.416,29.819,79.30885,43740.0,19077755.0,60.59097,3273276.0
Mali,2019,4.988,30.36,80.93188,,19658023.0,60.6721,3394412.0
Mali,2021,4.723,,,,,,
Malta,2010,5.774,18.892,100.0,2990.0,414508.0,17.6565,2581759.0
Malta,2011,6.155,18.955,100.0,2980.0,416268.0,16.2696,2578072.0
Malta,2012,5.963,20.706,100.0,3160.0,420028.0,14.1759,2762075.0
Malta,2013,6.38,18.624,100.0,2830.0,425967.0,13.3988,2437841.0
Malta,2014,6.452,19.663,100.0,2840.0,434558.0,13.8423,2442396.0
Malta,2015,6.613,19.075,100.0,2160.0,445053.0,13.5718,1735296.0
Malta,2016,6.591,19.658,100.0,1870.0,455356.0,12.9194,1399488.0
Malta,2017,6.676,20.588,100.0,2010.0,467999.0,12.5697,1552998.0
Malta,2018,6.91,19.375,100.0,2040.0,484630.0,13.1112,1531581.0
Malta,2019,6.733,21.234,100.0,,504062.0,13.0654,1553776.0
Malta,2021,6.602,,,,,,
Mauritania,2010,4.772,28.364,57.78039,11100.0,3494200.0,64.27869,1960240.0
Mauritania,2011,4.785,29.542,59.59946,11220.0,3598646.0,65.41632,2110464.0
Mauritania,2012,4.673,28.894,61.43031,11670.0,3706555.0,70.2224,2330304.0
Mauritania,2013,4.199,29.078,63.27145,11670.0,3817497.0,60.70871,2044512.0
Mauritania,2014,4.483,29.107,65.11946,12150.0,3930894.0,60.43425,2498848.0
Mauritania,2015,3.923,29.573,66.97331,12830.0,4046304.0,71.27974,2887232.0
Mauritania,2016,4.472,29.418,68.83202,13250.0,4163532.0,66.23652,2762656.0
Mauritania,2017,4.678,29.362,70.69619,13920.0,4282582.0,69.50208,3737280.0
Mauritania,2018,4.314,28.622,71.02985,14080.0,4403312.0,66.4108,3934804.0
Mauritania,2019,4.153,29.333,71.3584,,4525698.0,66.54714,4092204.0
Mauritania,2021,4.227,,,,,,
Mexico,2010,6.802,21.077,95.82133,650160.0,114092961.0,21.48361,463782514.0
Mexico,2011,6.91,21.331,96.2712,664660.0,115695468.0,24.59022,484164841.0
Mexico,2012,7.32,20.966,96.71644,659240.0,117274156.0,22.70436,496299580.0
Mexico,2013,7.443,21.161,97.15725,652690.0,118827158.0,23.50785,490129670.0
Mexico,2014,6.68,21.039,97.59363,645940.0,120355137.0,21.96107,481128786.0
Mexico,2015,6.236,20.542,98.02544,670100.0,121858251.0,22.04218,481974591.0
Mexico,2016,6.824,20.756,98.45286,682910.0,123333379.0,21.21349,484628855.0
Mexico,2017,6.41,21.232,98.87578,678120.0,124777326.0,20.36548,461238024.0
Mexico,2018,6.55,21.008,99.26913,679880.0,126190782.0,20.3613,451080829.0
Mexico,2019,6.432,21.159,99.47726,,127575529.0,20.10763,438497623.0
Mexico,2021,6.317,,,,,,
Moldova,2010,5.59,10.719,86.62747,12530.0,2861487.0,18.4935,4830905.0
Moldova,2011,5.792,10.3,87.01657,12690.0,2859833.0,18.39294,4944974.0
Moldova,2012,5.996,12.35,87.40613,12450.0,2859458.0,18.22752,4765682.0
Moldova,2013,5.756,11.054,87.79616,11590.0,2858692.0,17.79693,4899358.0
Moldova,2014,5.917,9.015,88.18666,12220.0,2856950.0,16.65915,4747824.0
Moldova,2015,6.017,10.598,88.57603,12470.0,2834530.0,16.3361,4785084.0
Moldova,2016,5.578,11.059,88.96917,12670.0,2802170.0,14.94962,4896343.0
Moldova,2017,5.326,10.94,89.36544,12700.0,2755158.0,13.59126,5291556.0
Moldova,2018,5.682,11.241,89.76461,13180.0,2708214.0,14.11838,5877784.0
Moldova,2019,5.803,13.075,90.16619,,2663251.0,13.95982,5957810.0
Moldova,2021,5.766,,,,,,
Mongolia,2010,4.586,1.912,76.17557,32050.0,2719902.0,37.20307,13819950.0
Mongolia,2011,5.031,1.212,77.21569,35710.0,2770357.0,46.56546,21426490.0
Mongolia,2012,4.885,0.371,78.10477,39140.0,2824698.0,49.0935,35030922.0
Mongolia,2013,4.913,-0.501,79.00078,41590.0,2881783.0,45.26803,43558789.0
Mongolia,2014,4.825,-0.598,79.90325,44130.0,2940111.0,40.99015,29585990.0
Mongolia,2015,4.983,-0.523,80.81301,45710.0,2998433.0,43.30589,23243609.0
Mongolia,2016,5.057,-0.301,81.72957,48090.0,3056358.0,45.25229,25323946.0
Mongolia,2017,5.334,2.112,82.6525,50880.0,3113788.0,40.47127,34154184.0
Mongolia,2018,5.465,1.915,83.58827,52620.0,3170214.0,42.12418,64508256.0
Mongolia,2019,5.563,0.892,84.53621,,3225166.0,42.28819,65513698.00000001
Mongolia,2021,5.677,,,,,,
Montenegro,2010,5.455,11.701,96.16409,4180.0,619428.0,26.1283,2421904.0
Montenegro,2011,5.223,12.363,96.4091,4030.0,620079.0,29.0877,2407248.0
Montenegro,2012,5.219,14.099,96.65431,3790.0,620601.0,27.2462,2213056.0
Montenegro,2013,5.074,11.656,96.89975,3660.0,621207.0,25.1077,2150768.0
Montenegro,2014,5.283,11.464,97.14541,3560.0,621810.0,24.8871,2106800.0
Montenegro,2015,5.125,12.06,97.3913,3650.0,622159.0,24.4993,2238704.0
Montenegro,2016,5.304,12.703,97.63738,3400.0,622303.0,22.283,2015200.0
Montenegro,2017,5.615,13.604,97.88369,3520.0,622373.0,22.9835,2103136.0
Montenegro,2018,5.65,12.416,98.5063,3800.0,622227.0,22.7616,2123147.0
Montenegro,2019,5.386,13.998,98.6814,,622028.0,22.3224,2461441.0
Montenegro,2021,5.581,,,,,,
Nepal,2010,4.35,15.503,85.35824,37220.0,27013207.0,78.5108,4824389.0
Nepal,2011,3.809,13.691,85.86199,39020.0,27041220.0,79.3133,5221500.0
Nepal,2012,4.233,16.459,86.35912,40940.0,26989160.0,88.15988,5469779.0
Nepal,2013,4.605,14.159,86.8493,41840.0,26916795.0,87.40644,6218792.0
Nepal,2014,4.975,15.727,87.3325,43860.0,26905982.0,95.65877,7592395.0
Nepal,2015,4.812,15.123,87.80847,43670.0,27015033.0,89.29778,6014092.0
Nepal,2016,5.1,14.832,88.27711,47070.0,27263430.0,91.93222,8841118.0
Nepal,2017,4.737,15.047,88.73821,49580.0,27632682.0,80.82996,10123518.0
Nepal,2018,4.91,15.279,89.1916,51240.0,28095712.0,82.67179,13410432.0
Nepal,2019,5.449,15.692,89.6371,,28608715.0,82.82545,13913522.0
Nepal,2021,5.269,,,,,,
Netherlands,2010,7.502,10.534,100.0,202130.0,16615394.0,15.70982,182117938.0
Netherlands,2011,7.564,10.657,100.0,188890.0,16693074.0,15.51002,169065734.0
Netherlands,2012,7.471,9.302,100.0,187110.0,16754962.0,13.81851,165827027.0
Netherlands,2013,7.407,9.529,100.0,186690.0,16804432.0,12.73403,165717878.0
Netherlands,2014,7.321,10.335,100.0,179380.0,16865008.0,12.19208,158768012.0
Netherlands,2015,7.324,9.69,100.0,188330.0,16939923.0,12.65138,166366656.0
Netherlands,2016,7.541,11.206,100.0,188160.0,17030314.0,11.52338,166282090.0
Netherlands,2017,7.459,12.215,100.0,184550.0,17131296.0,12.42328,164444774.0
Netherlands,2018,7.463,11.647,100.0,178640.0,17231624.0,12.07335,160170147.0
Netherlands,2019,7.425,12.535,100.0,,17344874.0,12.03303,154826594.0
Netherlands,2021,7.464,,,,,,
New Zealand,2010,7.224,11.05,100.0,79980.0,4350700.0,6.29372,34957784.0
New Zealand,2011,7.191,12.234,100.0,79400.0,4384000.0,6.10495,34249571.0
New Zealand,2012,7.25,10.667,100.0,81670.0,4408100.0,6.22838,36000433.0
New Zealand,2013,7.28,11.34,100.0,81240.0,4442100.0,6.25727,35240937.0
New Zealand,2014,7.306,12.658,100.0,81740.0,4516500.0,6.04863,35457804.0
New Zealand,2015,7.418,11.367,100.0,81690.0,4609400.0,6.0042,35839194.0
New Zealand,2016,7.226,12.517,100.0,80410.0,4714100.0,6.07848,34267624.0
New Zealand,2017,7.327,11.331,100.0,82060.0,4813600.0,5.98442,36153332.0
New Zealand,2018,7.37,11.136,100.0,81330.0,4900600.0,6.03511,35080341.0
New Zealand,2019,7.205,11.21,100.0,,4979300.0,6.05027,36540963.0
New Zealand,2021,7.277,,,,,,
Nicaragua,2010,5.687,26.823,81.04895,15250.0,5824058.0,21.46132,4468990.0
Nicaragua,2011,5.386,26.773,81.10697,16390.0,5903035.0,23.95193,4805315.0
Nicaragua,2012,5.448,27.091,81.1669,16760.0,5982530.0,21.61528,4545176.0
Nicaragua,2013,5.772,26.711,81.22875,16980.0,6062462.0,23.579,4351436.0
Nicaragua,2014,6.275,27.161,81.29214,17870.0,6142734.0,21.52078,4597978.0
Nicaragua,2015,5.924,27.314,81.35313,18840.0,6223234.0,22.00612,5250170.0
Nicaragua,2016,6.013,26.786,81.41597,19040.0,6303970.0,21.22101,5448026.0
Nicaragua,2017,6.476,26.872,81.43568,18960.0,6384843.0,19.9253,5374746.0
Nicaragua,2018,5.819,26.698,81.52109,19070.0,6465502.0,20.66005,5377193.0
Nicaragua,2019,6.113,27.779,81.61224,,6545503.0,20.53888,5548625.0
Nicaragua,2021,5.972,,,,,,
Niger,2010,4.101,28.661,43.40945,29670.0,16464025.0,78.2476,1169165.0
Niger,2011,4.556,28.313,43.88328,31290.0,17114770.0,81.01974,1322365.0
Niger,2012,3.798,28.081,44.32547,33750.0,17795209.0,78.96129,1753857.0
Niger,2013,3.716,28.094,44.73547,35580.0,18504287.0,70.79529,1891080.0
Niger,2014,4.181,28.691,45.12092,37810.0,19240182.0,69.41188,2075028.0
Niger,2015,3.671,29.036,45.48246,39610.0,20001663.0,88.03176,2035143.0
Niger,2016,4.235,28.426,45.8187,41330.0,20788789.0,85.45232,2064455.0
Niger,2017,4.616,27.654,46.13033,43050.0,21602388.0,78.07546,2005831.0
Niger,2018,5.164,28.397,46.41607,45050.0,22442831.0,79.94757,2093847.0
Niger,2019,5.004,28.484,46.67664,,23310719.0,80.07251,2135276.0
Niger,2021,5.074,,,,,,
Macedonia,2010,4.18,11.531,97.20939,11750.0,2070737.0,38.9538,8500480.0
Macedonia,2011,4.898,11.462,97.26219,12690.0,2072484.0,44.7407,9196640.0
Macedonia,2012,4.64,13.592,97.31475,12120.0,2074275.0,40.0517,8734976.0
Macedonia,2013,5.186,11.573,97.3672,11240.0,2076065.0,36.7952,7771344.0
Macedonia,2014,5.204,11.039,97.41968,10820.0,2077780.0,37.7291,7459904.0
Macedonia,2015,4.976,10.97,97.47233,10560.0,2079335.0,35.2858,7023888.0
Macedonia,2016,5.346,12.721,97.52528,10530.0,2080746.0,33.0101,6987248.0
Macedonia,2017,5.234,12.988,97.57867,11010.0,2081996.0,33.9919,7507536.0
Macedonia,2018,5.24,11.621,97.63263,10510.0,2082957.0,33.3651,6980909.0
Macedonia,2019,5.015,13.126,97.6873,,2083458.0,32.6682,8041363.000000001
Macedonia,2021,5.101,,,,,,
Pakistan,2010,5.786,20.503,88.72343,314470.0,179424643.0,60.83134,154144709.0
Pakistan,2011,5.267,22.022,88.87304,323170.0,183340168.0,61.23146,154658545.0
Pakistan,2012,5.132,21.009,89.02106,326970.0,187280125.0,66.82359,153875896.0
Pakistan,2013,5.138,21.586,89.16731,337420.0,191260799.0,68.28103,150451314.0
Pakistan,2014,5.436,22.184,89.31196,351040.0,195305012.0,72.44944,154290816.0
Pakistan,2015,4.823,20.657,89.45498,365780.0,199426953.0,68.38615,170175316.0
Pakistan,2016,5.549,21.885,89.59637,389400.0,203631356.0,70.17214,203145768.0
Pakistan,2017,5.831,21.423,89.73605,414600.0,207906210.0,63.06182,232424792.0
Pakistan,2018,5.472,21.877,89.87483,431220.0,212228288.0,63.7003,247425382.0
Pakistan,2019,4.443,21.298,90.01254,,216565317.0,63.86198,248843938.0
Pakistan,2021,4.934,,,,,,
Panama,2010,7.321,27.089,91.86962,15880.0,3642691.0,15.46795,9072716.0
Panama,2011,7.248,26.955,92.02887,16970.0,3706479.0,15.47231,9952139.0
Panama,2012,6.86,27.172,92.18548,17680.0,3770635.0,14.95441,9767596.0
Panama,2013,6.866,27.034,92.33938,18030.0,3835447.0,15.50353,11366033.0
Panama,2014,6.631,27.315,92.52287,18630.0,3901311.0,15.48279,10855822.0
Panama,2015,6.606,27.944,92.90437,18090.0,3968490.0,16.01036,10876993.0
Panama,2016,6.118,26.867,93.23054,18300.0,4037073.0,14.45899,10462961.0
Panama,2017,6.568,26.949,93.55519,17900.0,4106764.0,13.89379,11961537.0
Panama,2018,6.281,27.108,93.87809,18010.0,4176868.0,13.65863,12096333.0
Panama,2019,6.086,27.718,94.1619,,4246440.0,13.22791,12503103.0
Panama,2021,6.18,,,,,,
Peru,2010,5.613,20.885,87.31744,84650.0,29027680.0,30.41769,57150544.0
Peru,2011,5.892,21.104,87.91951,88120.0,29264314.0,29.67211,48958754.0
Peru,2012,5.825,21.03,88.51718,88380.0,29506790.0,31.36196,54155845.0
Peru,2013,5.783,20.65,89.10995,89840.0,29773986.0,29.94434,42928912.0
Peru,2014,5.866,21.325,89.69814,93240.0,30090372.0,30.65978,49053393.0
Peru,2015,5.577,21.44,90.282,94880.0,30470739.0,31.00492,48696211.0
Peru,2016,5.701,20.698,90.86111,98040.0,30926036.0,30.80497,52360123.0
Peru,2017,5.711,20.992,91.43573,96040.0,31444299.0,30.59305,52488614.0
Peru,2018,5.68,20.13,92.00719,96280.0,31989265.0,30.90494,54210259.0
Peru,2019,5.999,21.098,92.57507,,32510462.0,31.0593,54533175.0
Peru,2021,5.84,,,,,,
Philippines,2010,4.942,27.942,89.90464,161170.0,93966784.0,23.76555,82951250.0
Philippines,2011,4.994,26.896,90.32984,163300.0,95570049.0,20.64889,83743662.0
Philippines,2012,5.002,27.151,90.75373,168460.0,97212639.0,21.44246,88406848.0
Philippines,2013,4.977,27.411,91.1764,179820.0,98871558.0,21.65289,95792553.0
Philippines,2014,5.313,27.657,91.59766,187640.0,100513137.0,19.61448,101182148.0
Philippines,2015,5.547,27.642,92.0177,196720.0,102113206.0,19.52012,112142487.0
Philippines,2016,5.431,27.646,92.43642,209480.0,103663812.0,20.01614,122236809.0
Philippines,2017,5.594,27.566,92.85503,225870.0,105172921.0,18.58331,134518537.0
Philippines,2018,5.869,27.286,93.2735,232340.0,106651394.0,18.68866,138924391.0
Philippines,2019,6.268,27.963,93.69156,,108116622.0,18.79358,144262785.0
Philippines,2021,5.88,,,,,,
Poland,2010,5.887,8.111,98.27721,391920.0,38042794.0,27.36475,334606784.0
Poland,2011,5.646,9.185,98.46683,387760.0,38063255.0,27.15801,333952035.0
Poland,2012,5.876,7.687,98.65689,380780.0,38063164.0,24.68245,326348212.0
Poland,2013,5.746,8.755,98.8478,375430.0,38040196.0,23.7758,322225440.0
Poland,2014,5.75,7.078,99.03952,362360.0,38011735.0,24.01657,309920916.0
Poland,2015,6.007,7.539,99.23207,366250.0,37986412.0,22.86504,313099147.0
Poland,2016,6.162,9.485,99.42566,377190.0,37970087.0,21.91566,324011335.0
Poland,2017,6.201,8.729,99.62004,390070.0,37974826.0,22.88956,337340422.0
Poland,2018,6.111,9.448,99.81493,389650.0,37974750.0,22.86464,337705742.0
Poland,2019,6.242,12.509,99.96659,,37965475.0,22.76563,322626493.0
Poland,2021,6.166,,,,,,
Portugal,2010,5.095,15.747,99.57889,67990.0,10573100.0,9.77271,52989377.0
Portugal,2011,5.22,16.25,99.68403,67110.0,10557560.0,10.45012,51792654.0
Portugal,2012,4.994,16.184,99.78943,65410.0,10514844.0,9.1396,49962624.0
Portugal,2013,5.158,15.466,99.86825,63700.0,10457295.0,8.82785,48161883.0
Portugal,2014,5.127,15.671,99.90318,63320.0,10401062.0,8.65788,47948435.0
Portugal,2015,5.081,17.276,99.90469,67430.0,10358076.0,8.80415,52294060.0
Portugal,2016,5.447,16.231,99.90618,66380.0,10325452.0,7.82794,50455570.0
Portugal,2017,5.711,17.949,99.90766,70950.0,10300300.0,8.39613,54719976.0
Portugal,2018,5.92,15.14,99.90912,66820.0,10283822.0,8.21557,51482481.0
Portugal,2019,6.095,14.477,99.91057,,10286263.0,8.1761,48597835.0
Portugal,2021,5.929,,,,,,
Romania,2010,4.909,10.206,100.0,114860.0,20246871.0,18.67198,84289722.0
Romania,2011,5.023,10.199,100.0,119570.0,20147528.0,19.74343,89518246.0
Romania,2012,5.167,11.809,100.0,116870.0,20058035.0,18.07134,86255693.0
Romania,2013,5.082,10.481,100.0,107300.0,19983693.0,16.69318,76875894.0
Romania,2014,5.727,9.141,100.0,106410.0,19908979.0,16.77057,77432417.0
Romania,2015,5.777,10.15,100.0,108090.0,19815616.0,16.25701,77725630.0
Romania,2016,5.969,11.241,100.0,105850.0,19702267.0,15.27077,75812802.0
Romania,2017,6.09,11.21,100.0,108560.0,19588715.0,15.62483,78077490.0
Romania,2018,6.151,10.887,100.0,109010.0,19473970.0,15.39175,76951219.0
Romania,2019,6.13,12.415,100.0,,19371648.0,15.06436,75084050.0
Romania,2021,6.14,,,,,,
Russia,2010,5.385,-3.993,96.07661,2454000.0,142849468.0,15.52415,1612884814.0
Russia,2011,5.389,-3.517,96.16482,2546200.0,142960908.0,13.86517,1664953147.0
Russia,2012,5.621,-2.76,96.25412,2566170.0,143201721.0,13.88303,1679866196.0
Russia,2013,5.537,-3.932,96.34429,2529020.0,143506995.0,14.12903,1619172892.0
Russia,2014,6.037,-4.58,96.4354,2521740.0,143819667.0,14.15678,1622348909.0
Russia,2015,5.996,-3.493,96.52716,2475690.0,144096870.0,13.08471,1622861010.0
Russia,2016,5.855,-3.478,96.61953,2470100.0,144342397.0,12.3677,1618304258.0
Russia,2017,5.579,-4.31,96.71242,2494150.0,144496739.0,11.70067,1646179810.0
Russia,2018,5.514,-3.736,96.80563,2543400.0,144477859.0,11.81241,1691360426.0
Russia,2019,5.441,-3.726,96.89903,,144406261.0,11.77739,1678366791.0
Russia,2021,5.477,,,,,,
Saudi Arabia,2010,6.307,27.538,98.74765,514560.0,27421468.0,65.71981,517715947.0
Saudi Arabia,2011,6.7,26.977,98.90773,534210.0,28267591.0,67.38528,497659010.0
Saudi Arabia,2012,6.396,27.239,99.0678,568100.0,29154906.0,70.38687,563179493.0
Saudi Arabia,2013,6.495,26.02,99.22788,585810.0,30052058.0,67.84979,540805232.0
Saudi Arabia,2014,6.278,26.498,99.38795,629390.0,30916603.0,59.13684,601895936.0
Saudi Arabia,2015,6.345,26.625,99.54803,660370.0,31717676.0,69.61744,645408616.0
Saudi Arabia,2016,6.474,27.316,99.7081,664170.0,32443443.0,62.20881,565750719.0
Saudi Arabia,2017,6.294,27.493,99.86818,656080.0,33101183.0,66.60413,579416606.0
Saudi Arabia,2018,6.356,27.409,100.0,638120.0,33702757.0,64.48388,576757836.0
Saudi Arabia,2019,6.561,27.901,100.0,,34268529.0,64.06007,582149599.0
Saudi Arabia,2021,6.494,,,,,,
Senegal,2010,4.372,28.926,72.23203,24410.0,12678143.0,56.37801,7280073.0
Senegal,2011,3.834,28.832,73.51214,25490.0,13033814.0,58.06667,7819325.0
Senegal,2012,3.669,28.903,74.789,25120.0,13401990.0,64.83018,7362867.0
Senegal,2013,3.647,28.967,76.06272,26500.0,13782429.0,53.1099,7853511.0
Senegal,2014,4.395,29.489,77.33309,27140.0,14174740.0,55.26807,8796047.0
Senegal,2015,4.617,29.52,78.60209,28070.0,14578450.0,65.31429,9846348.0
Senegal,2016,4.595,29.028,79.86889,29770.0,14993514.0,59.40413,9858970.0
Senegal,2017,4.683,29.213,81.13345,29750.0,15419354.0,63.54887,9364330.0
Senegal,2018,4.769,28.709,82.39466,29990.0,15854324.0,60.05836,9690405.0
Senegal,2019,5.489,29.683,83.65219,,16296362.0,60.17498,9822725.0
Senegal,2021,5.132,,,,,,
Slovakia,2010,6.052,8.475,98.62234,43160.0,5391428.0,21.66154,38523217.0
Slovakia,2011,5.945,8.933,98.99754,41670.0,5398384.0,22.80494,38111953.0
Slovakia,2012,5.911,9.383,99.37583,39350.0,5407579.0,20.51864,36021182.0
Slovakia,2013,5.937,8.735,99.52017,40000.0,5413393.0,19.81298,35577838.0
Slovakia,2014,6.139,7.946,99.78675,37340.0,5418649.0,19.48664,33654497.0
Slovakia,2015,6.162,8.725,99.78719,37770.0,5423801.0,19.28388,34484237.0
Slovakia,2016,5.993,9.611,99.78752,38580.0,5430798.0,18.03023,34921793.0
Slovakia,2017,6.366,10.049,99.78773,40480.0,5439232.0,18.41026,36087338.0
Slovakia,2018,6.235,9.703,99.78783,39930.0,5446771.0,18.65878,36087837.0
Slovakia,2019,6.243,12.235,99.78782,,5454147.0,18.52632,33314769.0
Slovakia,2021,6.331,,,,,,
Slovenia,2010,6.083,10.307,99.5,19080.0,2048583.0,19.3096,16376444.0
Slovenia,2011,6.036,10.594,99.5,19020.0,2052843.0,21.06838,16360301.0
Slovenia,2012,6.063,11.74,99.5,18420.0,2057159.0,18.71353,15821756.0
Slovenia,2013,5.975,10.011,99.5,17780.0,2059953.0,18.53574,15188914.0
Slovenia,2014,5.678,10.283,99.5,16230.0,2061980.0,18.17968,13531936.0
Slovenia,2015,5.741,10.776,99.5,16310.0,2063531.0,18.02835,13617543.0
Slovenia,2016,5.937,10.566,99.5,17130.0,2065042.0,16.6265,14416657.0
Slovenia,2017,6.167,12.315,99.5,17310.0,2066388.0,16.80657,14264753.0
Slovenia,2018,6.249,11.187,99.5,17170.0,2073894.0,17.18076,14487844.0
Slovenia,2019,6.665,13.539,99.5,,2088385.0,17.06109,13696428.0
Slovenia,2021,6.461,,,,,,
South Africa,2010,4.652,17.841,89.63844,499720.0,51216967.0,29.37227,466930008.0
South Africa,2011,4.931,17.427,90.10469,484250.0,52003759.0,29.38772,473948952.0
South Africa,2012,5.134,17.825,90.56175,503110.0,52832659.0,29.05601,461138966.0
South Africa,2013,3.661,18.374,91.00903,513020.0,53687125.0,28.64036,455865944.0
South Africa,2014,4.828,17.926,91.44728,525050.0,54544184.0,28.8292,481884688.0
South Africa,2015,4.887,18.022,91.87634,501090.0,55386369.0,29.02988,451590120.0
South Africa,2016,4.77,19.187,92.29629,501550.0,56207649.0,28.49297,460042968.0
South Africa,2017,4.514,19.099,92.70702,514600.0,57009751.0,28.58338,466103224.0
South Africa,2018,4.884,18.77,93.10863,513440.0,57792520.0,28.44415,472001239.0
South Africa,2019,5.035,19.068,93.50123,,58558267.0,28.32529,478608101.0
South Africa,2021,4.956,,,,,,
South Korea,2010,6.116,13.802,99.0141,646420.0,49554112.0,22.90255,565960803.0
South Korea,2011,6.947,13.335,99.10583,670790.0,49936638.0,25.51607,588403868.0
South Korea,2012,6.003,13.62,99.19756,675290.0,50199853.0,25.8422,583631857.0
South Korea,2013,5.959,14.081,99.28929,675000.0,50428893.0,27.5698,591539853.0
South Korea,2014,5.801,13.196,99.38102,664250.0,50746659.0,28.2092,586547889.0
South Korea,2015,5.78,13.08,99.47275,685800.0,51014947.0,27.00426,595393885.0
South Korea,2016,5.971,13.756,99.56448,696930.0,51217803.0,27.82776,617960077.0
South Korea,2017,5.874,13.22,99.65621,710340.0,51361911.0,26.90111,620610020.0
South Korea,2018,5.84,13.691,99.74794,718880.0,51606633.0,27.44769,634934068.0
South Korea,2019,5.903,12.869,99.83967,,51709098.0,27.44749,611263215.0
South Korea,2021,5.845,,,,,,
Spain,2010,6.188,14.398,100.0,349440.0,46576897.0,11.79547,283724994.0
Spain,2011,6.518,15.346,100.0,348820.0,46742697.0,12.74152,284543848.0
Spain,2012,6.291,16.35,99.98617,342540.0,46773055.0,11.46312,278850691.0
Spain,2013,6.15,13.716,99.95664,316480.0,46620045.0,10.62795,252763817.0
Spain,2014,6.456,15.089,99.92694,314950.0,46480882.0,10.09,255100206.0
Spain,2015,6.381,16.29,99.92672,325510.0,46444832.0,10.81943,271687349.0
Spain,2016,6.319,15.522,99.9265,315830.0,46484062.0,9.82015,260759564.0
Spain,2017,6.23,17.795,99.92628,332170.0,46593236.0,10.02245,274671262.0
Spain,2018,6.513,14.815,99.92606,326940.0,46797754.0,10.03337,269654254.0
Spain,2019,6.457,15.066,99.92584,,47133521.0,9.99323,252683217.0
Spain,2021,6.491,,,,,,
Sweden,2010,7.496,1.467,99.66207,60070.0,9378126.0,7.55838,53042223.0
Sweden,2011,7.382,4.204,99.68645,56110.0,9449213.0,7.61538,49166901.0
Sweden,2012,7.56,0.799,99.71087,53230.0,9519374.0,6.28548,46692007.0
Sweden,2013,7.434,3.564,99.7348,51530.0,9600379.0,6.28063,45086335.0
Sweden,2014,7.239,1.893,99.75825,50120.0,9696110.0,6.55795,43337555.0
Sweden,2015,7.289,0.772,99.78123,50050.0,9799186.0,5.96541,43336755.0
Sweden,2016,7.369,3.052,99.80376,49520.0,9923085.0,5.53104,42972565.0
Sweden,2017,7.287,2.225,99.82585,49070.0,10057698.0,5.78105,42306816.0
Sweden,2018,7.375,2.859,99.8262,46350.0,10175214.0,5.76737,41766183.0
Sweden,2019,7.398,3.897,99.82654,,10278887.0,5.72135,42766618.0
Sweden,2021,7.363,,,,,,
Taiwan,2010,6.229,21.998,,,,22.9156,264819644.0
Taiwan,2011,6.309,23.507,,,,25.5922,266485249.0
Taiwan,2012,6.126,22.656,,,,25.7891,255476566.0
Taiwan,2013,6.34,23.596,,,,27.1923,257707694.0
Taiwan,2014,6.363,23.254,,,,26.9121,261243485.00000003
Taiwan,2015,6.45,24.495,,,,26.3571,257156432.0
Taiwan,2016,6.513,24.012,,,,23.3962,265283768.0
Taiwan,2017,6.359,23.145,,,,23.4472,272450494.0
Taiwan,2018,6.467,23.209,,,,23.8034,273104667.0
Taiwan,2019,6.537,23.193,,,,23.5335,262639350.0
Taiwan,2021,6.584,,,,,,
Tajikistan,2010,4.381,3.404,69.47197,8780.0,7527397.0,36.07439,2510429.0
Tajikistan,2011,4.263,5.809,70.80223,9060.0,7697507.0,48.11263,2316371.0
Tajikistan,2012,4.497,4.188,72.14546,9840.0,7874838.0,42.88446,2904101.0
Tajikistan,2013,4.967,5.265,73.49981,10260.0,8059782.0,44.09017,2869155.0
Tajikistan,2014,4.896,4.674,74.8649,11700.0,8252828.0,41.35597,4485478.0
Tajikistan,2015,5.124,4.797,76.2395,12280.0,8454019.0,40.69803,5162805.0
Tajikistan,2016,5.104,5.86,77.62285,13650.0,8663575.0,39.80869,6305370.0
Tajikistan,2017,5.829,5.408,79.01397,14200.0,8880270.0,40.08521,6872691.0
Tajikistan,2018,5.497,4.893,80.41159,15210.0,9100847.0,39.74453,7473265.0
Tajikistan,2019,5.464,2.978,81.81511,,9321023.0,39.90629,8979885.0
Tajikistan,2021,5.466,,,,,,
Tanzania,2010,3.229,21.3,43.92816,75950.0,44346532.0,26.35689,6924924.0
Tanzania,2011,4.074,21.5,45.70726,81790.0,45673520.0,28.16244,7752104.0
Tanzania,2012,4.007,20.9,47.50187,87950.0,47053033.0,28.81121,9062163.0
Tanzania,2013,3.852,20.7,49.31034,93940.0,48483132.0,27.7554,9908124.0
Tanzania,2014,3.483,21.3,51.13106,97650.0,49960563.0,27.1181,9900263.0
Tanzania,2015,3.661,21.6,52.96379,103820.0,51482638.0,28.25751,10637509.0
Tanzania,2016,2.903,21.2,54.80741,104660.0,53049231.0,27.705,10535291.0
Tanzania,2017,3.347,21.7,56.66211,103330.0,54660345.0,25.23024,11018559.0
Tanzania,2018,3.445,20.9,58.52723,105380.0,56313444.0,25.38118,11501889.0
Tanzania,2019,3.64,21.2,60.40167,,58005461.0,24.60327,11626306.0
Tanzania,2021,3.623,,,,,,
Thailand,2010,6.217,27.828,97.71447,360560.0,67195032.0,35.46658,256422255.0
Thailand,2011,6.664,26.514,98.04012,362400.0,67518379.0,29.95337,253800670.0
Thailand,2012,6.3,26.668,98.358,383440.0,67835969.0,31.36545,270174529.0
Thailand,2013,6.231,26.728,98.6706,395710.0,68144519.0,33.79969,286068737.0
Thailand,2014,6.985,27.186,98.97793,390010.0,68438748.0,29.41482,279994315.0
Thailand,2015,6.202,27.81,99.25917,392810.0,68714519.0,28.04208,283293103.0
Thailand,2016,6.074,27.088,99.44567,395180.0,68971313.0,30.6404,281704745.0
Thailand,2017,5.939,26.954,99.76972,413200.0,69209817.0,26.87982,286336041.0
Thailand,2018,6.012,26.644,99.84852,416950.0,69428454.0,27.41578,292452995.0
Thailand,2019,6.022,27.732,99.96483,,69625581.0,27.32291,288279747.0
Thailand,2021,5.985,,,,,,
Tunisia,2010,5.131,20.786,92.2249,37960.0,10635245.0,34.268,27102531.0
Tunisia,2011,4.876,19.765,92.41832,36290.0,10741872.0,31.24561,25524332.0
Tunisia,2012,4.464,22.624,93.03061,37240.0,10846993.0,30.51296,26306407.0
Tunisia,2013,5.246,19.415,93.63885,37120.0,10952949.0,29.88004,26865501.0
Tunisia,2014,4.764,20.809,94.24353,39360.0,11063195.0,32.64765,27892055.0
Tunisia,2015,5.132,20.562,94.84546,40170.0,11179951.0,31.14382,29274620.0
Tunisia,2016,4.521,21.201,95.44405,39730.0,11303942.0,32.86101,29008143.0
Tunisia,2017,4.124,21.608,95.99335,40720.0,11433438.0,29.93905,29620031.0
Tunisia,2018,4.741,20.527,96.51537,41100.0,11565203.0,30.73111,30357093.0
Tunisia,2019,4.315,22.9,97.03219,,11694721.0,30.55062,31012921.0
Tunisia,2021,4.596,,,,,,
Turkey,2010,5.49,13.841,95.41132,374330.0,72326992.0,30.00437,314380033.0
Turkey,2011,5.272,12.453,95.58772,396910.0,73443254.0,28.61053,339482252.0
Turkey,2012,5.309,14.46,95.76049,411020.0,74651046.0,28.12718,353666209.0
Turkey,2013,4.888,13.348,95.92934,402240.0,75925454.0,28.84396,345220585.0
Turkey,2014,5.58,12.876,96.09454,427120.0,77229262.0,28.78455,361675461.0
Turkey,2015,5.514,11.961,96.25616,433850.0,78529413.0,29.59717,381331944.0
Turkey,2016,5.326,13.909,96.41432,460820.0,79827868.0,28.71693,401239738.0
Turkey,2017,5.607,13.378,96.56909,502670.0,81116451.0,27.15912,425329230.0
Turkey,2018,5.186,13.811,96.72061,502520.0,82340090.0,27.40293,419194747.0
Turkey,2019,4.872,14.932,96.86897,,83429607.0,26.85069,405126365.0
Turkey,2021,4.948,,,,,,
Uganda,2010,4.193,24.411,40.20519,42960.0,32428164.0,38.86261,3569619.0
Uganda,2011,4.826,24.107,41.69614,43710.0,33476772.0,41.64899,3824069.0
Uganda,2012,4.309,23.733,43.20641,45660.0,34558700.0,42.85821,3626987.0
Uganda,2013,3.71,24.365,44.73397,46670.0,35694519.0,42.08482,3754530.0
Uganda,2014,3.77,24.242,46.27957,48380.0,36911530.0,40.81954,4096994.0
Uganda,2015,4.238,23.91,47.84156,50190.0,38225447.0,43.20758,4521906.0
Uganda,2016,4.233,23.843,49.41834,52850.0,39649173.0,41.77337,4805071.0
Uganda,2017,4.001,23.983,51.00911,53950.0,41166588.0,38.54776,5226431.0
Uganda,2018,4.322,23.344,52.61236,54870.0,42729032.0,37.21456,5384767.0
Uganda,2019,4.948,23.592,54.22828,,44269587.0,35.2285,5531265.0
Uganda,2021,4.636,,,,,,
Ukraine,2010,5.058,10.236,95.0744,369850.0,45870741.0,19.09176,294078322.0
Ukraine,2011,5.083,9.352,94.62045,391160.0,45706086.0,18.42331,307952841.0
Ukraine,2012,5.03,9.848,94.16476,379030.0,45593342.0,17.79873,303952606.0
Ukraine,2013,4.711,10.039,94.0284,368050.0,45489648.0,17.92219,297294253.0
Ukraine,2014,4.297,7.347,93.58921,332020.0,45272155.0,17.51999,257584689.00000003
Ukraine,2015,3.965,8.917,93.65691,279070.0,45154036.0,16.88095,223911869.0
Ukraine,2016,4.029,9.388,93.72408,290100.0,45004673.0,15.11815,234200302.0
Ukraine,2017,4.311,8.783,93.79082,264100.0,44831135.0,14.6986,223232151.0
Ukraine,2018,4.662,9.47,93.85588,274510.0,44622518.0,14.78515,231694165.0
Ukraine,2019,4.702,11.904,93.86696,,44386203.0,14.70064,223229393.0
Ukraine,2021,4.875,,,,,,
United Arab Emirates,2010,7.097,29.507,99.97134,208580.0,8549998.0,42.54867,155977248.0
United Arab Emirates,2011,7.119,29.393,99.97134,214630.0,8946778.0,45.0258,169174938.0
United Arab Emirates,2012,7.218,29.097,99.97133,226570.0,9141598.0,46.58007,217361620.0
United Arab Emirates,2013,6.621,27.865,99.97133,237630.0,9197908.0,43.3845,221836126.0
United Arab Emirates,2014,6.54,28.739,99.97133,240020.0,9214182.0,40.7299,215906240.0
United Arab Emirates,2015,6.568,29.451,99.97133,252850.0,9262896.0,45.18947,239670713.0
United Arab Emirates,2016,6.831,28.62,99.97133,259650.0,9360975.0,42.79195,228583456.0
United Arab Emirates,2017,7.039,29.903,99.97133,269820.0,9487206.0,43.03017,186623289.0
United Arab Emirates,2018,6.604,29.842,99.97133,263240.0,9630966.0,43.20993,188541366.0
United Arab Emirates,2019,6.711,30.317,99.96846,,9770526.0,43.0844,190683060.0
United Arab Emirates,2021,6.561,,,,,,
United Kingdom,2010,7.029,10.05,100.0,594560.0,62766365.0,12.38783,512023702.0
United Kingdom,2011,6.869,8.654,100.0,551940.0,63258810.0,12.95079,469803790.0
United Kingdom,2012,6.881,8.189,100.0,573410.0,63700215.0,11.38851,487795845.0
United Kingdom,2013,6.918,8.823,100.0,554670.0,64128273.0,11.36731,477900965.0
United Kingdom,2014,6.758,10.057,100.0,513800.0,64602298.0,10.82781,439057507.0
United Kingdom,2015,6.515,8.72,100.0,497740.0,65116219.0,10.32277,422490611.0
United Kingdom,2016,6.824,9.704,100.0,475240.0,65611593.0,10.15293,399109613.0
United Kingdom,2017,7.103,10.225,100.0,461190.0,66058859.0,10.28748,388088374.0
United Kingdom,2018,7.233,10.537,100.0,452080.0,66460344.0,10.10409,380138559.0
United Kingdom,2019,7.157,9.118,100.0,,66836327.0,10.02183,369878396.0
United Kingdom,2021,7.064,,,,,,
United States,2010,7.164,17.9,98.97895,6442580.0,309327143.0,9.23072,5698055779.0
United States,2011,7.115,17.8,99.07489,6214430.0,311583481.0,9.27236,5565294401.0
United States,2012,7.026,18.3,99.16969,5968740.0,313877662.0,8.8823,5367568555.0
United States,2013,7.249,18.6,99.26338,6108670.0,316059947.0,8.65491,5514029294.0
United States,2014,7.151,17.5,99.35588,6129040.0,318386329.0,8.44529,5561719216.0
United States,2015,6.864,18.8,99.44716,6003650.0,320738994.0,8.17797,5412432194.0
United States,2016,6.804,19.0,99.53714,5907270.0,323071755.0,7.39055,5292267561.0
United States,2017,6.992,18.4,99.62582,5842800.0,325122128.0,7.75763,5253606130.0
United States,2018,6.883,18.6,99.71312,6023620.0,326838199.0,7.78762,5424881502.0
United States,2019,6.944,18.1,99.79904,,328329953.0,7.67611,5284696657.0
United States,2021,6.951,,,,,,
Uruguay,2010,6.062,17.954,98.39293,36010.0,3359273.0,9.47559,6296711.0
Uruguay,2011,6.554,17.163,98.55795,37550.0,3368926.0,9.74251,7653820.0
Uruguay,2012,6.45,17.598,98.70838,38420.0,3378975.0,9.36476,8593089.0
Uruguay,2013,6.444,17.697,98.85258,37420.0,3389436.0,10.37529,7493508.0
Uruguay,2014,6.561,17.596,98.99356,36900.0,3400439.0,9.93238,6656284.0
Uruguay,2015,6.628,19.044,99.1314,36660.0,3412013.0,9.96884,6655206.0
Uruguay,2016,6.171,15.794,99.26625,37050.0,3424139.0,9.92336,6525291.0
Uruguay,2017,6.336,19.59,99.39807,36110.0,3436645.0,9.57563,6173543.0
Uruguay,2018,6.372,16.448,99.4786,36160.0,3449290.0,9.61625,6251839.0
Uruguay,2019,6.6,20.717,99.48724,,3461731.0,9.57094,6378115.0
Uruguay,2021,6.431,,,,,,
Uzbekistan,2010,5.095,14.915,96.12821,238390.0,28562400.0,33.6145,103343328.0
Uzbekistan,2011,5.739,14.224,96.47084,242350.0,29339400.0,43.03611,112821860.0
Uzbekistan,2012,6.019,14.496,96.79867,230380.0,29774500.0,40.45578,114923995.0
Uzbekistan,2013,5.94,13.896,97.12731,232950.0,30243200.0,41.04126,109323435.0
Uzbekistan,2014,6.049,15.012,97.37537,226090.0,30757700.0,38.91105,103495202.0
Uzbekistan,2015,5.972,15.367,97.52858,222860.0,31298900.0,36.99091,101791340.0
Uzbekistan,2016,5.893,14.148,97.68127,230900.0,31847900.0,36.67223,105221933.0
Uzbekistan,2017,6.421,13.767,97.83345,234920.0,32388600.0,36.61596,109281509.0
Uzbekistan,2018,6.205,13.068,97.83094,235510.0,32956100.0,36.34037,113938370.0
Uzbekistan,2019,6.154,13.561,97.82938,,33580350.0,36.352,110245989.0
Uzbekistan,2021,6.179,,,,,,
Venezuela,2010,7.478,26.696,95.45675,260460.0,28439942.0,23.46386,184082980.0
Venezuela,2011,6.58,26.469,95.27965,259660.0,28887873.0,24.81057,170400143.0
Venezuela,2012,7.067,26.389,95.10256,279300.0,29360827.0,22.87687,190974338.0
Venezuela,2013,6.553,26.487,94.92546,284140.0,29781046.0,22.95083,182850122.0
Venezuela,2014,6.136,26.654,94.74837,285460.0,30042973.0,22.35515,184136444.0
Venezuela,2015,5.569,26.508,94.57128,270980.0,30081827.0,22.65819,170899431.0
Venezuela,2016,4.041,26.298,94.39418,257600.0,29851249.0,22.27268,163190556.0
Venezuela,2017,5.071,26.326,94.21709,243570.0,29402480.0,21.88744,146673329.0
Venezuela,2018,5.006,26.258,94.03999,233920.0,28887117.0,22.1235,129596274.0
Venezuela,2019,5.081,26.568,93.8629,,28515829.0,22.21524,116687785.0
Venezuela,2021,4.892,,,,,,
Vietnam,2010,5.296,25.221,88.86376,258430.0,87967655.0,27.1181,136113090.0
Vietnam,2011,5.767,24.449,89.65489,257880.0,88871384.0,23.77469,145047830.0
Vietnam,2012,5.535,24.753,90.43672,258290.0,89801926.0,23.58582,135685893.0
Vietnam,2013,5.023,24.409,91.20865,268770.0,90752593.0,25.17827,140893212.0
Vietnam,2014,5.085,24.865,92.42199,283000.0,91713850.0,22.26175,159582806.0
Vietnam,2015,5.076,25.327,93.32806,327320.0,92677082.0,21.72136,184435588.0
Vietnam,2016,5.062,25.192,94.10247,341580.0,93640435.0,22.42143,185432178.0
Vietnam,2017,5.175,24.982,94.81408,340420.0,94600643.0,20.33531,182584029.0
Vietnam,2018,5.296,24.517,95.51497,376530.0,95545959.0,20.36473,211774129.0
Vietnam,2019,5.467,25.807,96.20509,,96462108.0,20.19471,247708911.0
Vietnam,2021,5.411,,,,,,
Yemen,2010,4.35,27.869,50.52801,35610.0,23154854.0,44.8245,23151864.0
Yemen,2011,3.746,27.881,51.6066,32390.0,23807586.0,49.06382,20190662.0
Yemen,2012,4.061,27.338,52.67102,31470.0,24473176.0,54.55899,18267549.0
Yemen,2013,4.218,27.284,53.72152,38350.0,25147112.0,51.55041,24976749.0
Yemen,2014,3.968,27.506,54.75738,38810.0,25823488.0,43.85524,24185201.0
Yemen,2015,2.983,27.742,55.77887,26050.0,26497881.0,48.46628,13006337.0
Yemen,2016,3.826,27.636,56.78562,22740.0,27168210.0,45.15434,10425844.0
Yemen,2017,3.254,27.808,57.7776,21970.0,27834811.0,46.6112,10107076.0
Yemen,2018,3.058,27.651,58.75449,21760.0,28498683.0,45.31726,9945288.0
Yemen,2019,4.197,27.894,59.71658,,29161922.0,44.64506,10255048.0
Yemen,2021,3.658,,,,,,
Zimbabwe,2010,4.682,21.614,67.54071,28080.0,12697728.0,24.6478,7864221.0
Zimbabwe,2011,4.846,22.303,67.01608,30550.0,12894323.0,26.33544,9480313.0
Zimbabwe,2012,4.955,22.384,66.49118,30780.0,13115149.0,26.36427,7658857.0
Zimbabwe,2013,4.69,22.645,65.96647,30860.0,13350378.0,25.57768,11616551.0
Zimbabwe,2014,4.184,22.56,65.45411,29350.0,13586710.0,26.2316,11972604.0
Zimbabwe,2015,3.703,22.364,64.95493,31280.0,13814642.0,25.9843,12170460.0
Zimbabwe,2016,3.735,22.488,64.46896,29120.0,14030338.0,25.39554,10814761.0
Zimbabwe,2017,3.638,22.735,63.99662,28800.0,14236599.0,22.61333,10246841.0
Zimbabwe,2018,3.616,22.55,63.53877,31380.0,14438812.0,22.10827,11340575.0
Zimbabwe,2019,2.694,22.338,63.09496,,14645473.0,20.84664,10374287.0
Zimbabwe,2021,3.145,,,,,,
