Country,Life Ladder,Temperature,Clean Water,Greenhouse Gas Emissions,Population,PM2.5,Forest Percentage
Afghanistan,4.758,14.629,48.28708,44910.0,29185511.0,52.49585,0.018527819940818424
Afghanistan,3.832,16.487,50.82785,58650.0,30117411.0,57.09972,0.018527819940818424
Afghanistan,3.783,14.373,53.40352,66750.0,31161378.0,55.46611,0.018527819940818424
Afghanistan,3.572,16.156,56.01404,74800.0,32269592.0,59.62277,0.018527819940818424
Afghanistan,3.131,15.647,58.65937,84620.0,33370804.0,62.72192,0.018527819940818424
Afghanistan,3.983,15.427,61.33978,93730.0,34413603.0,61.41157,0.018527819940818424
Afghanistan,4.22,15.79,64.05488,95370.0,35383028.0,57.96634,0.018527819940818424
Afghanistan,2.662,16.166,66.8087,97300.0,36296111.0,54.03117,0.018527819940818424
Afghanistan,2.694,15.942,69.60193,98920.0,37171922.0,53.43221,0.018527819940818424
Afghanistan,2.375,13.956,72.43422,,38041757.0,52.99812,0.018527819940818424
Afghanistan,2.523,,,,,,
Albania,5.269,13.779,91.37948,9130.0,2913021.0,21.55726,0.2720432725754835
Albania,5.867,14.201,91.81089,9630.0,2905195.0,23.31385,0.27253843745651873
Albania,5.51,15.986,92.22878,9240.0,2900401.0,21.45644,0.27303360233755386
Albania,4.551,13.827,92.63159,9440.0,2895092.0,19.93915,0.2735287672185891
Albania,4.814,13.731,93.02006,9930.0,2889104.0,19.81741,0.2740239320996243
Albania,4.607,13.802,93.39433,9850.0,2880703.0,19.42523,0.2745190969806595
Albania,4.511,14.754,93.75488,9720.0,2876101.0,17.69079,0.2744990955892584
Albania,4.64,15.55,94.1021,10290.0,2873457.0,18.8694,0.27447909419785727
Albania,5.004,14.259,94.43639,10080.0,2866376.0,18.65998,0.2744590928064561
Albania,4.995,15.781,94.75822,,2854191.0,18.45981,0.27443909141505496
Albania,5.117,,,,,,
Argentina,6.441,15.394,98.42726,334590.0,40788453.0,14.05373,0.10866781758020429
Argentina,6.776,14.905,98.61329,344800.0,41261490.0,14.52667,0.10786433606675298
Argentina,6.468,15.211,98.79495,348940.0,41733271.0,13.68543,0.10706085455330168
Argentina,6.582,16.265,98.85207,358180.0,42202935.0,15.06927,0.10625737303985038
Argentina,6.671,15.631,98.90932,356100.0,42669500.0,14.1147,0.10545389152639909
Argentina,6.697,16.866,98.96659,362560.0,43131966.0,14.93674,0.10465041001294778
Argentina,6.427,14.273,99.02386,366370.0,43590368.0,14.45197,0.10427348582937707
Argentina,6.039,15.934,99.62947,367320.0,44044811.0,13.95186,0.10389656164580637
Argentina,5.793,14.258,99.68312,365650.0,44494502.0,13.97303,0.10351963746223565
Argentina,6.086,16.619,99.73677,,44938712.0,13.84671,0.10314271327866494
Argentina,5.929,,,,,,
Armenia,4.368,11.088,98.20048,7750.0,2877314.0,36.20056,0.1111387553373903
Armenia,4.26,9.183,98.51313,8380.0,2876536.0,40.79481,0.11106882291631644
Armenia,4.32,10.238,98.82807,9360.0,2884239.0,41.39294,0.11099889049524259
Armenia,4.277,9.049,99.14572,9300.0,2897593.0,39.19509,0.11092895807416872
Armenia,4.453,9.722,99.44056,9260.0,2912403.0,38.75478,0.11085902565309486
Armenia,4.348,11.219,99.55257,9260.0,2925559.0,38.11764,0.11078909323202098
Armenia,4.325,9.15,99.56094,9510.0,2936147.0,34.87167,0.1107184883838214
Armenia,4.288,9.795,99.93513,9280.0,2944789.0,35.55658,0.11064788353562183
Armenia,5.062,9.855,99.95192,9360.0,2951741.0,34.63884,0.11057727868742226
Armenia,5.488,11.905,99.96873,,2957728.0,34.24106,0.11050667383922268
Armenia,5.283,,,,,,
Australia,7.45,22.088,99.88315,571220.0,22031750.0,6.78718,0.16841614118728698
Australia,7.406,21.167,99.89197,673130.0,22340024.0,6.71166,0.1693387592134398
Australia,7.196,21.212,99.90077,670930.0,22733465.0,7.00126,0.17026137723959262
Australia,7.364,22.482,99.90959,581890.0,23128129.0,6.96483,0.17118399526574538
Australia,7.289,22.13,99.96148,593500.0,23475686.0,6.87749,0.1721066132918982
Australia,7.309,23.099,99.97001,594580.0,23815995.0,6.84756,0.173029231318051
Australia,7.25,22.988,99.96997,573390.0,24190907.0,6.82232,0.1732659960499343
Australia,7.257,22.175,99.96993,619790.0,24601860.0,6.67271,0.17350276078181762
Australia,7.177,22.015,99.96989,615380.0,24982688.0,6.7411,0.17373952551370095
Australia,7.234,21.936,99.96986,,25365745.0,6.7487,0.17397629024558425
Australia,7.183,,,,,,
Austria,7.303,7.454,100.0,82720.0,8363404.0,15.87206,0.46061213053379596
Austria,7.471,7.58,100.0,80790.0,8391643.0,16.2518,0.46104112267649133
Austria,7.401,8.461,100.0,77570.0,8429991.0,14.62976,0.4614701148191866
Austria,7.499,6.843,100.0,78120.0,8479823.0,14.62208,0.46189910696188197
Austria,6.95,7.501,100.0,74350.0,8546356.0,12.9131,0.46232809910457723
Austria,7.076,8.004,100.0,75480.0,8642699.0,13.45269,0.4627570912472726
Austria,7.048,7.858,100.0,75660.0,8736668.0,12.39107,0.4631853680056277
Austria,7.294,9.69,100.0,77830.0,8797566.0,12.02271,0.4636136447639829
Austria,7.396,8.416,100.0,74980.0,8840521.0,12.3846,0.4640419215223379
Austria,7.195,11.264,100.0,,8879920.0,12.22494,0.46447019828069297
Austria,7.268,,,,,,
Azerbaijan,4.219,15.05,85.97105,78990.0,9054332.0,25.84174,0.11922570438799077
Azerbaijan,4.68,12.79,87.25521,82310.0,9173082.0,27.72685,0.12027403002309468
Azerbaijan,4.911,13.895,88.54807,83480.0,9295784.0,29.59322,0.12132234411085449
Azerbaijan,5.481,12.628,89.84895,83030.0,9416801.0,29.04756,0.12237066974595842
Azerbaijan,5.252,13.51,91.15672,83210.0,9535079.0,28.2887,0.12341899538106235
Azerbaijan,5.147,15.089,92.42031,82030.0,9649341.0,26.8159,0.1244673210161663
Azerbaijan,5.304,12.876,93.18356,81890.0,9757812.0,25.05773,0.12571173210161662
Azerbaijan,5.152,12.63,93.9416,80520.0,9854033.0,25.80297,0.12695614318706697
Azerbaijan,5.168,13.109,94.69389,80260.0,9939771.0,25.88438,0.1282005542725173
Azerbaijan,5.173,15.55,95.41372,,10024283.0,26.26906,0.12944496535796765
Azerbaijan,5.171,,,,,,
Bangladesh,4.858,25.767,96.39689,155970.0,147575433.0,56.48803,0.1279624584942739
Bangladesh,4.986,25.272,96.54633,161700.0,149273134.0,60.63896,0.1278954801111337
Bangladesh,4.724,25.82,96.69159,165250.0,151005733.0,69.00422,0.12782850172799348
Bangladesh,4.66,26.239,96.83255,168630.0,152761413.0,66.47897,0.1277615233448533
Bangladesh,4.636,25.848,96.96925,173510.0,154517385.0,73.37176,0.12769454496171306
Bangladesh,4.633,25.653,97.1016,182600.0,156256287.0,69.08059,0.12762756657857288
Bangladesh,4.556,26.201,97.22961,183500.0,157977151.0,67.90836,0.12762756657857288
Bangladesh,4.31,25.843,97.35325,192420.0,159685421.0,62.82447,0.12762756657857288
Bangladesh,4.499,25.939,97.47252,198970.0,161376713.0,63.39008,0.12762756657857288
Bangladesh,5.114,26.52,97.58742,,163046173.0,63.54533,0.12762756657857288
Bangladesh,5.025,,,,,,
Belarus,5.526,7.959,97.53976,90310.0,9490583.0,22.46444,0.41570327552986513
Belarus,5.225,8.024,97.2753,87380.0,9473172.0,19.86036,0.41573699421965316
Belarus,5.749,5.504,97.00804,88970.0,9464495.0,19.1637,0.41577071290944123
Belarus,5.876,8.502,96.73803,89610.0,9465997.0,20.06079,0.4158044315992293
Belarus,5.812,4.985,96.46535,88890.0,9474511.0,20.48884,0.4158381502890173
Belarus,5.719,6.228,96.47707,84480.0,9489616.0,18.73342,0.4158718689788054
Belarus,5.178,7.601,96.48868,83590.0,9501534.0,16.90633,0.41716377649325626
Belarus,5.553,5.729,96.50017,85200.0,9498264.0,16.59014,0.4184556840077071
Belarus,5.234,6.897,96.51168,88140.0,9483499.0,16.66586,0.419747591522158
Belarus,5.821,10.154,96.52321,,9417849.0,16.57188,0.42103949903660887
Belarus,5.534,,,,,,
Belgium,6.854,10.812,100.0,124460.0,10895586.0,16.98231,0.225979428721174
Belgium,7.111,10.496,100.0,112180.0,11038264.0,16.24259,0.22594208595387846
Belgium,6.935,9.346,100.0,111590.0,11106932.0,15.20068,0.22590474318658277
Belgium,7.104,9.483,100.0,112860.0,11159407.0,14.30519,0.2258674004192872
Belgium,6.855,10.227,100.0,106460.0,11209057.0,12.90808,0.22583005765199163
Belgium,6.904,10.151,100.0,111520.0,11274196.0,13.265,0.22579271488469602
Belgium,6.949,10.541,100.0,110360.0,11331422.0,12.43661,0.22579271488469602
Belgium,6.928,12.725,100.0,108250.0,11375158.0,12.89121,0.22579271488469602
Belgium,6.892,11.622,100.0,108750.0,11427054.0,12.8198,0.22579271488469602
Belgium,6.772,12.478,100.0,,11488980.0,12.7263,0.22579271488469602
Belgium,6.834,,,,,,
Bolivia,5.781,22.318,87.26318,47730.0,10048597.0,31.86734,0.48322344915850535
Bolivia,5.779,22.853,87.93357,47800.0,10212951.0,28.84461,0.4812958898797631
Bolivia,6.019,21.587,88.59413,49130.0,10377677.0,28.67738,0.47936833060102085
Bolivia,5.767,22.001,89.23059,50910.0,10542375.0,26.97036,0.47744077132227847
Bolivia,5.865,22.222,89.85011,51870.0,10706517.0,28.54349,0.4755132120435361
Bolivia,5.834,22.5,90.46214,53400.0,10869732.0,29.54265,0.47358565276479386
Bolivia,5.77,20.386,91.06697,55780.0,11031822.0,28.39105,0.47141292267024465
Bolivia,5.651,21.792,91.66416,56300.0,11192853.0,27.93657,0.4692401925756953
Bolivia,5.916,20.106,92.25508,56870.0,11353140.0,27.71693,0.4670674624811461
Bolivia,5.674,22.586,92.82598,,11513102.0,27.48764,0.46489473238659695
Bolivia,5.716,,,,,,
Bosnia and Herzegovina,4.669,11.12,96.66949,25960.0,3705478.0,35.46516,0.41060360483508757
Bosnia and Herzegovina,4.995,11.897,96.59487,29040.0,3661173.0,39.36054,0.41286258274912613
Bosnia and Herzegovina,4.773,13.516,96.45003,27260.0,3604972.0,35.51636,0.4151215606631648
Bosnia and Herzegovina,5.124,10.848,96.352,27050.0,3542598.0,33.93648,0.4173805385772032
Bosnia and Herzegovina,5.249,10.992,96.16813,24470.0,3482106.0,32.55819,0.4196395164912418
Bosnia and Herzegovina,5.117,11.413,96.15984,24640.0,3429362.0,33.85689,0.4218984944052803
Bosnia and Herzegovina,5.181,11.958,96.15126,27200.0,3386263.0,29.59341,0.42296900935382453
Bosnia and Herzegovina,5.09,13.292,96.14236,27460.0,3351534.0,30.77486,0.4240395243023687
Bosnia and Herzegovina,5.887,11.827,96.13318,27190.0,3323929.0,30.78127,0.4251100392509129
Bosnia and Herzegovina,6.016,13.849,96.1237,,3300998.0,30.28742,0.4261805541994571
Bosnia and Herzegovina,5.813,,,,,,
Botswana,3.553,21.976,83.04817,22420.0,1987106.0,26.59719,0.28243470790378006
Botswana,3.52,22.021,84.33697,27490.0,2015406.0,27.00312,0.2804020618556701
Botswana,4.836,22.243,85.42283,16490.0,2039551.0,27.05872,0.27836941580756014
Botswana,4.128,23.374,86.45559,15950.0,2062551.0,26.10286,0.27633676975945015
Botswana,4.031,22.623,87.46342,14760.0,2088619.0,25.67235,0.2743041237113402
Botswana,3.762,22.575,88.44629,14400.0,2120716.0,26.59954,0.27227147766323023
Botswana,3.499,23.601,89.40444,13580.0,2159925.0,25.65127,0.2702388316151203
Botswana,3.505,23.652,90.33771,17460.0,2205076.0,25.39271,0.2682061855670103
Botswana,3.461,23.466,91.24446,16120.0,2254067.0,25.47543,0.2661735395189003
Botswana,3.471,23.107,92.08257,,2303703.0,25.32941,0.2641408934707904
Botswana,3.467,,,,,,
Brazil,6.837,26.205,96.5188,986440.0,195713637.0,14.05672,0.6007452998655318
Brazil,7.038,25.842,96.78798,1004840.0,197514541.0,14.6726,0.5989378525739373
Brazil,6.66,26.18,97.05098,1042040.0,199287292.0,13.76786,0.5971304052823427
Brazil,7.14,26.372,97.30768,1070850.0,201035904.0,13.13758,0.5953229579907482
Brazil,6.981,26.257,97.55858,1105900.0,202763744.0,12.9879,0.5935155106991536
Brazil,6.547,26.345,97.80357,1082700.0,204471759.0,11.68776,0.5917080634075592
Brazil,6.375,25.845,97.95584,1051690.0,206163056.0,11.42007,0.5900017696585639
Brazil,6.333,26.4,98.45095,1064920.0,207833825.0,11.66885,0.5882954759095687
Brazil,6.191,25.731,98.67949,1032640.0,209469320.0,11.63402,0.5865891821605734
Brazil,6.451,26.83,98.93554,,211049519.0,11.66552,0.5848828884115782
Brazil,6.33,,,,,,
Bulgaria,3.912,11.845,99.39938,57040.0,7395599.0,23.41734,0.3370340641600303
Bulgaria,3.875,11.689,99.35732,62840.0,7348328.0,26.33199,0.3387656815086716
Bulgaria,4.222,13.752,99.31598,57150.0,7305888.0,23.27254,0.34049729885731295
Bulgaria,3.993,12.071,99.27537,52060.0,7265115.0,21.80279,0.34222891620595425
Bulgaria,4.438,11.041,99.23548,54660.0,7223938.0,22.24359,0.34396053355459555
Bulgaria,4.865,11.27,99.19633,57310.0,7177991.0,20.86425,0.34569215090323685
Bulgaria,4.838,13.218,99.1579,54270.0,7127822.0,19.95143,0.34677441174613766
Bulgaria,5.097,13.058,99.12021,56450.0,7075947.0,20.22277,0.3478566725890385
Bulgaria,5.099,12.498,99.08322,53330.0,7025037.0,20.21311,0.3489389334319393
Bulgaria,5.108,13.65,99.04696,,6975761.0,19.92702,0.35002119427484013
Bulgaria,5.266,,,,,,
Burkina Faso,4.036,29.134,53.15173,24810.0,15605211.0,53.99324,0.24605538398414462
Burkina Faso,4.785,29.317,52.54423,25250.0,16081915.0,51.2476,0.24422292804624737
Burkina Faso,3.955,28.796,51.93834,25970.0,16571252.0,54.19399,0.2423904721083501
Burkina Faso,3.326,29.435,51.33465,26990.0,17072791.0,47.35318,0.2405580161704528
Burkina Faso,3.481,29.61,50.73417,27490.0,17586029.0,48.42901,0.23872556023255556
Burkina Faso,4.419,30.09,50.13713,28240.0,18110616.0,60.27898,0.23689310429465832
Burkina Faso,4.206,29.101,49.54416,29650.0,18646350.0,56.26509,0.2350613810460605
Burkina Faso,4.647,28.763,48.95459,30560.0,19193236.0,53.54886,0.23322965779746269
Burkina Faso,4.927,29.343,48.36939,30850.0,19751466.0,53.66527,0.23139793454886487
Burkina Faso,4.741,29.742,47.78959,,20321383.0,53.68486,0.22956621130026705
Burkina Faso,4.834,,,,,,
Cambodia,4.141,28.288,64.73036,29060.0,14312205.0,29.00238,0.5849272240174552
Cambodia,4.161,27.238,65.54445,30580.0,14541421.0,24.82077,0.5656777971110558
Cambodia,3.899,27.51,66.32258,30310.0,14780454.0,25.02527,0.5464283702046566
Cambodia,3.674,27.429,67.06476,30600.0,15026330.0,28.13717,0.5271789432982572
Cambodia,3.883,27.604,67.77183,31550.0,15274506.0,24.31387,0.5079295163918579
Cambodia,4.162,28.092,68.44385,33720.0,15521435.0,24.11826,0.4886800894854586
Cambodia,4.461,27.81,69.08113,35390.0,15766290.0,24.88946,0.48008009500925236
Cambodia,4.586,27.8,69.68377,37840.0,16009413.0,22.08535,0.47148010053304606
Cambodia,5.122,27.311,70.25363,37460.0,16249795.0,22.33921,0.4628801060568398
Cambodia,4.998,28.369,70.79083,,16486542.0,22.13588,0.4542801115806335
Cambodia,4.83,,,,,,
Cameroon,4.554,25.202,62.03644,85500.0,20341236.0,60.63623,0.43960104492240903
Cameroon,4.434,25.394,62.43885,84750.0,20906392.0,60.06186,0.43842319357566223
Cameroon,4.245,24.795,62.83402,84450.0,21485267.0,62.5594,0.43724534222891537
Cameroon,4.271,25.476,63.22156,85650.0,22077300.0,57.96497,0.43606749088216856
Cameroon,4.24,25.689,63.60153,86320.0,22681853.0,57.77838,0.43488963953542176
Cameroon,5.038,25.702,63.97399,87300.0,23298376.0,71.14056,0.43371178818867495
Cameroon,4.816,25.439,64.33899,88300.0,23926549.0,66.83687,0.4325339368419281
Cameroon,5.074,25.536,64.69579,88320.0,24566070.0,63.75296,0.4313560854951813
Cameroon,5.251,25.369,65.04524,89050.0,25216261.0,65.45743,0.4301782341484345
Cameroon,4.937,25.543,65.38663,,25876387.0,66.15428,0.4290003828016877
Cameroon,5.142,,,,,,
Canada,7.65,-4.101,99.23635,674200.0,34004889.0,7.90157,0.34785547243924936
Canada,7.426,-4.215,99.23589,689760.0,34339328.0,7.34895,0.34781410902914167
Canada,7.415,-2.879,99.23433,694210.0,34714222.0,7.61087,0.347772745619034
Canada,7.594,-3.345,99.23269,705420.0,35082954.0,7.28206,0.3477313822089263
Canada,7.304,-3.605,99.23099,712310.0,35437435.0,7.498,0.3476900187988186
Canada,7.413,-3.51,99.22922,707930.0,35702908.0,7.2834,0.3476486553887109
Canada,7.245,-3.404,99.2274,695200.0,36109487.0,6.20744,0.3476110757791694
Canada,7.415,-3.941,99.22554,709370.0,36545295.0,7.27823,0.34757349616962807
Canada,7.175,-4.377,99.22363,724930.0,37065178.0,7.07298,0.3475359165600866
Canada,7.109,-4.182,99.22165,,37593384.0,7.09026,0.3474983369505453
Canada,7.103,,,,,,
Chad,3.743,27.751,42.72318,55150.0,11952134.0,57.8041,0.04306853582554517
Chad,4.393,27.4,43.0479,57650.0,12360986.0,58.92884,0.04207165109034268
Chad,4.033,27.313,43.37834,60510.0,12784748.0,60.05122,0.04107476635514019
Chad,3.508,27.033,43.7138,62820.0,13220433.0,55.8678,0.040077881619937694
Chad,3.46,27.672,44.05403,65410.0,13663562.0,53.48884,0.0390809968847352
Chad,4.323,27.872,44.3991,70560.0,14110971.0,64.13971,0.03808411214953271
Chad,4.029,27.299,44.7487,75220.0,14561658.0,59.85288,0.03718535825545171
Chad,4.559,27.042,45.10251,77690.0,15016761.0,59.55246,0.03628660436137072
Chad,4.486,26.966,45.46056,80680.0,15477727.0,59.32125,0.03538785046728972
Chad,4.251,27.162,45.82211,,15946882.0,59.42594,0.03448909657320872
Chad,4.355,,,,,,
Chile,6.636,9.885,98.32901,93170.0,17062531.0,21.93499,0.22120375293280534
Chile,6.526,10.248,98.56782,99620.0,17233584.0,23.31394,0.2235071987641879
Chile,6.599,10.216,98.80491,101900.0,17400359.0,22.28727,0.22581064459557046
Chile,6.74,10.771,99.04039,104980.0,17571511.0,23.85567,0.22811409042695296
Chile,6.844,10.258,99.27425,98660.0,17758969.0,23.20259,0.23041753625833553
Chile,6.533,11.114,99.50649,104020.0,17969356.0,24.49502,0.23272098208971803
Chile,6.579,10.316,99.73719,108150.0,18209072.0,24.72874,0.23434674157719462
Chile,6.32,10.129,99.96545,109350.0,18470435.0,22.81016,0.23597250106467116
Chile,6.436,9.272,100.0,109590.0,18729166.0,23.63918,0.23759826055214772
Chile,5.942,10.552,100.0,,18952035.0,23.68317,0.23922402003962429
Chile,6.172,,,,,,
China,4.653,7.862,88.56889,10203820.0,1337705000.0,53.24271,0.20810181648132975
China,5.037,7.944,89.26849,11074550.0,1344130000.0,58.41283,0.21011091584854
China,5.095,7.79,89.93456,11399830.0,1350695000.0,58.91645,0.21212001521575027
China,5.241,7.973,90.57191,11854530.0,1357380000.0,63.32051,0.21412911458296055
China,5.196,7.581,91.18135,11865310.0,1364270000.0,60.31858,0.21613821395017083
China,5.304,7.392,91.76264,11859290.0,1371220000.0,56.26218,0.21814731331738108
China,5.325,7.957,92.316,11857180.0,1378665000.0,51.64413,0.22015642513270994
China,5.099,7.552,92.84091,12058050.0,1386395000.0,49.98303,0.22216553694803878
China,5.131,8.131,93.33588,12355240.0,1392730000.0,49.33254,0.2241746487633676
China,5.144,7.742,93.81327,,1397715000.0,47.72902,0.22618376057869644
China,5.339,,,,,,
Colombia,6.408,25.887,94.85396,164350.0,45222699.0,25.65682,0.5325850362777076
Colombia,6.464,25.584,95.16091,166910.0,45662747.0,26.62611,0.5314059144399641
Colombia,6.375,25.786,95.46257,165340.0,46075721.0,23.98831,0.5302267926022205
Colombia,6.607,25.788,95.75885,172010.0,46495492.0,24.85015,0.529047670764477
Colombia,6.449,25.702,96.04986,175230.0,46967706.0,24.42363,0.5278685489267333
Colombia,6.388,25.799,96.33587,176980.0,47520667.0,23.45619,0.5266894270889898
Colombia,6.234,25.162,96.61696,180940.0,48175048.0,23.25429,0.524950426889296
Colombia,6.157,25.506,96.86224,177470.0,48909844.0,22.56593,0.5232114266896022
Colombia,5.984,25.53,97.13677,184100.0,49661056.0,22.63916,0.5214724264899084
Colombia,6.35,26.068,97.31683,,50339443.0,22.5254,0.5197334262902147
Colombia,6.012,,,,,,
Costa Rica,7.271,26.431,98.11229,13560.0,4577371.0,18.15207,0.5618786692759296
Costa Rica,7.229,26.498,98.37054,14270.0,4633086.0,19.61187,0.5650814090019569
Costa Rica,7.272,26.784,98.64553,14230.0,4688003.0,18.90757,0.5682841487279844
Costa Rica,7.158,26.545,98.90448,14720.0,4742111.0,19.21802,0.5714868884540117
Costa Rica,7.247,27.054,99.14849,14770.0,4795390.0,18.30714,0.5746896281800391
Costa Rica,6.854,27.689,99.37869,14630.0,4847805.0,18.58168,0.5778923679060666
Costa Rica,7.136,26.557,99.59609,15540.0,4899336.0,17.92489,0.5810954990215264
Costa Rica,7.225,26.479,99.7712,15710.0,4949955.0,17.46191,0.5842986301369862
Costa Rica,7.141,26.691,99.78442,15810.0,4999443.0,17.54223,0.5875017612524462
Costa Rica,6.998,27.47,99.79753,,5047561.0,17.43615,0.590704892367906
Costa Rica,7.069,,,,,,
Croatia,5.596,11.929,100.0,26180.0,4295427.0,20.82379,0.3392585786479132
Croatia,5.385,12.662,100.0,25890.0,4280622.0,22.8211,0.3393292575184649
Croatia,6.028,13.798,100.0,23950.0,4267558.0,20.22689,0.3393999363890165
Croatia,5.885,11.582,100.0,22830.0,4255689.0,19.69789,0.3394706152595682
Croatia,5.381,11.966,100.0,22100.0,4238389.0,19.26618,0.3395412941301198
Croatia,5.205,12.531,100.0,22690.0,4203604.0,19.63877,0.3396119730006715
Croatia,5.417,12.585,100.0,22730.0,4174349.0,17.48408,0.3402166307382408
Croatia,5.343,14.187,100.0,23400.0,4124531.0,18.07654,0.3408212884758101
Croatia,5.536,12.92,100.0,22550.0,4087843.0,18.37508,0.3414259462133795
Croatia,5.626,15.014,100.0,,4065253.0,18.22689,0.34203060395094886
Croatia,5.882,,,,,,
Cyprus,6.387,20.047,99.82715,9130.0,1112617.0,19.1292,0.18683385579937306
Cyprus,6.69,20.023,99.81943,8880.0,1124837.0,18.8249,0.1868057507296509
Cyprus,6.181,20.69,99.81171,8370.0,1135046.0,17.0835,0.18677764565992863
Cyprus,5.439,20.283,99.80399,7700.0,1143866.0,16.5619,0.18674954059020646
Cyprus,5.627,20.258,99.79627,8080.0,1152297.0,16.6648,0.18672143552048426
Cyprus,5.439,19.089,99.78852,8140.0,1160987.0,17.407,0.18669333045076206
Cyprus,5.795,21.445,99.78076,8540.0,1170189.0,14.6237,0.18665441573883904
Cyprus,6.062,20.374,99.77298,8680.0,1179685.0,15.3562,0.18661550102691601
Cyprus,6.276,20.766,99.76518,8600.0,1189262.0,15.8137,0.18657658631499296
Cyprus,6.137,20.876,99.76519,,1198574.0,15.7934,0.1865376716030699
Cyprus,6.223,,,,,,
Denmark,7.771,-17.187,100.0,61800.0,5547683.0,13.35076,0.13609551213626025
Denmark,7.788,-17.462,100.0,56460.0,5570572.0,13.61736,0.1378679166473291
Denmark,7.52,-16.758,100.0,51390.0,5591572.0,10.86565,0.13964032115839792
Denmark,7.589,-17.821,100.0,52940.0,5614932.0,10.48783,0.14141272566946675
Denmark,7.508,-17.45,100.0,48690.0,5643475.0,11.0559,0.14318513018053555
Denmark,7.514,-18.37,100.0,46610.0,5683483.0,10.18456,0.1449575346916044
Denmark,7.558,-17.086,100.0,48330.0,5728010.0,9.30205,0.1451320369424978
Denmark,7.594,-18.451,100.0,46160.0,5764980.0,10.28813,0.1453065391933912
Denmark,7.649,-18.969,100.0,45870.0,5793636.0,9.87276,0.1454810414442846
Denmark,7.693,-16.3,100.0,,5814422.0,9.78493,0.145655543695178
Denmark,7.62,,,,,,
Dominican Republic,4.735,26.66,94.54421,33030.0,9695117.0,17.13981,0.4259456349777075
Dominican Republic,5.397,26.423,94.88455,33390.0,9813219.0,16.54403,0.4272001808058186
Dominican Republic,4.753,26.983,95.20509,34160.0,9930916.0,17.36776,0.42845472663392986
Dominican Republic,5.016,26.563,95.51406,33930.0,10048226.0,17.23382,0.42970927246204105
Dominican Republic,5.387,26.76,95.812,34170.0,10165182.0,17.82735,0.43096381829015223
Dominican Republic,5.062,27.155,96.09934,36520.0,10281675.0,18.62817,0.4322183641182634
Dominican Republic,5.239,26.51,96.3763,37790.0,10397738.0,18.17853,0.4338805448829899
Dominican Republic,5.605,26.573,96.4625,37010.0,10513111.0,18.15262,0.4355427256477163
Dominican Republic,5.433,26.469,96.54281,39060.0,10627147.0,18.15087,0.43720490641244275
Dominican Republic,6.004,26.992,96.61749,,10738957.0,18.14536,0.4388670871771691
Dominican Republic,5.545,,,,,,
Ecuador,5.838,22.292,89.53053,61800.0,15011114.0,22.06176,0.4706018978402765
Ecuador,5.795,22.481,90.2407,62780.0,15243885.0,20.29435,0.4690919336369974
Ecuador,5.961,22.646,90.94651,63970.0,15474099.0,21.65051,0.4675819694337183
Ecuador,6.019,22.03,91.65233,66980.0,15707473.0,20.75471,0.4660720052304391
Ecuador,5.946,22.73,92.35797,67820.0,15951832.0,21.54693,0.46456204102716003
Ecuador,5.964,22.925,93.06378,66420.0,16212022.0,21.73624,0.4630520768238809
Ecuador,6.115,22.408,93.76941,65010.0,16491116.0,21.44482,0.4607305276313841
Ecuador,5.84,22.687,94.31314,64060.0,16785356.0,19.89895,0.4584089784388873
Ecuador,6.128,21.97,94.66226,65680.0,17084359.0,20.7159,0.4560874292463905
Ecuador,5.809,22.798,95.01122,,17373657.0,20.60601,0.45376588005389373
Ecuador,5.764,,,,,,
Egypt,4.669,24.665,98.70242,276450.0,82761244.0,78.48821,0.0006547957504114919
Egypt,4.174,23.257,98.78331,283190.0,84529251.0,69.73873,0.000620439922190633
Egypt,4.204,24.663,98.86392,293980.0,86422240.0,69.65333,0.0005860840939697741
Egypt,3.559,23.732,98.9447,291230.0,88404652.0,74.71484,0.0005517282657489152
Egypt,4.885,23.733,99.02563,297280.0,90424668.0,72.01255,0.0005173724375280562
Egypt,4.763,22.958,99.10672,306350.0,92442549.0,73.10574,0.0004830166093071974
Egypt,4.557,25.59,99.18797,315780.0,94447071.0,66.71446,0.00047615342411092823
Egypt,3.929,24.263,99.26951,320370.0,96442590.0,66.95324,0.0004692902389146591
Egypt,4.005,24.655,99.32633,329220.0,98423602.0,68.48883,0.00046242705371838993
Egypt,4.328,25.021,99.38324,,100388076.0,67.91512,0.0004555638685221208
Egypt,4.283,,,,,,
El Salvador,6.74,25.677,89.6619,12620.0,6183877.0,24.31177,0.2988831329309444
El Salvador,4.741,26.056,90.89086,12550.0,6210567.0,28.71104,0.2967444513093484
El Salvador,5.934,25.978,92.09563,12700.0,6237922.0,25.46469,0.2946057696877525
El Salvador,6.325,26.009,93.2757,11940.0,6266076.0,26.96585,0.29246708806615657
El Salvador,5.857,26.067,94.43129,12260.0,6295124.0,24.48574,0.29032840644456065
El Salvador,6.018,26.803,95.56214,12700.0,6325121.0,25.61375,0.2881897248229647
El Salvador,6.14,26.134,96.57989,12720.0,6356137.0,23.54934,0.28605104320136876
El Salvador,6.339,25.697,97.21918,11940.0,6388124.0,23.15157,0.28391236157977284
El Salvador,6.241,26.034,97.58628,12350.0,6420740.0,22.77792,0.2817736799581769
El Salvador,6.455,27.123,97.7816,,6453550.0,22.34945,0.27963499833658095
El Salvador,6.061,,,,,,
Finland,7.393,0.501,100.0,74120.0,5363352.0,7.35265,0.6572228919934756
Finland,7.354,3.618,100.0,66100.0,5388272.0,7.16954,0.6582098196345413
Finland,7.42,0.42,100.0,60380.0,5413971.0,6.48428,0.659196747275607
Finland,7.445,4.323,100.0,61120.0,5438972.0,6.09858,0.6601836749166726
Finland,7.385,0.231,100.0,57000.0,5461512.0,6.49007,0.6611706025577382
Finland,7.448,0.157,100.0,53550.0,5479531.0,5.71918,0.6621575301988039
Finland,7.66,1.75,100.0,56260.0,5495303.0,5.67993,0.6621575301988039
Finland,7.788,-0.031,100.0,53320.0,5508214.0,5.3344,0.6621575301988039
Finland,7.858,0.876,100.0,54490.0,5515525.0,5.67502,0.6621575301988039
Finland,7.78,2.667,100.0,,5521606.0,5.63829,0.6621575301988039
Finland,7.842,,,,,,
France,6.798,14.161,99.97524,470790.0,65027505.0,14.86064,0.25627498325994763
France,6.959,14.014,99.98218,453510.0,65342789.0,14.78044,0.25757672719099584
France,6.649,14.26,99.98897,456320.0,65659814.0,13.52899,0.25887847112204393
France,6.667,13.123,99.99559,457250.0,65998685.0,13.44807,0.26018021505309213
France,6.467,14.674,100.0,424130.0,66312067.0,11.50913,0.26148195898414023
France,6.358,14.91,100.0,430140.0,66548272.0,12.23154,0.26278370291518843
France,6.475,13.888,100.0,430020.0,66724104.0,11.43916,0.2640854468462366
France,6.635,16.041,100.0,432380.0,66918020.0,11.38728,0.26538719077728473
France,6.666,14.968,100.0,423350.0,67101930.0,11.49229,0.2666889347083329
France,6.69,15.425,100.0,,67248926.0,11.36678,0.26799067863938103
France,6.69,,,,,,
Georgia,4.102,11.545,95.10987,12980.0,3786695.0,18.53592,0.40493543758967
Georgia,4.203,9.17,95.23614,14380.0,3756441.0,20.58995,0.40493543758967
Georgia,4.254,10.742,95.36103,15260.0,3728874.0,20.88921,0.40493543758967
Georgia,4.349,9.65,95.48436,16040.0,3717668.0,20.25822,0.40493543758967
Georgia,4.288,9.684,95.60631,16630.0,3719414.0,19.99326,0.40493543758967
Georgia,4.122,10.733,95.75473,16970.0,3725276.0,19.02116,0.40493543758967
Georgia,4.448,9.733,96.44758,17390.0,3727505.0,18.19874,0.40493543758967
Georgia,4.451,9.213,96.96675,17190.0,3728004.0,18.50095,0.40493543758967
Georgia,4.659,10.758,97.09508,16900.0,3726549.0,18.2412,0.40493543758967
Georgia,4.892,12.433,97.2222,,3720161.0,18.24743,0.40493543758967
Georgia,4.891,,,,,,
Germany,6.725,8.96,100.0,881300.0,81776930.0,16.25385,0.3194778138073556
Germany,6.621,9.396,100.0,852550.0,80274983.0,15.74135,0.31953381833252126
Germany,6.702,8.307,100.0,866670.0,80425823.0,13.95161,0.3195898228576869
Germany,6.965,8.383,100.0,883920.0,80645605.0,13.71588,0.3196458273828525
Germany,6.984,8.824,100.0,843660.0,80982500.0,12.37438,0.31970183190801815
Germany,7.037,8.509,100.0,847460.0,81686611.0,12.85765,0.3197578364331838
Germany,6.874,9.893,100.0,850170.0,82348669.0,11.89868,0.3197578364331838
Germany,7.074,10.477,100.0,832650.0,82657002.0,12.00724,0.3197578364331838
Germany,7.118,10.539,100.0,806090.0,82905782.0,12.04758,0.3197578364331838
Germany,7.035,12.349,100.0,,83092962.0,11.92769,0.3197578364331838
Germany,7.155,,,,,,
Ghana,4.606,27.94,74.58462,29080.0,24779614.0,50.69795,0.33299082307269856
Ghana,5.608,27.886,75.69454,32400.0,25387713.0,54.17981,0.3324668704120604
Ghana,5.057,27.33,76.80702,35340.0,25996454.0,55.11622,0.3319429177514222
Ghana,4.965,27.731,77.92168,38240.0,26607641.0,48.30836,0.3314189650907841
Ghana,3.86,27.914,79.03863,38820.0,27224480.0,47.44691,0.33089501243014596
Ghana,3.986,28.063,80.15796,41450.0,27849203.0,61.11503,0.33037105976950776
Ghana,4.514,27.736,81.27978,41280.0,28481947.0,60.31063,0.3312537049381008
Ghana,5.481,27.659,82.40395,42920.0,29121464.0,56.46406,0.3321363501066939
Ghana,5.004,27.473,83.53056,44500.0,29767108.0,54.71702,0.3330189952752869
Ghana,4.967,27.815,84.65946,,30417858.0,54.4758,0.3339016404438799
Ghana,5.088,,,,,,
Greece,5.84,15.817,99.92007,108190.0,11121341.0,19.15183,0.2956135313281309
Greece,5.372,15.649,99.94348,105760.0,11104899.0,19.81029,0.2956135313281309
Greece,5.096,17.44,99.96635,100600.0,11045011.0,17.43828,0.2956135313281309
Greece,4.72,15.827,99.98868,92970.0,10965211.0,16.76962,0.2956135313281309
Greece,4.756,15.618,100.0,89910.0,10892413.0,15.79873,0.2956135313281309
Greece,5.623,14.915,100.0,88180.0,10820883.0,16.15492,0.2956135313281309
Greece,5.303,16.931,100.0,86900.0,10775971.0,14.53957,0.29561348587014163
Greece,5.148,16.678,100.0,86510.0,10754679.0,14.51079,0.29561344041215243
Greece,5.409,16.056,100.0,84750.0,10732882.0,14.58649,0.2956133949541632
Greece,5.952,17.234,100.0,,10721582.0,14.3205,0.29561334949617396
Greece,5.723,,,,,,
Guatemala,6.29,23.993,90.30205,26450.0,14259687.0,28.97928,0.34187107972338804
Guatemala,5.743,23.883,90.67285,27070.0,14521515.0,32.65345,0.33935842922609266
Guatemala,5.856,23.758,91.04079,27780.0,14781942.0,30.45201,0.33684577872879723
Guatemala,5.985,23.763,91.40703,28900.0,15043981.0,32.35509,0.3343331282315018
Guatemala,6.536,23.691,91.77142,30120.0,15306316.0,29.58513,0.33182047773420636
Guatemala,6.465,24.107,92.13403,32990.0,15567419.0,31.11405,0.329307827236911
Guatemala,6.359,24.119,92.49441,34310.0,15827690.0,29.31602,0.32824252220150796
Guatemala,6.325,23.773,92.85261,33570.0,16087418.0,27.99122,0.32717721716610493
Guatemala,6.627,23.718,93.24001,35400.0,16346950.0,28.18948,0.3261119121307019
Guatemala,6.262,24.831,93.62465,,16604026.0,27.81365,0.32504660709529887
Guatemala,6.435,,,,,,
Honduras,5.866,25.676,90.7008,18890.0,8317467.0,24.11093,0.5845277886427479
Honduras,4.961,25.572,91.22133,19920.0,8480670.0,28.74691,0.5825429363865875
Honduras,4.602,25.6,91.73615,20300.0,8640692.0,25.5617,0.5805580841304271
Honduras,4.713,25.307,92.24474,20880.0,8798524.0,28.09273,0.5785732318742666
Honduras,5.056,25.556,92.74751,21120.0,8955579.0,25.63117,0.5765883796181062
Honduras,4.845,25.495,93.25441,21560.0,9112904.0,26.76994,0.5746035273619458
Honduras,5.648,25.652,93.75472,21500.0,9270794.0,24.80745,0.5727443729331864
Honduras,6.02,25.671,94.24835,21300.0,9429016.0,22.79017,0.5708852185044269
Honduras,5.908,25.323,94.73526,22400.0,9587523.0,23.41061,0.5690260640756677
Honduras,5.93,26.425,95.21553,,9746115.0,22.92625,0.5671669096469082
Honduras,5.919,,,,,,
Hungary,4.725,10.696,99.96893,62090.0,10000023.0,20.21153,0.21997570623898183
Hungary,4.918,11.417,99.96938,61350.0,9971727.0,20.93728,0.2202859354172937
Hungary,4.683,12.14,99.9697,57470.0,9920362.0,18.5864,0.2205961645956056
Hungary,4.914,10.765,99.96998,55130.0,9893082.0,17.64081,0.22090639377391752
Hungary,5.181,10.564,99.97025,55400.0,9866468.0,17.67609,0.22121662295222944
Hungary,5.344,11.22,99.97053,58330.0,9843028.0,17.68824,0.22152685213054135
Hungary,5.449,11.814,99.97081,58960.0,9814023.0,15.85458,0.22135894569376963
Hungary,6.065,12.702,100.0,60880.0,9787966.0,16.69836,0.22119103925699787
Hungary,5.936,11.918,100.0,60920.0,9775564.0,16.74279,0.22102313282022618
Hungary,6.0,13.977,100.0,,9771141.0,16.59597,0.22085522638345445
Hungary,5.992,,,,,,
India,4.989,24.937,85.68425,2564130.0,1234281163.0,77.4766,0.21138888973381717
India,4.635,23.728,86.18204,2671200.0,1250287939.0,80.74542,0.21219920975547438
India,4.72,25.389,86.67656,2814000.0,1265780243.0,87.09878,0.21300952977713158
India,4.428,23.507,87.1675,2875980.0,1280842119.0,90.10211,0.2138198497987888
India,4.424,25.671,87.65476,3048790.0,1295600768.0,95.8366,0.21463016982044597
India,4.342,24.124,88.13813,3063650.0,1310152392.0,88.89748,0.21544048984210318
India,4.179,24.858,88.61741,3103110.0,1324517250.0,92.54553,0.21625080986376038
India,4.046,24.304,89.09243,3229920.0,1338676779.0,82.06178,0.2170611298854176
India,3.818,24.599,89.56294,3374990.0,1352642283.0,83.21147,0.2178714499070748
India,3.249,25.762,90.0287,,1366417756.0,83.30377,0.21868176992873198
India,3.819,,,,,,
Indonesia,5.457,26.48,84.43672,762400.0,241834226.0,22.59126,0.5232637935406909
Indonesia,5.173,26.051,85.27145,822480.0,245115988.0,19.18971,0.5184004360041563
Indonesia,5.368,26.087,86.09795,827220.0,248451714.0,20.35076,0.5135370784676219
Indonesia,5.292,26.753,86.91591,796880.0,251805314.0,20.30303,0.5086737209310873
Indonesia,5.597,26.587,87.72586,845070.0,255128076.0,19.14704,0.5038103633945528
Indonesia,5.043,26.531,88.52735,852000.0,258383257.0,20.17936,0.49894700585801827
Indonesia,5.136,26.732,89.32044,866360.0,261556386.0,21.45374,0.49590726300806115
Indonesia,5.098,26.382,90.10462,912420.0,264650969.0,18.85747,0.492867520158104
Indonesia,5.34,26.473,90.8803,969580.0,267670549.0,19.408,0.4898277773081469
Indonesia,5.347,26.444,91.64729,,270625567.0,19.67376,0.48678803445818974
Indonesia,5.345,,,,,,
Ireland,7.257,11.342,97.31291,65040.0,4560155.0,9.88104,0.10251163320194101
Ireland,7.007,8.766,97.32507,60650.0,4580084.0,10.05576,0.10348754144550538
Ireland,6.965,9.309,97.33707,62310.0,4599533.0,9.14468,0.10446344968906977
Ireland,6.76,10.001,97.34892,61380.0,4623816.0,8.78012,0.10543935793263416
Ireland,7.018,11.098,97.3606,61540.0,4657740.0,8.51283,0.10641526617619854
Ireland,6.83,9.544,97.37213,63350.0,4701957.0,8.37593,0.10739117441976292
Ireland,7.041,11.205,97.38348,65880.0,4755335.0,7.83292,0.108169567259118
Ireland,7.06,10.7,97.39454,65250.0,4807388.0,7.65697,0.1089479600984731
Ireland,6.962,12.169,97.40529,65090.0,4867316.0,7.91037,0.10972635293782819
Ireland,7.255,9.672,97.40257,,4934340.0,7.84751,0.11050474577718328
Ireland,7.085,,,,,,
Israel,7.359,21.387,100.0,89320.0,7623600.0,24.73694,0.07414540202214732
Israel,7.433,19.953,100.0,89590.0,7765800.0,24.50612,0.07520462205103515
Israel,7.111,21.83,100.0,96710.0,7910500.0,22.15028,0.07626384207992297
Israel,7.321,20.83,100.0,88550.0,8059500.0,22.71573,0.07732306210881079
Israel,7.401,20.593,100.0,87150.0,8215700.0,21.53803,0.0783822821376986
Israel,7.079,19.497,100.0,89510.0,8380100.0,22.25146,0.07944150216658642
Israel,7.159,22.471,100.0,89420.0,8546000.0,18.62791,0.07703418391911411
Israel,7.331,21.025,100.0,91060.0,8713300.0,19.90364,0.07462686567164178
Israel,6.927,21.306,100.0,87830.0,8882800.0,19.73592,0.07221954742416947
Israel,7.332,22.078,100.0,,9054000.0,19.42415,0.06981222917669716
Israel,7.157,,,,,,
Italy,6.354,13.791,99.81418,485460.0,59277417.0,20.08757,0.2996004460137521
Italy,6.057,14.224,99.8399,474590.0,59379449.0,21.19496,0.3013860939283723
Italy,5.839,15.607,99.86561,456710.0,59539717.0,18.63516,0.3031717418429925
Italy,6.009,13.369,99.89132,424930.0,60233948.0,17.91081,0.3049573897576128
Italy,6.027,14.443,99.91703,405240.0,60789140.0,16.90861,0.30674303767223293
Italy,5.848,14.863,99.91703,416150.0,60730582.0,17.81045,0.3085286855868532
Italy,5.955,14.006,99.91703,411450.0,60627498.0,15.5574,0.3103143998725675
Italy,6.199,16.364,99.91703,405770.0,60536709.0,15.87492,0.31210011415828176
Italy,6.517,14.781,99.91703,399600.0,60421760.0,16.03252,0.3138858284439961
Italy,6.445,16.527,99.91703,,59729081.0,15.84764,0.3156715427297103
Italy,6.483,,,,,,
Japan,6.057,13.856,98.72767,1228240.0,128070000.0,11.7169,0.6605985235361046
Japan,6.263,13.435,98.7667,1284770.0,127833000.0,12.88466,0.6604820998597624
Japan,5.968,12.301,98.80573,1327040.0,127629000.0,13.3169,0.6603656761834202
Japan,5.959,13.417,98.84475,1338630.0,127445000.0,13.57522,0.660249252507078
Japan,5.923,13.493,98.88378,1300990.0,127276000.0,13.92358,0.6601328288307359
Japan,5.88,12.594,98.92281,1265070.0,127141000.0,13.60057,0.6600164051543936
Japan,5.955,12.946,98.96183,1257730.0,126994511.0,13.54399,0.6599687772867991
Japan,5.911,12.123,99.00086,1235370.0,126785797.0,13.76077,0.6599211494192047
Japan,5.794,13.188,99.03989,1186770.0,126529100.0,13.65838,0.65987352155161
Japan,5.908,12.949,99.07891,,126264931.0,13.64744,0.6598258936840156
Japan,5.94,,,,,,
Jordan,5.57,21.479,99.01634,27430.0,7261541.0,35.40821,0.010913120368919433
Jordan,5.539,20.127,99.01934,28550.0,7662858.0,33.29787,0.010913120368919433
Jordan,5.132,22.125,99.02086,32120.0,8089963.0,32.77988,0.010913120368919433
Jordan,5.172,20.746,99.02086,32420.0,8518992.0,35.09197,0.010913120368919433
Jordan,5.333,20.272,99.01953,34680.0,8918822.0,33.54427,0.010913120368919433
Jordan,5.405,19.429,99.00678,34970.0,9266573.0,34.97317,0.010913120368919433
Jordan,5.271,22.303,98.99388,35070.0,9554286.0,31.64511,0.010913120368919433
Jordan,4.808,21.048,98.98078,36740.0,9785840.0,32.02845,0.010913120368919433
Jordan,4.639,21.111,98.96747,35810.0,9965322.0,30.96172,0.010913120368919433
Jordan,4.453,22.309,98.95399,,10101697.0,30.12999,0.010913120368919433
Jordan,4.395,,,,,,
Kazakhstan,5.514,8.131,93.65815,277300.0,16321872.0,20.17818,0.011311165547359536
Kazakhstan,5.736,6.5,93.99879,294130.0,16557202.0,23.73125,0.01147724650445888
Kazakhstan,5.759,8.092,94.3385,294140.0,16792090.0,25.30396,0.011643327094572279
Kazakhstan,5.835,6.043,94.6322,307440.0,17035551.0,24.06763,0.011809407684685677
Kazakhstan,5.97,7.35,94.8292,258090.0,17288285.0,22.49706,0.011975488641785019
Kazakhstan,5.95,8.462,95.02533,259340.0,17542806.0,21.47424,0.01214156923189842
Kazakhstan,5.534,5.977,95.22051,274520.0,17794055.0,21.79104,0.012248893537377516
Kazakhstan,5.882,6.539,95.41466,283580.0,18037776.0,20.9627,0.012356217475870675
Kazakhstan,6.008,5.454,95.42024,274220.0,18276452.0,21.05325,0.012463541781349775
Kazakhstan,6.272,5.971,95.42703,,18513673.0,21.045,0.012570865719842929
Kazakhstan,6.152,,,,,,
Kenya,4.256,25.302,54.6621,64700.0,42030684.0,26.71596,0.06231126166718646
Kenya,4.405,25.41,55.37613,67080.0,43178270.0,28.66647,0.06198756993419681
Kenya,4.547,24.778,56.08651,66430.0,44343469.0,28.96313,0.06166387820120717
Kenya,3.795,24.348,56.7939,68440.0,45519986.0,28.02226,0.061340186468217525
Kenya,4.905,24.981,57.4973,71370.0,46700063.0,27.20711,0.06101649473522788
Kenya,4.358,24.883,58.19693,73990.0,47878339.0,28.04051,0.060692803002238234
Kenya,4.396,24.51,58.8926,79550.0,49051531.0,26.86386,0.06099840273482123
Kenya,4.476,25.051,59.58415,76750.0,50221146.0,25.03049,0.061304002467404244
Kenya,4.656,24.252,60.27175,78830.0,51392570.0,23.24687,0.06160960219998725
Kenya,4.619,25.116,60.95448,,52573967.0,21.53547,0.06191520193257027
Kenya,4.607,,,,,,
Kosovo,5.177,11.225,91.49812,,1775680.0,31.88167,
Kosovo,4.86,11.474,91.87121,,1791000.0,34.44342,
Kosovo,5.64,13.418,92.24825,,1807106.0,30.95045,
Kosovo,6.126,11.113,92.62697,,1818117.0,29.07945,
Kosovo,5.0,10.691,93.00635,,1812771.0,28.55298,
Kosovo,5.077,11.022,93.38646,,1788196.0,28.19054,
Kosovo,5.759,12.36,93.76723,,1777557.0,25.57547,
Kosovo,6.149,12.9,94.14837,,1791003.0,26.64333,
Kosovo,6.392,11.657,94.53003,,1797085.0,26.07339,
Kosovo,6.425,13.166,94.91236,,1788878.0,25.50415,
Kosovo,6.372,,,,,,
Kyrgyzstan,4.996,3.147,85.39985,12330.0,5447900.0,23.74976,0.06149906727148151
Kyrgyzstan,4.921,4.169,86.00378,13750.0,5514600.0,28.36551,0.0617204215032683
Kyrgyzstan,5.208,3.862,86.61047,16340.0,5607200.0,28.21105,0.061941775735055084
Kyrgyzstan,5.402,3.677,87.2192,15870.0,5719600.0,29.23735,0.062163129966841875
Kyrgyzstan,5.252,3.753,87.82975,16410.0,5835500.0,26.73081,0.062384484198628666
Kyrgyzstan,4.905,3.996,88.44176,16960.0,5956900.0,25.88974,0.06260583843041545
Kyrgyzstan,4.857,4.717,89.04475,16510.0,6079500.0,25.30199,0.06324169421508269
Kyrgyzstan,5.63,4.014,89.60251,16240.0,6198200.0,24.57093,0.06387754999974994
Kyrgyzstan,5.297,3.606,90.16018,18120.0,6322800.0,24.75156,0.06451340578441718
Kyrgyzstan,5.685,2.988,90.71697,,6456200.0,24.60486,0.06514926156908443
Kyrgyzstan,5.744,,,,,,
Lebanon,5.032,19.279,89.44218,25060.0,4953064.0,32.58303,0.13141025641025642
Lebanon,5.188,18.238,89.79861,25760.0,5202022.0,30.43782,0.13198048220436281
Lebanon,4.573,20.018,90.15504,28360.0,5537620.0,29.46017,0.13255070799846919
Lebanon,4.983,18.848,90.51147,28350.0,5913016.0,31.30328,0.13312093379257559
Lebanon,5.233,18.783,90.86789,30310.0,6261046.0,31.25934,0.13369115958668196
Lebanon,5.172,17.823,91.22432,32660.0,6532681.0,31.93223,0.13426138538078836
Lebanon,5.271,20.479,91.58075,33790.0,6714281.0,29.50834,0.13483543819364716
Lebanon,5.154,19.268,91.93718,35600.0,6819373.0,29.28341,0.13540949100650593
Lebanon,5.167,19.323,92.29361,34350.0,6859408.0,29.4412,0.1359835438193647
Lebanon,4.024,20.193,92.6,,6855709.0,29.04762,0.1365575966322235
Lebanon,4.584,,,,,,
Lithuania,5.066,6.449,94.24874,20520.0,3097282.0,14.86448,0.332312404287902
Lithuania,5.432,8.052,94.70961,19980.0,3028115.0,13.14674,0.332833078101072
Lithuania,5.771,5.01,95.18639,19900.0,2987773.0,13.18277,0.33335375191424194
Lithuania,5.596,8.365,95.66102,19000.0,2957689.0,13.17732,0.33387442572741194
Lithuania,6.126,4.67,96.1336,18550.0,2932367.0,13.49538,0.33439509954058194
Lithuania,5.711,5.277,96.60414,18800.0,2904910.0,11.93398,0.3349157733537519
Lithuania,5.866,7.446,97.07375,18820.0,2868231.0,10.89639,0.3353445635528331
Lithuania,6.273,5.581,97.54207,18730.0,2828403.0,10.29794,0.33577335375191425
Lithuania,6.309,7.243,97.99053,18840.0,2801543.0,10.5842,0.3362021439509954
Lithuania,6.064,10.207,98.00147,,2794137.0,10.4691,0.33663093415007656
Lithuania,6.255,,,,,,
Luxembourg,7.097,10.718,100.0,11980.0,506953.0,13.2019,0.34300077339520496
Luxembourg,7.101,10.431,100.0,11830.0,518347.0,12.8616,0.34300077339520496
Luxembourg,6.964,9.297,99.9872,11580.0,530946.0,11.5151,0.34300077339520496
Luxembourg,7.131,9.385,99.96524,11050.0,543360.0,11.9205,0.34300077339520496
Luxembourg,6.891,10.349,99.9446,10560.0,556319.0,10.1599,0.34300077339520496
Luxembourg,6.702,10.254,99.92517,10050.0,569604.0,10.6276,0.34300077339520496
Luxembourg,6.967,10.316,99.90687,9770.0,582014.0,9.9328,0.34300077339520496
Luxembourg,7.061,12.433,99.88961,9920.0,596336.0,9.85495,0.34300077339520496
Luxembourg,7.243,11.549,99.8733,10220.0,607950.0,10.1541,0.34300077339520496
Luxembourg,7.404,12.728,99.87671,,620001.0,10.0889,0.34300077339520496
Luxembourg,7.324,,,,,,
Mali,3.762,29.507,66.10227,31800.0,15049352.0,62.49421,0.10720920631644132
Mali,4.667,29.869,67.77131,32760.0,15514593.0,59.06679,0.10720920631644132
Mali,4.313,29.461,69.43602,33430.0,15979492.0,63.51526,0.10720920631644132
Mali,3.676,30.084,71.09586,34620.0,16449854.0,52.8645,0.10720920631644132
Mali,3.975,29.812,72.75061,35190.0,16934213.0,56.06013,0.10720920631644132
Mali,4.582,30.243,74.39951,36670.0,17438772.0,65.90978,0.10720920631644132
Mali,4.016,30.135,76.04239,41040.0,17965448.0,60.70013,0.10720920631644132
Mali,4.742,29.602,77.67906,42140.0,18512429.0,61.66709,0.10720920631644132
Mali,4.416,29.819,79.30885,43740.0,19077755.0,60.59097,0.10720920631644132
Mali,4.988,30.36,80.93188,,19658023.0,60.6721,0.10720920631644132
Mali,4.723,,,,,,
Malta,5.774,18.892,100.0,2990.0,414508.0,17.6565,0.011075949367088608
Malta,6.155,18.955,100.0,2980.0,416268.0,16.2696,0.011075949367088608
Malta,5.963,20.706,100.0,3160.0,420028.0,14.1759,0.011075949367088608
Malta,6.38,18.624,100.0,2830.0,425967.0,13.3988,0.011075949367088608
Malta,6.452,19.663,100.0,2840.0,434558.0,13.8423,0.011075949367088608
Malta,6.613,19.075,100.0,2160.0,445053.0,13.5718,0.011075949367088608
Malta,6.591,19.658,100.0,1870.0,455356.0,12.9194,0.011772151898734179
Malta,6.676,20.588,100.0,2010.0,467999.0,12.5697,0.012468354430379747
Malta,6.91,19.375,100.0,2040.0,484630.0,13.1112,0.013164556962025316
Malta,6.733,21.234,100.0,,504062.0,13.0654,0.013860759493670886
Malta,6.602,,,,,,
Mauritania,4.772,28.364,57.78039,11100.0,3494200.0,64.27869,0.0035630154264092366
Mauritania,4.785,29.542,59.59946,11220.0,3598646.0,65.41632,0.0035102357621034246
Mauritania,4.673,28.894,61.43031,11670.0,3706555.0,70.2224,0.003457456097797613
Mauritania,4.199,29.078,63.27145,11670.0,3817497.0,60.70871,0.0034046764334918016
Mauritania,4.483,29.107,65.11946,12150.0,3930894.0,60.43425,0.00335189676918599
Mauritania,3.923,29.573,66.97331,12830.0,4046304.0,71.27974,0.0032991171048801786
Mauritania,4.472,29.418,68.83202,13250.0,4163532.0,66.23652,0.003246259823420976
Mauritania,4.678,29.362,70.69619,13920.0,4282582.0,69.50208,0.0031934025419617738
Mauritania,4.314,28.622,71.02985,14080.0,4403312.0,66.4108,0.0031405452605025707
Mauritania,4.153,29.333,71.3584,,4525698.0,66.54714,0.0030876879790433685
Mauritania,4.227,,,,,,
Mexico,6.802,21.077,95.82133,650160.0,114092961.0,21.48361,0.3407868151447661
Mexico,6.91,21.331,96.2712,664660.0,115695468.0,24.59022,0.34016330894050273
Mexico,7.32,20.966,96.71644,659240.0,117274156.0,22.70436,0.3395398027362393
Mexico,7.443,21.161,97.15725,652690.0,118827158.0,23.50785,0.3389162965319758
Mexico,6.68,21.039,97.59363,645940.0,120355137.0,21.96107,0.33829279032771237
Mexico,6.236,20.542,98.02544,670100.0,121858251.0,22.04218,0.33766928412344893
Mexico,6.824,20.756,98.45286,682910.0,123333379.0,21.21349,0.3370188685968819
Mexico,6.41,21.232,98.87578,678120.0,124777326.0,20.36548,0.336368453070315
Mexico,6.55,21.008,99.26913,679880.0,126190782.0,20.3613,0.33571803754374807
Mexico,6.432,21.159,99.47726,,127575529.0,20.10763,0.33506762201718104
Mexico,6.317,,,,,,
Moldova,5.59,10.719,86.62747,12530.0,2861487.0,18.4935,0.11064823021922827
Moldova,5.792,10.3,87.01657,12690.0,2859833.0,18.39294,0.11135141523370562
Moldova,5.996,12.35,87.40613,12450.0,2859458.0,18.22752,0.11205460024818294
Moldova,5.756,11.054,87.79616,11590.0,2858692.0,17.79693,0.11275778526266028
Moldova,5.917,9.015,88.18666,12220.0,2856950.0,16.65915,0.11346097027713761
Moldova,6.017,10.598,88.57603,12470.0,2834530.0,16.3361,0.11416415529161496
Moldova,5.578,11.059,88.96917,12670.0,2802170.0,14.94962,0.11417006440938367
Moldova,5.326,10.94,89.36544,12700.0,2755158.0,13.59126,0.1141759735271524
Moldova,5.682,11.241,89.76461,13180.0,2708214.0,14.11838,0.11418188264492111
Moldova,5.803,13.075,90.16619,,2663251.0,13.95982,0.11418779176268984
Moldova,5.766,,,,,,
Mongolia,4.586,1.912,76.17557,32050.0,2719902.0,37.20307,0.09068351970129979
Mongolia,5.031,1.212,77.21569,35710.0,2770357.0,46.56546,0.09067639744007773
Mongolia,4.885,0.371,78.10477,39140.0,2824698.0,49.0935,0.09066927517885569
Mongolia,4.913,-0.501,79.00078,41590.0,2881783.0,45.26803,0.09066215291763366
Mongolia,4.825,-0.598,79.90325,44130.0,2940111.0,40.99015,0.09065503065641163
Mongolia,4.983,-0.523,80.81301,45710.0,2998433.0,43.30589,0.09064790839518959
Mongolia,5.057,-0.301,81.72957,48090.0,3056358.0,45.25229,0.09064081170761648
Mongolia,5.334,2.112,82.6525,50880.0,3113788.0,40.47127,0.09063371502004335
Mongolia,5.465,1.915,83.58827,52620.0,3170214.0,42.12418,0.09062661833247022
Mongolia,5.563,0.892,84.53621,,3225166.0,42.28819,0.09061952164489709
Mongolia,5.677,,,,,,
Montenegro,5.455,11.701,96.16409,4180.0,619428.0,26.1283,
Montenegro,5.223,12.363,96.4091,4030.0,620079.0,29.0877,
Montenegro,5.219,14.099,96.65431,3790.0,620601.0,27.2462,
Montenegro,5.074,11.656,96.89975,3660.0,621207.0,25.1077,
Montenegro,5.283,11.464,97.14541,3560.0,621810.0,24.8871,
Montenegro,5.125,12.06,97.3913,3650.0,622159.0,24.4993,
Montenegro,5.304,12.703,97.63738,3400.0,622303.0,22.283,
Montenegro,5.615,13.604,97.88369,3520.0,622373.0,22.9835,
Montenegro,5.65,12.416,98.5063,3800.0,622227.0,22.7616,
Montenegro,5.386,13.998,98.6814,,622028.0,22.3224,
Montenegro,5.581,,,,,,
Nepal,4.35,15.503,85.35824,37220.0,27013207.0,78.5108,0.4050814982912197
Nepal,3.809,13.691,85.86199,39020.0,27041220.0,79.3133,0.4050814982912197
Nepal,4.233,16.459,86.35912,40940.0,26989160.0,88.15988,0.4050814982912197
Nepal,4.605,14.159,86.8493,41840.0,26916795.0,87.40644,0.4050814982912197
Nepal,4.975,15.727,87.3325,43860.0,26905982.0,95.65877,0.4050814982912197
Nepal,4.812,15.123,87.80847,43670.0,27015033.0,89.29778,0.4050814982912197
Nepal,5.1,14.832,88.27711,47070.0,27263430.0,91.93222,0.4050814982912197
Nepal,4.737,15.047,88.73821,49580.0,27632682.0,80.82996,0.4050814982912197
Nepal,4.91,15.279,89.1916,51240.0,28095712.0,82.67179,0.4050814982912197
Nepal,5.449,15.692,89.6371,,28608715.0,82.82545,0.4050814982912197
Nepal,5.269,,,,,,
Netherlands,7.502,10.534,100.0,202130.0,16615394.0,15.70982,0.08924253285543608
Netherlands,7.564,10.657,100.0,188890.0,16693074.0,15.51002,0.08882915173237754
Netherlands,7.471,9.302,100.0,187110.0,16754962.0,13.81851,0.08841577060931899
Netherlands,7.407,9.529,100.0,186690.0,16804432.0,12.73403,0.08800238948626046
Netherlands,7.321,10.335,100.0,179380.0,16865008.0,12.19208,0.08758900836320191
Netherlands,7.324,9.69,100.0,188330.0,16939923.0,12.65138,0.08717562724014337
Netherlands,7.541,11.206,100.0,188160.0,17030314.0,11.52338,0.08739880525686977
Netherlands,7.459,12.215,100.0,184550.0,17131296.0,12.42328,0.08762198327359619
Netherlands,7.463,11.647,100.0,178640.0,17231624.0,12.07335,0.08784516129032259
Netherlands,7.425,12.535,100.0,,17344874.0,12.03303,0.08806833930704898
Netherlands,7.464,,,,,,
New Zealand,7.224,11.05,100.0,79980.0,4350700.0,6.29372,0.3641154004000488
New Zealand,7.191,12.234,100.0,79400.0,4384000.0,6.10495,0.36410423452768736
New Zealand,7.25,10.667,100.0,81670.0,4408100.0,6.22838,0.3640930686553258
New Zealand,7.28,11.34,100.0,81240.0,4442100.0,6.25727,0.36408190278296426
New Zealand,7.306,12.658,100.0,81740.0,4516500.0,6.04863,0.36407073691060277
New Zealand,7.418,11.367,100.0,81690.0,4609400.0,6.0042,0.36405957103824127
New Zealand,7.226,12.517,100.0,80410.0,4714100.0,6.07848,0.3643995755489579
New Zealand,7.327,11.331,100.0,82060.0,4813600.0,5.98442,0.36473958005967455
New Zealand,7.37,11.136,100.0,81330.0,4900600.0,6.03511,0.3650795845703912
New Zealand,7.205,11.21,100.0,,4979300.0,6.05027,0.3654195890811079
New Zealand,7.277,,,,,,
Nicaragua,5.687,26.823,81.04895,15250.0,5824058.0,21.46132,0.3212436624147638
Nicaragua,5.386,26.773,81.10697,16390.0,5903035.0,23.95193,0.3169387833370407
Nicaragua,5.448,27.091,81.1669,16760.0,5982530.0,21.61528,0.3126339042593175
Nicaragua,5.772,26.711,81.22875,16980.0,6062462.0,23.579,0.30832902518159433
Nicaragua,6.275,27.161,81.29214,17870.0,6142734.0,21.52078,0.30402414610387124
Nicaragua,5.924,27.314,81.35313,18840.0,6223234.0,22.00612,0.2997192670261481
Nicaragua,6.013,26.786,81.41597,19040.0,6303970.0,21.22101,0.29204896719412765
Nicaragua,6.476,26.872,81.43568,18960.0,6384843.0,19.9253,0.2843786673621072
Nicaragua,5.819,26.698,81.52109,19070.0,6465502.0,20.66005,0.27670836753008676
Nicaragua,6.113,27.779,81.61224,,6545503.0,20.53888,0.2690380676980663
Nicaragua,5.972,,,,,,
Niger,4.101,28.661,43.40945,29670.0,16464025.0,78.2476,0.00950197316495659
Niger,4.556,28.313,43.88328,31290.0,17114770.0,81.01974,0.00940394632991318
Niger,3.798,28.081,44.32547,33750.0,17795209.0,78.96129,0.009305919494869771
Niger,3.716,28.094,44.73547,35580.0,18504287.0,70.79529,0.00920789265982636
Niger,4.181,28.691,45.12092,37810.0,19240182.0,69.41188,0.009109865824782952
Niger,3.671,29.036,45.48246,39610.0,20001663.0,88.03176,0.009011838989739542
Niger,4.235,28.426,45.8187,41330.0,20788789.0,85.45232,0.008913812154696133
Niger,4.616,27.654,46.13033,43050.0,21602388.0,78.07546,0.008815785319652724
Niger,5.164,28.397,46.41607,45050.0,22442831.0,79.94757,0.008717758484609314
Niger,5.004,28.484,46.67664,,23310719.0,80.07251,0.008619731649565905
Niger,5.074,,,,,,
Macedonia,4.18,11.531,97.20939,11750.0,2070737.0,38.9538,
Macedonia,4.898,11.462,97.26219,12690.0,2072484.0,44.7407,
Macedonia,4.64,13.592,97.31475,12120.0,2074275.0,40.0517,
Macedonia,5.186,11.573,97.3672,11240.0,2076065.0,36.7952,
Macedonia,5.204,11.039,97.41968,10820.0,2077780.0,37.7291,
Macedonia,4.976,10.97,97.47233,10560.0,2079335.0,35.2858,
Macedonia,5.346,12.721,97.52528,10530.0,2080746.0,33.0101,
Macedonia,5.234,12.988,97.57867,11010.0,2081996.0,33.9919,
Macedonia,5.24,11.621,97.63263,10510.0,2082957.0,33.3651,
Macedonia,5.015,13.126,97.6873,,2083458.0,32.6682,
Macedonia,5.101,,,,,,
Pakistan,5.786,20.503,88.72343,314470.0,179424643.0,60.83134,0.0464188036901641
Pakistan,5.267,22.022,88.87304,323170.0,183340168.0,61.23146,0.046053393082303
Pakistan,5.132,21.009,89.02106,326970.0,187280125.0,66.82359,0.04568798247444189
Pakistan,5.138,21.586,89.16731,337420.0,191260799.0,68.28103,0.04532257186658079
Pakistan,5.436,22.184,89.31196,351040.0,195305012.0,72.44944,0.044957161258719694
Pakistan,4.823,20.657,89.45498,365780.0,199426953.0,68.38615,0.04459175065085859
Pakistan,5.549,21.885,89.59637,389400.0,203631356.0,70.17214,0.04412299639873366
Pakistan,5.831,21.423,89.73605,414600.0,207906210.0,63.06182,0.04365424214660873
Pakistan,5.472,21.877,89.87483,431220.0,212228288.0,63.7003,0.04318548789448381
Pakistan,4.443,21.298,90.01254,,216565317.0,63.86198,0.042716733642358874
Pakistan,4.934,,,,,,
Panama,7.321,27.089,91.86962,15880.0,3642691.0,15.46795,0.5738745906095443
Panama,7.248,26.955,92.02887,16970.0,3706479.0,15.47231,0.5723608735431005
Panama,6.86,27.172,92.18548,17680.0,3770635.0,14.95441,0.5708471564766563
Panama,6.866,27.034,92.33938,18030.0,3835447.0,15.50353,0.5693334394102125
Panama,6.631,27.315,92.52287,18630.0,3901311.0,15.48279,0.5678197223437687
Panama,6.606,27.944,92.90437,18090.0,3968490.0,16.01036,0.5663060052773248
Panama,6.118,26.867,93.23054,18300.0,4037073.0,14.45899,0.5647925534030789
Panama,6.568,26.949,93.55519,17900.0,4106764.0,13.89379,0.563279101528833
Panama,6.281,27.108,93.87809,18010.0,4176868.0,13.65863,0.5617656496545872
Panama,6.086,27.718,94.1619,,4246440.0,13.22791,0.5602521977803413
Panama,6.18,,,,,,
Peru,5.613,20.885,87.31744,84650.0,29027680.0,30.41769,0.5761661852949231
Peru,5.892,21.104,87.91951,88120.0,29264314.0,29.67211,0.5748352494833553
Peru,5.825,21.03,88.51718,88380.0,29506790.0,31.36196,0.5735043136717874
Peru,5.783,20.65,89.10995,89840.0,29773986.0,29.94434,0.5721733778602195
Peru,5.866,21.325,89.69814,93240.0,30090372.0,30.65978,0.5708424420486518
Peru,5.577,21.44,90.282,94880.0,30470739.0,31.00492,0.5695115062370839
Peru,5.701,20.698,90.86111,98040.0,30926036.0,30.80497,0.5681667361750865
Peru,5.711,20.992,91.43573,96040.0,31444299.0,30.59305,0.5668219661130892
Peru,5.68,20.13,92.00719,96280.0,31989265.0,30.90494,0.5654771960510918
Peru,5.999,21.098,92.57507,,32510462.0,31.0593,0.5641324259890944
Peru,5.84,,,,,,
Philippines,4.942,27.942,89.90464,161170.0,93966784.0,23.76555,0.1997856014114087
Philippines,4.994,26.896,90.32984,163300.0,95570049.0,20.64889,0.20080460810917386
Philippines,5.002,27.151,90.75373,168460.0,97212639.0,21.44246,0.201823614806939
Philippines,4.977,27.411,91.1764,179820.0,98871558.0,21.65289,0.20284262150470425
Philippines,5.313,27.657,91.59766,187640.0,100513137.0,19.61448,0.2038616282024694
Philippines,5.547,27.642,92.0177,196720.0,102113206.0,19.52012,0.20488063490023456
Philippines,5.431,27.646,92.43642,209480.0,103663812.0,20.01614,0.20589970001723368
Philippines,5.594,27.566,92.85503,225870.0,105172921.0,18.58331,0.20691876513423277
Philippines,5.869,27.286,93.2735,232340.0,106651394.0,18.68866,0.20793783025123191
Philippines,6.268,27.963,93.69156,,108116622.0,18.79358,0.208956895368231
Philippines,5.88,,,,,,
Poland,5.887,8.111,98.27721,391920.0,38042794.0,27.36475,0.2983571010525171
Poland,5.646,9.185,98.46683,387760.0,38063255.0,27.15801,0.2989391676447731
Poland,5.876,7.687,98.65689,380780.0,38063164.0,24.68245,0.29952123423702903
Poland,5.746,8.755,98.8478,375430.0,38040196.0,23.7758,0.300103300829285
Poland,5.75,7.078,99.03952,362360.0,38011735.0,24.01657,0.30068536742154095
Poland,6.007,7.539,99.23207,366250.0,37986412.0,22.86504,0.3012674340137969
Poland,6.162,9.485,99.42566,377190.0,37970087.0,21.91566,0.301670403193051
Poland,6.201,8.729,99.62004,390070.0,37974826.0,22.88956,0.30207337237230514
Poland,6.111,9.448,99.81493,389650.0,37974750.0,22.86464,0.3024763415515593
Poland,6.242,12.509,99.96659,,37965475.0,22.76563,0.30287931073081337
Poland,6.166,,,,,,
Portugal,5.095,15.747,99.57889,67990.0,10573100.0,9.77271,0.3531328048648062
Portugal,5.22,16.25,99.68403,67110.0,10557560.0,10.45012,0.3544358779454881
Portugal,4.994,16.184,99.78943,65410.0,10514844.0,9.1396,0.35573895102617004
Portugal,5.158,15.466,99.86825,63700.0,10457295.0,8.82785,0.357042024106852
Portugal,5.127,15.671,99.90318,63320.0,10401062.0,8.65788,0.35834509718753393
Portugal,5.081,17.276,99.90469,67430.0,10358076.0,8.80415,0.3596481702682159
Portugal,5.447,16.231,99.90618,66380.0,10325452.0,7.82794,0.3596481702682159
Portugal,5.711,17.949,99.90766,70950.0,10300300.0,8.39613,0.3596481702682159
Portugal,5.92,15.14,99.90912,66820.0,10283822.0,8.21557,0.3596481702682159
Portugal,6.095,14.477,99.91057,,10286263.0,8.1761,0.3596481702682159
Portugal,5.929,,,,,,
Romania,4.909,10.206,100.0,114860.0,20246871.0,18.67198,0.27329051851789704
Romania,5.023,10.199,100.0,119570.0,20147528.0,19.74343,0.27652856022249156
Romania,5.167,11.809,100.0,116870.0,20058035.0,18.07134,0.27976660192708613
Romania,5.082,10.481,100.0,107300.0,19983693.0,16.69318,0.2830046436316807
Romania,5.727,9.141,100.0,106410.0,19908979.0,16.77057,0.2862426853362752
Romania,5.777,10.15,100.0,108090.0,19815616.0,16.25701,0.28948072704086986
Romania,5.969,11.241,100.0,105850.0,19702267.0,15.27077,0.2897163902999694
Romania,6.09,11.21,100.0,108560.0,19588715.0,15.62483,0.28995205355906895
Romania,6.151,10.887,100.0,109010.0,19473970.0,15.39175,0.29018771681816846
Romania,6.13,12.415,100.0,,19371648.0,15.06436,0.29042338007726803
Romania,6.14,,,,,,
Russia,5.385,-3.993,96.07661,2454000.0,142849468.0,15.52415,0.4760071014284728
Russia,5.389,-3.517,96.16482,2546200.0,142960908.0,13.86517,0.47598314269159836
Russia,5.621,-2.76,96.25412,2566170.0,143201721.0,13.88303,0.475959183954724
Russia,5.537,-3.932,96.34429,2529020.0,143506995.0,14.12903,0.4759352252178494
Russia,6.037,-4.58,96.4354,2521740.0,143819667.0,14.15678,0.475911266480975
Russia,5.996,-3.493,96.52716,2475690.0,144096870.0,13.08471,0.4758873077441005
Russia,5.855,-3.478,96.61953,2470100.0,144342397.0,12.3677,0.47593182189527694
Russia,5.579,-4.31,96.71242,2494150.0,144496739.0,11.70067,0.4759763360464534
Russia,5.514,-3.736,96.80563,2543400.0,144477859.0,11.81241,0.47602085019762985
Russia,5.441,-3.726,96.89903,,144406261.0,11.77739,0.4760653643488062
Russia,5.477,,,,,,
Saudi Arabia,6.307,27.538,98.74765,514560.0,27421468.0,65.71981,0.004544841349217794
Saudi Arabia,6.7,26.977,98.90773,534210.0,28267591.0,67.38528,0.004544841349217794
Saudi Arabia,6.396,27.239,99.0678,568100.0,29154906.0,70.38687,0.004544841349217794
Saudi Arabia,6.495,26.02,99.22788,585810.0,30052058.0,67.84979,0.004544841349217794
Saudi Arabia,6.278,26.498,99.38795,629390.0,30916603.0,59.13684,0.004544841349217794
Saudi Arabia,6.345,26.625,99.54803,660370.0,31717676.0,69.61744,0.004544841349217794
Saudi Arabia,6.474,27.316,99.7081,664170.0,32443443.0,62.20881,0.004544841349217794
Saudi Arabia,6.294,27.493,99.86818,656080.0,33101183.0,66.60413,0.004544841349217794
Saudi Arabia,6.356,27.409,100.0,638120.0,33702757.0,64.48388,0.004544841349217794
Saudi Arabia,6.561,27.901,100.0,,34268529.0,64.06007,0.004544841349217794
Saudi Arabia,6.494,,,,,,
Senegal,4.372,28.926,72.23203,24410.0,12678143.0,56.37801,0.4304632933784732
Senegal,3.834,28.832,73.51214,25490.0,13033814.0,58.06667,0.4284299671617816
Senegal,3.669,28.903,74.789,25120.0,13401990.0,64.83018,0.42639664094509006
Senegal,3.647,28.967,76.06272,26500.0,13782429.0,53.1099,0.4243633147283985
Senegal,4.395,29.489,77.33309,27140.0,14174740.0,55.26807,0.4223299885117069
Senegal,4.617,29.52,78.60209,28070.0,14578450.0,65.31429,0.42029666229501533
Senegal,4.595,29.028,79.86889,29770.0,14993514.0,59.40413,0.4182633360783238
Senegal,4.683,29.213,81.13345,29750.0,15419354.0,63.54887,0.41623000986163217
Senegal,4.769,28.709,82.39466,29990.0,15854324.0,60.05836,0.4141966836449406
Senegal,5.489,29.683,83.65219,,16296362.0,60.17498,0.41216335742824906
Senegal,5.132,,,,,,
Slovakia,6.052,8.475,98.62234,43160.0,5391428.0,21.66154,0.3911148724432571
Slovakia,5.945,8.933,98.99754,41670.0,5398384.0,22.80494,0.39127148887574686
Slovakia,5.911,9.383,99.37583,39350.0,5407579.0,20.51864,0.39142810530823663
Slovakia,5.937,8.735,99.52017,40000.0,5413393.0,19.81298,0.3915847217407264
Slovakia,6.139,7.946,99.78675,37340.0,5418649.0,19.48664,0.39174133817321616
Slovakia,6.162,8.725,99.78719,37770.0,5423801.0,19.28388,0.3918979546057059
Slovakia,5.993,9.611,99.78752,38580.0,5430798.0,18.03023,0.39206721455227683
Slovakia,6.366,10.049,99.78773,40480.0,5439232.0,18.41026,0.3922364744988478
Slovakia,6.235,9.703,99.78783,39930.0,5446771.0,18.65878,0.3924057344454188
Slovakia,6.243,12.235,99.78782,,5454147.0,18.52632,0.39257499439198973
Slovakia,6.331,,,,,,
Slovenia,6.083,10.307,99.5,19080.0,2048583.0,19.3096,0.6151038326838653
Slovenia,6.036,10.594,99.5,19020.0,2052843.0,21.06838,0.6152024860652099
Slovenia,6.063,11.74,99.5,18420.0,2057159.0,18.71353,0.6153011394465545
Slovenia,5.975,10.011,99.5,17780.0,2059953.0,18.53574,0.6153997928278991
Slovenia,5.678,10.283,99.5,16230.0,2061980.0,18.17968,0.6154984462092439
Slovenia,5.741,10.776,99.5,16310.0,2063531.0,18.02835,0.6155970995905885
Slovenia,5.937,10.566,99.5,17130.0,2065042.0,16.6265,0.6145937947023135
Slovenia,6.167,12.315,99.5,17310.0,2066388.0,16.80657,0.6135904898140384
Slovenia,6.249,11.187,99.5,17170.0,2073894.0,17.18076,0.6125871849257635
Slovenia,6.665,13.539,99.5,,2088385.0,17.06109,0.6115838800374882
Slovenia,6.461,,,,,,
South Africa,4.652,17.841,89.63844,499720.0,51216967.0,29.37227,0.1426172179876613
South Africa,4.931,17.427,90.10469,484250.0,52003759.0,29.38772,0.14231911072309847
South Africa,5.134,17.825,90.56175,503110.0,52832659.0,29.05601,0.14202100345853566
South Africa,3.661,18.374,91.00903,513020.0,53687125.0,28.64036,0.14172289619397282
South Africa,4.828,17.926,91.44728,525050.0,54544184.0,28.8292,0.14142478892941
South Africa,4.887,18.022,91.87634,501090.0,55386369.0,29.02988,0.14112668166484718
South Africa,4.77,19.187,92.29629,501550.0,56207649.0,28.49297,0.14082857440028435
South Africa,4.514,19.099,92.70702,514600.0,57009751.0,28.58338,0.1405304671357215
South Africa,4.884,18.77,93.10863,513440.0,57792520.0,28.44415,0.1402323598711587
South Africa,5.035,19.068,93.50123,,58558267.0,28.32529,0.13993425260659587
South Africa,4.956,,,,,,
South Korea,6.116,13.802,99.0141,646420.0,49554112.0,22.90255,0.6373615407643948
South Korea,6.947,13.335,99.10583,670790.0,49936638.0,25.51607,0.6363636363636364
South Korea,6.003,13.62,99.19756,675290.0,50199853.0,25.8422,0.6353657319628779
South Korea,5.959,14.081,99.28929,675000.0,50428893.0,27.5698,0.6343678275621195
South Korea,5.801,13.196,99.38102,664250.0,50746659.0,28.2092,0.6333699231613611
South Korea,5.78,13.08,99.47275,685800.0,51014947.0,27.00426,0.6323720187606028
South Korea,5.971,13.756,99.56448,696930.0,51217803.0,27.82776,0.6313741143598444
South Korea,5.874,13.22,99.65621,710340.0,51361911.0,26.90111,0.6303762099590859
South Korea,5.84,13.691,99.74794,718880.0,51606633.0,27.44769,0.6293783055583275
South Korea,5.903,12.869,99.83967,,51709098.0,27.44749,0.6283804011575691
South Korea,5.845,,,,,,
Spain,6.188,14.398,100.0,349440.0,46576897.0,11.79547,0.36651449034767347
Spain,6.518,15.346,100.0,348820.0,46742697.0,12.74152,0.36653757371658047
Spain,6.291,16.35,99.98617,342540.0,46773055.0,11.46312,0.3665606570854875
Spain,6.15,13.716,99.95664,316480.0,46620045.0,10.62795,0.3665837404543945
Spain,6.456,15.089,99.92694,314950.0,46480882.0,10.09,0.36660682382330156
Spain,6.381,16.29,99.92672,325510.0,46444832.0,10.81943,0.36662990719220856
Spain,6.319,15.522,99.9265,315830.0,46484062.0,9.82015,0.3667128729307973
Spain,6.23,17.795,99.92628,332170.0,46593236.0,10.02245,0.3667958386693861
Spain,6.513,14.815,99.92606,326940.0,46797754.0,10.03337,0.3668788044079748
Spain,6.457,15.066,99.92584,,47133521.0,9.99323,0.36696177014656356
Spain,6.491,,,,,,
Sweden,7.496,1.467,99.66207,60070.0,9378126.0,7.55838,0.6234357476765232
Sweden,7.382,4.204,99.68645,56110.0,9449213.0,7.61538,0.6230226851286379
Sweden,7.56,0.799,99.71087,53230.0,9519374.0,6.28548,0.6226096225807526
Sweden,7.434,3.564,99.7348,51530.0,9600379.0,6.28063,0.6221965600328674
Sweden,7.239,1.893,99.75825,50120.0,9696110.0,6.55795,0.6217834974849821
Sweden,7.289,0.772,99.78123,50050.0,9799186.0,5.96541,0.6213704349370968
Sweden,7.369,3.052,99.80376,49520.0,9923085.0,5.53104,0.6213704349370968
Sweden,7.287,2.225,99.82585,49070.0,10057698.0,5.78105,0.6213704349370968
Sweden,7.375,2.859,99.8262,46350.0,10175214.0,5.76737,0.6213704349370968
Sweden,7.398,3.897,99.82654,,10278887.0,5.72135,0.6213704349370968
Sweden,7.363,,,,,,
Taiwan,6.229,21.998,,,,22.9156,
Taiwan,6.309,23.507,,,,25.5922,
Taiwan,6.126,22.656,,,,25.7891,
Taiwan,6.34,23.596,,,,27.1923,
Taiwan,6.363,23.254,,,,26.9121,
Taiwan,6.45,24.495,,,,26.3571,
Taiwan,6.513,24.012,,,,23.3962,
Taiwan,6.359,23.145,,,,23.4472,
Taiwan,6.467,23.209,,,,23.8034,
Taiwan,6.537,23.193,,,,23.5335,
Taiwan,6.584,,,,,,
Tajikistan,4.381,3.404,69.47197,8780.0,7527397.0,36.07439,0.0286512928022362
Tajikistan,4.263,5.809,70.80223,9060.0,7697507.0,48.11263,0.02881621243885395
Tajikistan,4.497,4.188,72.14546,9840.0,7874838.0,42.88446,0.028981132075471698
Tajikistan,4.967,5.265,73.49981,10260.0,8059782.0,44.09017,0.02914605171208945
Tajikistan,4.896,4.674,74.8649,11700.0,8252828.0,41.35597,0.029310971348707197
Tajikistan,5.124,4.797,76.2395,12280.0,8454019.0,40.69803,0.029475890985324948
Tajikistan,5.104,5.86,77.62285,13650.0,8663575.0,39.80869,0.029503843466107616
Tajikistan,5.829,5.408,79.01397,14200.0,8880270.0,40.08521,0.029531795946890288
Tajikistan,5.497,4.893,80.41159,15210.0,9100847.0,39.74453,0.029559748427672956
Tajikistan,5.464,2.978,81.81511,,9321023.0,39.90629,0.029587700908455625
Tajikistan,5.466,,,,,,
Tanzania,3.229,21.3,43.92816,75950.0,44346532.0,26.35689,0.5285228767298672
Tanzania,4.074,21.5,45.70726,81790.0,45673520.0,28.16244,0.524586710006592
Tanzania,4.007,20.9,47.50187,87950.0,47053033.0,28.81121,0.5206505432833167
Tanzania,3.852,20.7,49.31034,93940.0,48483132.0,27.7554,0.5167143765600415
Tanzania,3.483,21.3,51.13106,97650.0,49960563.0,27.1181,0.5127782098367664
Tanzania,3.661,21.6,52.96379,103820.0,51482638.0,28.25751,0.5088420431134911
Tanzania,2.903,21.2,54.80741,104660.0,53049231.0,27.705,0.5038795370161688
Tanzania,3.347,21.7,56.66211,103330.0,54660345.0,25.23024,0.49891703091884665
Tanzania,3.445,20.9,58.52723,105380.0,56313444.0,25.38118,0.49395452482152435
Tanzania,3.64,21.2,60.40167,,58005461.0,24.60327,0.4889920187242021
Tanzania,3.623,,,,,,
Thailand,6.217,27.828,97.71447,360560.0,67195032.0,35.46658,0.3911950420954163
Thailand,6.664,26.514,98.04012,362400.0,67518379.0,29.95337,0.39114826941066416
Thailand,6.3,26.668,98.358,383440.0,67835969.0,31.36545,0.39110149672591205
Thailand,6.231,26.728,98.6706,395710.0,68144519.0,33.79969,0.39105472404116
Thailand,6.985,27.186,98.97793,390010.0,68438748.0,29.41482,0.39100795135640787
Thailand,6.202,27.81,99.25917,392810.0,68714519.0,28.04208,0.39096117867165575
Thailand,6.074,27.088,99.44567,395180.0,68971313.0,30.6404,0.3902284066105394
Thailand,5.939,26.954,99.76972,413200.0,69209817.0,26.87982,0.38949563454942315
Thailand,6.012,26.644,99.84852,416950.0,69428454.0,27.41578,0.3887628624883068
Thailand,6.022,27.732,99.96483,,69625581.0,27.32291,0.3880300904271905
Thailand,5.985,,,,,,
Tunisia,5.131,20.786,92.2249,37960.0,10635245.0,34.268,0.04201638041684494
Tunisia,4.876,19.765,92.41832,36290.0,10741872.0,31.24561,0.04210989548316118
Tunisia,4.464,22.624,93.03061,37240.0,10846993.0,30.51296,0.04220341054947741
Tunisia,5.246,19.415,93.63885,37120.0,10952949.0,29.88004,0.04229692561579365
Tunisia,4.764,20.809,94.24353,39360.0,11063195.0,32.64765,0.0423904406821099
Tunisia,5.132,20.562,94.84546,40170.0,11179951.0,31.14382,0.04248395574842614
Tunisia,4.521,21.201,95.44405,39730.0,11303942.0,32.86101,0.04257747081474238
Tunisia,4.124,21.608,95.99335,40720.0,11433438.0,29.93905,0.04267098588105861
Tunisia,4.741,20.527,96.51537,41100.0,11565203.0,30.73111,0.042764500947374856
Tunisia,4.315,22.9,97.03219,,11694721.0,30.55062,0.042858016013691096
Tunisia,4.596,,,,,,
Turkey,5.49,13.841,95.41132,374330.0,72326992.0,30.00437,0.26906715741702636
Turkey,5.272,12.453,95.58772,396910.0,73443254.0,28.61053,0.27046390713179047
Turkey,5.309,14.46,95.76049,411020.0,74651046.0,28.12718,0.2718606568465546
Turkey,4.888,13.348,95.92934,402240.0,75925454.0,28.84396,0.2732574065613187
Turkey,5.58,12.876,96.09454,427120.0,77229262.0,28.78455,0.2746541562760828
Turkey,5.514,11.961,96.25616,433850.0,78529413.0,29.59717,0.2760509059908469
Turkey,5.326,13.909,96.41432,460820.0,79827868.0,28.71693,0.2775570025090548
Turkey,5.607,13.378,96.56909,502670.0,81116451.0,27.15912,0.2790630990272627
Turkey,5.186,13.811,96.72061,502520.0,82340090.0,27.40293,0.28056919554547055
Turkey,4.872,14.932,96.86897,,83429607.0,26.85069,0.28207529206367843
Turkey,4.948,,,,,,
Uganda,4.193,24.411,40.20519,42960.0,32428164.0,38.86261,0.11386545228731113
Uganda,4.826,24.107,41.69614,43710.0,33476772.0,41.64899,0.11215764851997514
Uganda,4.309,23.733,43.20641,45660.0,34558700.0,42.85821,0.11044984475263919
Uganda,3.71,24.365,44.73397,46670.0,35694519.0,42.08482,0.10874204098530325
Uganda,3.77,24.242,46.27957,48380.0,36911530.0,40.81954,0.10703423721796732
Uganda,4.238,23.91,47.84156,50190.0,38225447.0,43.20758,0.10532643345063133
Uganda,4.233,23.843,49.41834,52850.0,39649173.0,41.77337,0.1036186296832954
Uganda,4.001,23.983,51.00911,53950.0,41166588.0,38.54776,0.10191082591595943
Uganda,4.322,23.344,52.61236,54870.0,42729032.0,37.21456,0.10020302214862348
Uganda,4.948,23.592,54.22828,,44269587.0,35.2285,0.09849521838128752
Uganda,4.636,,,,,,
Ukraine,5.058,10.236,95.0744,369850.0,45870741.0,19.09176,0.15815802550935895
Ukraine,5.083,9.352,94.62045,391160.0,45706086.0,18.42331,0.15851913201921483
Ukraine,5.03,9.848,94.16476,379030.0,45593342.0,17.79873,0.15888023852907074
Ukraine,4.711,10.039,94.0284,368050.0,45489648.0,17.92219,0.15924134503892662
Ukraine,4.297,7.347,93.58921,332020.0,45272155.0,17.51999,0.1596024515487825
Ukraine,3.965,8.917,93.65691,279070.0,45154036.0,16.88095,0.1599635580586384
Ukraine,4.029,9.388,93.72408,290100.0,45004673.0,15.11815,0.1600728838827232
Ukraine,4.311,8.783,93.79082,264100.0,44831135.0,14.6986,0.16018220970680802
Ukraine,4.662,9.47,93.85588,274510.0,44622518.0,14.78515,0.16029153553089281
Ukraine,4.702,11.904,93.86696,,44386203.0,14.70064,0.16040086135497764
Ukraine,4.875,,,,,,
United Arab Emirates,7.097,29.507,99.97134,208580.0,8549998.0,42.54867,0.037954545454545456
United Arab Emirates,7.119,29.393,99.97134,214630.0,8946778.0,45.0258,0.037954545454545456
United Arab Emirates,7.218,29.097,99.97133,226570.0,9141598.0,46.58007,0.037954545454545456
United Arab Emirates,6.621,27.865,99.97133,237630.0,9197908.0,43.3845,0.037954545454545456
United Arab Emirates,6.54,28.739,99.97133,240020.0,9214182.0,40.7299,0.037954545454545456
United Arab Emirates,6.568,29.451,99.97133,252850.0,9262896.0,45.18947,0.037954545454545456
United Arab Emirates,6.831,28.62,99.97133,259650.0,9360975.0,42.79195,0.037954545454545456
United Arab Emirates,7.039,29.903,99.97133,269820.0,9487206.0,43.03017,0.037954545454545456
United Arab Emirates,6.604,29.842,99.97133,263240.0,9630966.0,43.20993,0.037954545454545456
United Arab Emirates,6.711,30.317,99.96846,,9770526.0,43.0844,0.037954545454545456
United Arab Emirates,6.561,,,,,,
United Kingdom,7.029,10.05,100.0,594560.0,62766365.0,12.38783,0.1259365994236311
United Kingdom,6.869,8.654,100.0,551940.0,63258810.0,12.95079,0.12672704816797037
United Kingdom,6.881,8.189,100.0,573410.0,63700215.0,11.38851,0.1275174969123096
United Kingdom,6.918,8.823,100.0,554670.0,64128273.0,11.36731,0.12830794565664883
United Kingdom,6.758,10.057,100.0,513800.0,64602298.0,10.82781,0.12909839440098805
United Kingdom,6.515,8.72,100.0,497740.0,65116219.0,10.32277,0.12988884314532728
United Kingdom,6.824,9.704,100.0,475240.0,65611593.0,10.15293,0.13017702758336763
United Kingdom,7.103,10.225,100.0,461190.0,66058859.0,10.28748,0.13046521202140798
United Kingdom,7.233,10.537,100.0,452080.0,66460344.0,10.10409,0.13075339645944833
United Kingdom,7.157,9.118,100.0,,66836327.0,10.02183,0.13104158089748869
United Kingdom,7.064,,,,,,
United States,7.164,17.9,98.97895,6442580.0,309327143.0,9.23072,0.32061177945041747
United States,7.115,17.8,99.07489,6214430.0,311583481.0,9.27236,0.3208973723480233
United States,7.026,18.3,99.16969,5968740.0,313877662.0,8.8823,0.3211829652456291
United States,7.249,18.6,99.26338,6108670.0,316059947.0,8.65491,0.32146855814323494
United States,7.151,17.5,99.35588,6129040.0,318386329.0,8.44529,0.3217541510408407
United States,6.864,18.8,99.44716,6003650.0,320738994.0,8.17797,0.32203974393844653
United States,6.804,19.0,99.53714,5907270.0,323071755.0,7.39055,0.32197743276078705
United States,6.992,18.4,99.62582,5842800.0,325122128.0,7.75763,0.32191512158312763
United States,6.883,18.6,99.71312,6023620.0,326838199.0,7.78762,0.3218528104054682
United States,6.944,18.1,99.79904,,328329953.0,7.67611,0.3217904992278087
United States,6.951,,,,,,
Uruguay,6.062,17.954,98.39293,36010.0,3359273.0,9.47559,0.09563396930963244
Uruguay,6.554,17.163,98.55795,37550.0,3368926.0,9.74251,0.09771866058309489
Uruguay,6.45,17.598,98.70838,38420.0,3378975.0,9.36476,0.09980335185655732
Uruguay,6.444,17.697,98.85258,37420.0,3389436.0,10.37529,0.10188804313001978
Uruguay,6.561,17.596,98.99356,36900.0,3400439.0,9.93238,0.10397273440348222
Uruguay,6.628,19.044,99.1314,36660.0,3412013.0,9.96884,0.10605742567694466
Uruguay,6.171,15.794,99.26625,37050.0,3424139.0,9.92336,0.10728371466133434
Uruguay,6.336,19.59,99.39807,36110.0,3436645.0,9.57563,0.10851000364572401
Uruguay,6.372,16.448,99.4786,36160.0,3449290.0,9.61625,0.10973629263011368
Uruguay,6.6,20.717,99.48724,,3461731.0,9.57094,0.11096258161450336
Uruguay,6.431,,,,,,
Uzbekistan,5.095,14.915,96.12821,238390.0,28562400.0,33.6145,0.0748681269557443
Uzbekistan,5.739,14.224,96.47084,242350.0,29339400.0,43.03611,0.07576128743853375
Uzbekistan,6.019,14.496,96.79867,230380.0,29774500.0,40.45578,0.0766544479213232
Uzbekistan,5.94,13.896,97.12731,232950.0,30243200.0,41.04126,0.07754760840411266
Uzbekistan,6.049,15.012,97.37537,226090.0,30757700.0,38.91105,0.0784407688869021
Uzbekistan,5.972,15.367,97.52858,222860.0,31298900.0,36.99091,0.07933392936969155
Uzbekistan,5.893,14.148,97.68127,230900.0,31847900.0,36.67223,0.07996092981671882
Uzbekistan,6.421,13.767,97.83345,234920.0,32388600.0,36.61596,0.08058793026374611
Uzbekistan,6.205,13.068,97.83094,235510.0,32956100.0,36.34037,0.08121493071077335
Uzbekistan,6.154,13.561,97.82938,,33580350.0,36.352,0.08184193115780063
Uzbekistan,6.179,,,,,,
Venezuela,7.478,26.696,95.45675,260460.0,28439942.0,23.46386,0.5183617129233069
Venezuela,6.58,26.469,95.27965,259660.0,28887873.0,24.81057,0.5165678245830355
Venezuela,7.067,26.389,95.10256,279300.0,29360827.0,22.87687,0.5147739362427641
Venezuela,6.553,26.487,94.92546,284140.0,29781046.0,22.95083,0.5129800479024927
Venezuela,6.136,26.654,94.74837,285460.0,30042973.0,22.35515,0.5111861595622215
Venezuela,5.569,26.508,94.57128,270980.0,30081827.0,22.65819,0.5093922712219501
Venezuela,4.041,26.298,94.39418,257600.0,29851249.0,22.27268,0.5084056326348008
Venezuela,5.071,26.326,94.21709,243570.0,29402480.0,21.88744,0.5074189940476515
Venezuela,5.006,26.258,94.03999,233920.0,28887117.0,22.1235,0.5064323554605022
Venezuela,5.081,26.568,93.8629,,28515829.0,22.21524,0.505445716873353
Venezuela,4.892,,,,,,
Vietnam,5.296,25.221,88.86376,258430.0,87967655.0,27.1181,0.4042142192915716
Vietnam,5.767,24.449,89.65489,257880.0,88871384.0,23.77469,0.40828291245486276
Vietnam,5.535,24.753,90.43672,258290.0,89801926.0,23.58582,0.41235160561815387
Vietnam,5.023,24.409,91.20865,268770.0,90752593.0,25.17827,0.4164202987814451
Vietnam,5.085,24.865,92.42199,283000.0,91713850.0,22.26175,0.4204889919447363
Vietnam,5.076,25.327,93.32806,327320.0,92677082.0,21.72136,0.4245576851080275
Vietnam,5.062,25.192,94.10247,341580.0,93640435.0,22.42143,0.42806740093957957
Vietnam,5.175,24.982,94.81408,340420.0,94600643.0,20.33531,0.4315771167711315
Vietnam,5.296,24.517,95.51497,376530.0,95545959.0,20.36473,0.4350868326026835
Vietnam,5.467,25.807,96.20509,,96462108.0,20.19471,0.43859654843423546
Vietnam,5.411,,,,,,
Yemen,4.35,27.869,50.52801,35610.0,23154854.0,44.8245,0.010398357476210679
Yemen,3.746,27.881,51.6066,32390.0,23807586.0,49.06382,0.010398357476210679
Yemen,4.061,27.338,52.67102,31470.0,24473176.0,54.55899,0.010398357476210679
Yemen,4.218,27.284,53.72152,38350.0,25147112.0,51.55041,0.010398357476210679
Yemen,3.968,27.506,54.75738,38810.0,25823488.0,43.85524,0.010398357476210679
Yemen,2.983,27.742,55.77887,26050.0,26497881.0,48.46628,0.010398357476210679
Yemen,3.826,27.636,56.78562,22740.0,27168210.0,45.15434,0.010398357476210679
Yemen,3.254,27.808,57.7776,21970.0,27834811.0,46.6112,0.010398357476210679
Yemen,3.058,27.651,58.75449,21760.0,28498683.0,45.31726,0.010398357476210679
Yemen,4.197,27.894,59.71658,,29161922.0,44.64506,0.010398357476210679
Yemen,3.658,,,,,,
Zimbabwe,4.682,21.614,67.54071,28080.0,12697728.0,24.6478,0.45822032618737474
Zimbabwe,4.846,22.303,67.01608,30550.0,12894323.0,26.33544,0.4570413325928902
Zimbabwe,4.955,22.384,66.49118,30780.0,13115149.0,26.36427,0.45586233899840567
Zimbabwe,4.69,22.645,65.96647,30860.0,13350378.0,25.57768,0.45468334540392114
Zimbabwe,4.184,22.56,65.45411,29350.0,13586710.0,26.2316,0.45350435180943655
Zimbabwe,3.703,22.364,64.95493,31280.0,13814642.0,25.9843,0.45232535821495196
Zimbabwe,3.735,22.488,64.46896,29120.0,14030338.0,25.39554,0.4511463646204675
Zimbabwe,3.638,22.735,63.99662,28800.0,14236599.0,22.61333,0.4499673710259829
Zimbabwe,3.616,22.55,63.53877,31380.0,14438812.0,22.10827,0.44878837743149835
Zimbabwe,2.694,22.338,63.09496,,14645473.0,20.84664,0.4476093838370138
Zimbabwe,3.145,,,,,,
