,Country,Code,Year,Annual_CO2_emission_tonnes,Life_ladder,Basic_drinking_water,Air_pollutant_pm2.5
0,Afghanistan,AFG,2008,4198329.64,3.724,43.31,
1,Afghanistan,AFG,2009,6760313.49,4.402,45.78,
2,Afghanistan,AFG,2010,8452224.14,4.758,48.29,49.8
3,Afghanistan,AFG,2011,12226017.38,3.832,50.83,50.3
4,Afghanistan,AFG,2012,10742056.72,3.783,53.4,54.67
5,Afghanistan,AFG,2013,10000414.29,3.572,56.01,54.89
6,Afghanistan,AFG,2014,9789185.57,3.131,58.66,59.05
7,Afghanistan,AFG,2015,10107428.68,3.983,61.34,54.89
8,Afghanistan,AFG,2016,12257907.69,4.22,64.05,55.14
9,Afghanistan,AFG,2017,13014739.66,2.662,66.81,
10,Albania,ALB,2009,4374816.0,5.485,90.93,
11,Albania,ALB,2010,4594656.0,5.269,91.38,20.09
12,Albania,ALB,2011,5235856.0,5.867,91.81,22.77
13,Albania,ALB,2012,4906096.0,5.51,92.23,20.82
14,Albania,ALB,2013,5059984.0,4.551,92.63,19.91
15,Albania,ALB,2014,5712176.0,4.814,93.02,19.8
16,Albania,ALB,2015,5947724.28,4.607,93.39,19.06
17,Albania,ALB,2016,6272857.94,4.511,93.75,18.07
18,Albania,ALB,2017,6379207.0,4.64,94.1,
19,Algeria,DZA,2011,119806887.5,5.317,92.51,29.67
20,Algeria,DZA,2012,128109951.1,5.605,92.75,30.21
21,Algeria,DZA,2017,150551376.6,5.249,93.83,
22,Angola,AGO,2011,30142144.46,5.589,51.17,37.19
23,Angola,AGO,2012,33185815.75,4.36,51.97,35.69
24,Angola,AGO,2013,32373114.67,3.937,52.76,39.63
25,Angola,AGO,2014,34457641.91,3.795,53.54,36.8
26,Argentina,ARG,2008,188041184.3,5.961,98.04,
27,Argentina,ARG,2009,178867384.3,6.424,98.24,
28,Argentina,ARG,2010,186686451.5,6.441,98.43,11.42
29,Argentina,ARG,2011,190247901.5,6.776,98.61,11.64
30,Argentina,ARG,2012,191044680.3,6.468,98.79,11.42
31,Argentina,ARG,2013,188428149.5,6.582,98.85,12.4
32,Argentina,ARG,2014,202671490.1,6.671,98.91,11.98
33,Argentina,ARG,2015,206367967.5,6.697,98.97,12.5
34,Argentina,ARG,2016,207064059.7,6.427,99.02,12.58
35,Argentina,ARG,2017,204323434.8,6.039,0.0,
36,Armenia,ARM,2008,5582114.0,4.652,97.58,
37,Armenia,ARM,2009,4362330.0,4.178,97.89,
38,Armenia,ARM,2010,4260176.0,4.368,98.2,28.3
39,Armenia,ARM,2011,4968876.0,4.26,98.51,35.02
40,Armenia,ARM,2012,5748252.0,4.32,98.83,36.63
41,Armenia,ARM,2013,5549428.33,4.277,99.15,34.03
42,Armenia,ARM,2014,5581436.67,4.453,99.44,32.12
43,Armenia,ARM,2015,5791730.01,4.348,99.55,32.76
44,Armenia,ARM,2016,5960812.77,4.325,99.56,33.84
45,Armenia,ARM,2017,5656391.74,4.288,99.94,
46,Australia,AUS,2008,405048537.2,7.254,99.84,
47,Australia,AUS,2010,406752772.7,7.45,99.88,7.44
48,Australia,AUS,2011,404246571.2,7.406,99.89,7.23
49,Australia,AUS,2012,407146057.1,7.196,99.9,7.6
50,Australia,AUS,2013,398163798.2,7.364,99.91,7.35
51,Australia,AUS,2014,393464239.2,7.289,99.96,7.22
52,Australia,AUS,2015,402995453.4,7.309,99.97,7.19
53,Australia,AUS,2016,413369923.0,7.25,99.97,7.14
54,Australia,AUS,2017,413092654.5,7.257,99.97,
55,Austria,AUT,2008,73806271.05,7.181,100.0,
56,Austria,AUT,2010,72383144.13,7.303,100.0,15.49
57,Austria,AUT,2011,70115670.43,7.471,100.0,15.86
58,Austria,AUT,2012,67661399.55,7.401,100.0,14.26
59,Austria,AUT,2013,68001230.43,7.499,100.0,13.98
60,Austria,AUT,2014,64253326.18,6.95,100.0,12.82
61,Austria,AUT,2015,66703987.93,7.076,100.0,13.41
62,Austria,AUT,2016,67402082.59,7.048,100.0,12.15
63,Austria,AUT,2017,69941755.62,7.294,100.0,
64,Azerbaijan,AZE,2008,35450600.0,4.817,83.43,
65,Azerbaijan,AZE,2009,31856630.0,4.574,84.7,
66,Azerbaijan,AZE,2010,30632888.0,4.219,85.97,17.49
67,Azerbaijan,AZE,2011,33396618.0,4.68,87.26,21.53
68,Azerbaijan,AZE,2012,35496946.0,4.911,88.55,22.17
69,Azerbaijan,AZE,2013,35579960.99,5.481,89.85,20.82
70,Azerbaijan,AZE,2014,37414423.24,5.252,91.16,19.65
71,Azerbaijan,AZE,2015,40241429.05,5.147,92.42,20.19
72,Azerbaijan,AZE,2016,39688284.55,5.304,93.18,20.99
73,Azerbaijan,AZE,2017,38209717.67,5.152,93.94,
74,Bahrain,BHR,2009,28097529.42,5.701,99.98,
75,Bahrain,BHR,2010,29074829.99,5.937,99.98,58.94
76,Bahrain,BHR,2011,28438830.2,4.824,99.99,58.96
77,Bangladesh,BGD,2008,48307613.72,5.052,96.09,
78,Bangladesh,BGD,2009,52292608.83,5.083,96.24,
79,Bangladesh,BGD,2010,58281848.69,4.858,96.4,56.03
80,Bangladesh,BGD,2011,61597468.63,4.986,96.55,54.17
81,Bangladesh,BGD,2012,65602526.31,4.724,96.69,60.54
82,Bangladesh,BGD,2013,67706514.62,4.66,96.83,61.1
83,Bangladesh,BGD,2015,83500786.53,4.633,97.1,64.02
84,Bangladesh,BGD,2016,85253607.89,4.556,97.23,62.79
85,Bangladesh,BGD,2017,88057460.51,4.31,97.35,
86,Belarus,BLR,2009,61937832.26,5.564,97.8,
87,Belarus,BLR,2010,63862389.67,5.526,97.54,20.97
88,Belarus,BLR,2011,62772746.14,5.225,97.28,19.57
89,Belarus,BLR,2012,63674757.09,5.749,97.01,19.05
90,Belarus,BLR,2013,64423697.5,5.876,96.74,19.25
91,Belarus,BLR,2014,63779985.33,5.812,96.47,19.35
92,Belarus,BLR,2015,58965752.83,5.719,96.48,18.19
93,Belarus,BLR,2016,60509202.94,5.178,96.49,16.36
94,Belarus,BLR,2017,61371792.7,5.553,96.5,
95,Belgium,BEL,2008,120659010.0,7.117,100.0,
96,Belgium,BEL,2010,113582031.4,6.854,100.0,16.43
97,Belgium,BEL,2011,104158641.9,7.111,100.0,16.28
98,Belgium,BEL,2012,101394975.2,6.935,100.0,14.73
99,Belgium,BEL,2013,101970442.0,7.104,100.0,14.12
100,Belgium,BEL,2014,96391041.25,6.855,100.0,12.82
101,Belgium,BEL,2015,100229489.8,6.904,100.0,13.66
102,Belgium,BEL,2016,100243709.2,6.949,100.0,12.68
103,Belgium,BEL,2017,100116011.9,6.928,100.0,
104,Belize,BLZ,2014,494640.0,5.956,96.54,19.84
105,Benin,BEN,2008,4254813.41,3.667,63.7,
106,Benin,BEN,2011,5121284.06,3.87,64.2,38.68
107,Benin,BEN,2012,5305521.07,3.193,64.35,36.05
108,Benin,BEN,2013,5652638.86,3.479,64.5,37.91
109,Benin,BEN,2014,6158234.25,3.347,64.65,34.95
110,Benin,BEN,2015,6350336.13,3.625,64.79,42.85
111,Benin,BEN,2016,6747918.55,4.007,64.92,42.17
112,Benin,BEN,2017,7502064.86,4.853,65.05,
113,Bhutan,BTN,2013,853144.38,5.569,94.7,37.19
114,Bhutan,BTN,2014,919603.68,4.939,95.43,39.92
115,Bhutan,BTN,2015,987956.94,5.082,96.22,37.24
116,Bolivia,BOL,2008,13040638.6,5.298,,
117,Bolivia,BOL,2009,13746585.64,6.086,,
118,Bolivia,BOL,2010,14941383.54,5.781,,
119,Bolivia,BOL,2011,15851237.6,5.779,,
120,Bolivia,BOL,2012,18485711.54,6.019,,
121,Bolivia,BOL,2013,18571625.04,5.767,,
122,Bolivia,BOL,2014,20029798.51,5.865,,
123,Bolivia,BOL,2015,20001925.37,5.834,,
124,Bolivia,BOL,2016,20562262.44,5.77,,
125,Bolivia,BOL,2017,20885176.38,5.651,,
126,Bosnia and Herzegovina,BIH,2009,20537094.07,4.963,96.74,
127,Bosnia and Herzegovina,BIH,2010,21145640.45,4.669,96.67,32.26
128,Bosnia and Herzegovina,BIH,2011,23761289.19,4.995,96.59,35.83
129,Bosnia and Herzegovina,BIH,2012,22136196.7,4.773,96.45,32.49
130,Bosnia and Herzegovina,BIH,2013,21801049.19,5.124,96.35,30.99
131,Bosnia and Herzegovina,BIH,2014,22117606.33,5.249,96.17,30.98
132,Bosnia and Herzegovina,BIH,2015,24764166.95,5.117,96.16,29.9
133,Bosnia and Herzegovina,BIH,2016,26001698.03,5.181,96.15,28.14
134,Bosnia and Herzegovina,BIH,2017,26646890.71,5.09,96.14,
135,Botswana,BWA,2008,4503056.0,5.451,80.32,
136,Botswana,BWA,2010,4653585.98,3.553,83.05,26.32
137,Botswana,BWA,2011,4138367.31,3.52,84.34,23.53
138,Botswana,BWA,2012,4185619.24,4.836,85.42,23.68
139,Botswana,BWA,2013,5184760.08,4.128,86.46,23.58
140,Botswana,BWA,2014,6986805.22,4.031,87.46,22.33
141,Botswana,BWA,2015,7102967.37,3.762,88.45,27.7
142,Botswana,BWA,2016,7098396.26,3.499,89.4,25.16
143,Botswana,BWA,2017,7874985.93,3.505,90.34,
144,Brazil,BRA,2008,380344928.0,6.691,95.96,
145,Brazil,BRA,2009,360090776.0,7.001,96.24,
146,Brazil,BRA,2010,411240192.0,6.837,96.52,14.37
147,Brazil,BRA,2011,430194902.3,7.038,96.79,14.74
148,Brazil,BRA,2013,493593511.3,7.14,97.31,13.27
149,Brazil,BRA,2014,519526349.7,6.981,97.56,13.11
150,Brazil,BRA,2015,512081882.0,6.547,97.8,11.77
151,Brazil,BRA,2016,473741376.0,6.375,97.96,11.62
152,Brazil,BRA,2017,476066778.3,6.333,98.45,
153,Bulgaria,BGR,2010,47792803.35,3.912,99.4,21.56
154,Bulgaria,BGR,2011,53116467.41,3.875,99.36,24.55
155,Bulgaria,BGR,2012,48269491.35,4.222,99.32,22.35
156,Bulgaria,BGR,2013,42586002.72,3.993,99.28,20.8
157,Bulgaria,BGR,2014,45142469.21,4.438,99.24,21.58
158,Bulgaria,BGR,2015,48132691.51,4.865,99.2,20.07
159,Bulgaria,BGR,2016,45287386.92,4.838,99.16,19.04
160,Bulgaria,BGR,2017,49071233.14,5.097,99.12,
161,Burkina Faso,BFA,2008,1862771.29,3.846,54.37,
162,Burkina Faso,BFA,2010,1893940.54,4.036,53.15,50.63
163,Burkina Faso,BFA,2011,2141238.46,4.785,52.54,51.66
164,Burkina Faso,BFA,2012,2550341.84,3.955,51.94,49.53
165,Burkina Faso,BFA,2013,2992411.8,3.326,51.33,45.24
166,Burkina Faso,BFA,2014,2802106.54,3.481,50.73,46.56
167,Burkina Faso,BFA,2015,2781255.94,4.419,50.14,58.5
168,Burkina Faso,BFA,2016,2969811.57,4.206,49.54,55.96
169,Burkina Faso,BFA,2017,3334981.27,4.647,48.95,
170,Burundi,BDI,2008,190528.0,3.563,55.33,
171,Burundi,BDI,2009,190528.0,3.792,55.92,
172,Burundi,BDI,2011,237564.4,3.706,57.13,34.46
173,Burundi,BDI,2014,431530.64,2.905,58.96,35.5
174,Cambodia,KHM,2008,3804986.41,4.462,62.99,
175,Cambodia,KHM,2009,4540697.38,4.111,63.88,
176,Cambodia,KHM,2010,4916927.86,4.141,64.73,28.56
177,Cambodia,KHM,2011,5094280.27,4.161,65.54,23.15
178,Cambodia,KHM,2012,5333521.58,3.899,66.32,25.83
179,Cambodia,KHM,2013,5475786.54,3.674,67.06,26.04
180,Cambodia,KHM,2014,6516419.01,3.883,67.77,23.95
181,Cambodia,KHM,2015,6976524.67,4.162,68.44,23.5
182,Cambodia,KHM,2016,7481962.36,4.461,69.08,25.05
183,Cambodia,KHM,2017,7938274.63,4.586,69.68,
184,Cameroon,CMR,2008,5426279.0,4.292,61.21,
185,Cameroon,CMR,2009,6594907.04,4.741,61.63,
186,Cameroon,CMR,2010,6662026.91,4.554,62.04,58.25
187,Cameroon,CMR,2011,5630572.59,4.434,62.44,57.0
188,Cameroon,CMR,2012,5975020.83,4.245,62.83,58.97
189,Cameroon,CMR,2013,6615013.1,4.271,63.22,57.72
190,Cameroon,CMR,2014,6853996.41,4.24,63.6,55.89
191,Cameroon,CMR,2015,7217410.36,5.038,63.97,68.42
192,Cameroon,CMR,2016,7586133.25,4.816,64.34,65.42
193,Cameroon,CMR,2017,7687196.41,5.074,64.7,
194,Canada,CAN,2008,574805870.6,7.486,99.24,
195,Canada,CAN,2009,540518686.7,7.488,99.24,
196,Canada,CAN,2010,555459693.7,7.65,99.24,8.21
197,Canada,CAN,2011,560775900.5,7.426,99.24,8.08
198,Canada,CAN,2012,563675200.3,7.415,99.23,8.13
199,Canada,CAN,2013,568892395.7,7.594,99.23,7.63
200,Canada,CAN,2014,568008388.0,7.304,99.23,7.56
201,Canada,CAN,2015,565576677.0,7.413,99.23,7.33
202,Canada,CAN,2016,558188999.7,7.245,99.23,6.41
203,Canada,CAN,2017,572782585.8,7.415,99.23,
204,Central African Republic,CAF,2010,263808.0,3.568,47.61,39.94
205,Central African Republic,CAF,2011,278464.0,3.678,46.53,40.81
206,Central African Republic,CAF,2016,310857.95,2.693,41.28,43.27
207,Central African Republic,CAF,2017,310733.67,3.476,40.25,
208,Chad,TCD,2008,509296.0,4.632,42.09,
209,Chad,TCD,2009,490976.0,3.639,42.4,
210,Chad,TCD,2010,516624.0,3.743,42.72,55.79
211,Chad,TCD,2011,538608.0,4.393,43.05,55.78
212,Chad,TCD,2012,595686.03,4.033,43.38,58.46
213,Chad,TCD,2013,680574.12,3.508,43.71,57.1
214,Chad,TCD,2014,707132.74,3.46,44.05,51.62
215,Chad,TCD,2015,713455.87,4.323,44.4,66.33
216,Chad,TCD,2016,728968.24,4.029,44.75,64.27
217,Chad,TCD,2017,728707.55,4.559,45.1,
218,Chile,CHL,2008,70818677.29,5.789,97.85,
219,Chile,CHL,2009,65919858.48,6.494,98.09,
220,Chile,CHL,2010,71329785.86,6.636,98.33,21.92
221,Chile,CHL,2011,78083781.19,6.526,98.57,22.64
222,Chile,CHL,2012,79703889.85,6.599,98.8,21.88
223,Chile,CHL,2013,81675970.15,6.74,99.04,23.5
224,Chile,CHL,2014,80977071.12,6.844,99.27,22.83
225,Chile,CHL,2015,81161248.54,6.533,99.51,24.14
226,Chile,CHL,2016,86127998.65,6.579,99.74,23.92
227,Chile,CHL,2017,84603249.72,6.32,99.97,
228,Colombia,COL,2008,67226517.13,6.168,94.22,
229,Colombia,COL,2009,71851614.45,6.272,94.54,
230,Colombia,COL,2010,75300420.0,6.408,94.85,19.9
231,Colombia,COL,2011,75743096.52,6.464,95.16,20.32
232,Colombia,COL,2012,79350288.0,6.375,95.46,19.46
233,Colombia,COL,2013,89000052.05,6.607,95.76,19.68
234,Colombia,COL,2014,83415538.22,6.449,96.05,19.25
235,Colombia,COL,2015,86022257.01,6.388,96.34,18.64
236,Colombia,COL,2016,86372986.18,6.234,96.62,18.45
237,Colombia,COL,2017,81226821.7,6.157,96.86,
238,Comoros,COM,2009,131904.0,3.476,84.22,
239,Comoros,COM,2010,161216.0,3.812,83.41,14.32
240,Comoros,COM,2011,135568.0,3.838,82.6,14.65
241,Comoros,COM,2012,142896.0,3.956,81.79,14.65
242,Costa Rica,CRI,2008,7910460.14,6.851,97.52,
243,Costa Rica,CRI,2009,7679255.64,7.615,97.84,
244,Costa Rica,CRI,2010,7428009.93,7.271,98.11,19.8
245,Costa Rica,CRI,2011,7584437.06,7.229,98.37,20.63
246,Costa Rica,CRI,2012,7606994.24,7.272,98.65,19.46
247,Costa Rica,CRI,2013,7431224.07,7.158,98.9,19.67
248,Costa Rica,CRI,2014,7587062.64,7.247,99.15,19.21
249,Costa Rica,CRI,2015,8172100.49,6.854,99.38,18.81
250,Costa Rica,CRI,2016,8565684.25,7.136,99.6,18.69
251,Costa Rica,CRI,2017,8695008.05,7.225,99.77,
252,Croatia,HRV,2009,21995506.09,5.433,0.0,
253,Croatia,HRV,2010,21245083.26,5.596,0.0,19.7
254,Croatia,HRV,2011,20801673.51,5.385,0.0,21.33
255,Croatia,HRV,2012,19242973.03,6.028,0.0,19.16
256,Croatia,HRV,2013,18588178.03,5.885,0.0,18.87
257,Croatia,HRV,2014,17850672.4,5.381,0.0,18.34
258,Croatia,HRV,2015,17996567.99,5.205,0.0,18.33
259,Croatia,HRV,2016,18221474.35,5.417,0.0,17.26
260,Croatia,HRV,2017,17181602.46,5.343,0.0,
261,Cyprus,CYP,2009,8382598.53,6.833,99.83,
262,Cyprus,CYP,2010,8017876.96,6.387,99.83,18.07
263,Cyprus,CYP,2011,7700195.13,6.69,99.82,18.63
264,Cyprus,CYP,2012,7169926.64,6.181,99.81,17.64
265,Cyprus,CYP,2013,6494858.94,5.439,99.8,16.75
266,Cyprus,CYP,2014,6878543.05,5.627,99.8,16.11
267,Cyprus,CYP,2015,6902871.46,5.439,99.79,16.89
268,Cyprus,CYP,2016,7307799.07,5.795,99.78,14.72
269,Cyprus,CYP,2017,7514687.44,6.062,99.77,
270,Czech Republic,CZE,2010,117495552.1,6.25,,
271,Czech Republic,CZE,2011,115023302.1,6.331,,
272,Czech Republic,CZE,2012,110914080.3,6.334,,
273,Czech Republic,CZE,2013,106401191.6,6.698,,
274,Czech Republic,CZE,2014,104060306.6,6.484,,
275,Czech Republic,CZE,2015,104784558.0,6.608,,
276,Czech Republic,CZE,2016,106543295.2,6.736,,
277,Czech Republic,CZE,2017,107895755.7,6.79,,
278,Denmark,DNK,2008,51210598.01,7.971,100.0,
279,Denmark,DNK,2009,48823493.8,7.683,100.0,
280,Denmark,DNK,2010,49292274.56,7.771,100.0,12.24
281,Denmark,DNK,2011,44315542.97,7.788,100.0,12.96
282,Denmark,DNK,2012,39880858.08,7.52,100.0,11.08
283,Denmark,DNK,2013,41825053.93,7.589,100.0,10.74
284,Denmark,DNK,2014,37623532.41,7.508,100.0,10.66
285,Denmark,DNK,2015,35315117.86,7.514,100.0,10.6
286,Denmark,DNK,2016,37117342.56,7.558,100.0,9.85
287,Denmark,DNK,2017,34550121.09,7.594,100.0,
288,Djibouti,DJI,2008,498304.0,5.009,75.58,
289,Djibouti,DJI,2009,461664.0,4.906,75.6,
290,Djibouti,DJI,2011,472656.0,4.369,75.65,33.22
291,Dominican Republic,DOM,2008,20269016.28,4.842,93.8,
292,Dominican Republic,DOM,2009,19813658.54,5.432,94.18,
293,Dominican Republic,DOM,2010,20574429.09,4.735,94.54,15.86
294,Dominican Republic,DOM,2011,20780658.03,5.397,94.88,16.03
295,Dominican Republic,DOM,2012,21651295.88,4.753,95.21,16.02
296,Dominican Republic,DOM,2013,20957795.31,5.016,95.51,15.97
297,Dominican Republic,DOM,2014,20991096.96,5.387,95.81,16.08
298,Dominican Republic,DOM,2015,21471109.36,5.062,96.1,16.25
299,Dominican Republic,DOM,2016,21782343.9,5.239,96.38,16.04
300,Dominican Republic,DOM,2017,21268776.28,5.605,96.46,
301,Ecuador,ECU,2008,33324993.46,5.297,88.1,
302,Ecuador,ECU,2009,35503217.19,6.022,88.81,
303,Ecuador,ECU,2010,35884097.21,5.838,89.53,19.56
304,Ecuador,ECU,2011,37973460.94,5.795,90.24,18.35
305,Ecuador,ECU,2012,37460526.2,5.961,90.95,20.07
306,Ecuador,ECU,2013,40252210.7,6.019,91.65,19.09
307,Ecuador,ECU,2014,43196974.03,5.946,92.36,19.62
308,Ecuador,ECU,2015,41874351.47,5.964,93.06,19.4
309,Ecuador,ECU,2016,39753913.22,6.115,93.77,19.55
310,Ecuador,ECU,2017,38797288.26,5.84,94.31,
311,Egypt,EGY,2009,202709705.6,5.066,98.62,
312,Egypt,EGY,2010,198807663.8,4.669,98.7,72.72
313,Egypt,EGY,2011,213271004.6,4.174,98.78,62.02
314,Egypt,EGY,2012,211992734.9,4.204,98.86,65.27
315,Egypt,EGY,2013,208450844.5,3.559,98.94,71.11
316,Egypt,EGY,2014,197101499.8,4.885,99.03,68.74
317,Egypt,EGY,2015,200422159.1,4.763,99.11,74.52
318,Egypt,EGY,2016,208911337.9,4.557,99.19,72.31
319,El Salvador,SLV,2008,6408648.63,5.191,87.13,
320,El Salvador,SLV,2009,6312649.33,6.839,88.41,
321,El Salvador,SLV,2010,6317045.02,6.74,89.66,31.27
322,El Salvador,SLV,2011,6500473.85,4.741,90.89,33.43
323,El Salvador,SLV,2012,6505744.53,5.934,92.1,30.91
324,El Salvador,SLV,2013,6093602.43,6.325,93.28,32.12
325,El Salvador,SLV,2014,6169455.1,5.857,94.43,29.65
326,El Salvador,SLV,2015,6537869.76,6.018,95.56,29.42
327,El Salvador,SLV,2016,6834307.15,6.14,96.58,29.14
328,El Salvador,SLV,2017,6992023.78,6.339,97.22,
329,Estonia,EST,2008,17872650.45,5.452,99.75,
330,Estonia,EST,2009,14609067.15,5.138,99.75,
331,Estonia,EST,2011,19097197.34,5.487,99.75,7.79
332,Estonia,EST,2012,17938059.04,5.364,99.75,7.54
333,Estonia,EST,2013,19695596.98,5.367,99.75,7.57
334,Estonia,EST,2014,18903840.17,5.556,99.75,8.16
335,Estonia,EST,2015,15891068.25,5.629,99.75,6.8
336,Estonia,EST,2016,17493503.19,5.65,99.54,6.41
337,Estonia,EST,2017,19809264.03,5.938,99.55,
338,Ethiopia,ETH,2013,10080186.66,4.445,38.95,29.57
339,Ethiopia,ETH,2014,10991069.31,4.507,40.52,29.19
340,Ethiopia,ETH,2015,12381426.48,4.573,42.07,32.37
341,Ethiopia,ETH,2016,12941892.17,4.298,43.61,31.85
342,Ethiopia,ETH,2017,13396240.84,4.18,45.13,
343,Finland,FIN,2008,58608815.58,7.671,100.0,
344,Finland,FIN,2010,63991753.14,7.393,100.0,7.28
345,Finland,FIN,2011,56544141.87,7.354,100.0,7.51
346,Finland,FIN,2012,51111890.38,7.42,100.0,6.66
347,Finland,FIN,2013,51901569.29,7.445,100.0,6.27
348,Finland,FIN,2014,47799653.47,7.385,100.0,6.27
349,Finland,FIN,2015,44346080.46,7.448,100.0,6.03
350,Finland,FIN,2016,47926378.65,7.66,100.0,5.75
351,Finland,FIN,2017,45956044.16,7.788,100.0,
352,France,FRA,2008,406790823.0,7.008,99.96,
353,France,FRA,2009,386942089.4,6.283,99.97,
354,France,FRA,2010,397900468.6,6.798,99.98,14.9
355,France,FRA,2011,372792615.7,6.959,99.98,15.21
356,France,FRA,2012,374112621.7,6.649,99.99,13.68
357,France,FRA,2013,374258601.9,6.667,100.0,13.43
358,France,FRA,2014,343572632.5,6.467,100.0,11.84
359,France,FRA,2015,348163670.7,6.358,100.0,12.5
360,France,FRA,2016,350104687.1,6.475,100.0,11.45
361,France,FRA,2017,356300651.2,6.635,100.0,
362,Gabon,GAB,2011,4941974.5,4.255,83.13,37.5
363,Gabon,GAB,2012,5077264.15,3.972,83.27,37.09
364,Gabon,GAB,2013,5257712.2,3.8,83.39,38.19
365,Gabon,GAB,2014,5169480.48,3.918,83.49,39.87
366,Gabon,GAB,2015,5287067.71,4.661,83.86,39.48
367,Gabon,GAB,2016,5476128.51,4.832,84.21,40.81
368,Gabon,GAB,2017,5526426.56,4.782,84.55,
369,Gambia,GMB,2017,622190.04,4.118,79.91,
370,Georgia,GEO,2008,5110379.99,4.156,94.85,
371,Georgia,GEO,2009,6134928.02,3.801,94.98,
372,Georgia,GEO,2010,6209072.14,4.102,95.11,18.61
373,Georgia,GEO,2011,7785419.38,4.203,95.24,22.82
374,Georgia,GEO,2012,8247406.29,4.254,95.36,23.7
375,Georgia,GEO,2013,7664332.55,4.349,95.48,22.22
376,Georgia,GEO,2014,8790807.62,4.288,95.61,20.78
377,Georgia,GEO,2015,9463617.64,4.122,95.75,21.44
378,Georgia,GEO,2016,9838878.96,4.448,96.45,22.15
379,Georgia,GEO,2017,10951724.17,4.451,96.97,
380,Germany,DEU,2009,789963521.6,6.641,100.0,
381,Germany,DEU,2010,833684918.0,6.725,100.0,15.36
382,Germany,DEU,2011,810802325.3,6.621,100.0,15.03
383,Germany,DEU,2012,815197408.6,6.702,100.0,13.38
384,Germany,DEU,2013,832642995.5,6.965,100.0,13.0
385,Germany,DEU,2014,793635843.4,6.984,100.0,12.15
386,Germany,DEU,2015,797078165.2,7.037,100.0,12.66
387,Germany,DEU,2016,801753007.7,6.874,100.0,11.51
388,Germany,DEU,2017,799373210.9,7.074,100.0,
389,Ghana,GHA,2008,8925880.6,4.965,72.37,
390,Ghana,GHA,2009,7497775.37,4.198,73.48,
391,Ghana,GHA,2010,9710739.42,4.606,74.58,44.42
392,Ghana,GHA,2011,9533531.44,5.608,75.69,49.16
393,Ghana,GHA,2012,11519780.08,5.057,76.81,46.58
394,Ghana,GHA,2013,14281120.0,4.965,77.92,48.12
395,Ghana,GHA,2014,14121986.3,3.86,79.04,43.15
396,Ghana,GHA,2015,14447514.56,3.986,80.16,54.5
397,Ghana,GHA,2016,15103734.35,4.514,81.28,54.5
398,Ghana,GHA,2017,16764833.13,5.481,82.4,
399,Greece,GRC,2009,104340534.0,6.039,99.9,
400,Greece,GRC,2010,97342975.8,5.84,99.92,17.17
401,Greece,GRC,2011,94531703.27,5.372,99.94,18.77
402,Greece,GRC,2012,91417801.13,5.096,99.97,16.92
403,Greece,GRC,2013,81722579.66,4.72,99.99,15.81
404,Greece,GRC,2014,78655816.3,4.756,100.0,15.23
405,Greece,GRC,2015,74962451.62,5.623,100.0,15.59
406,Greece,GRC,2016,71373081.31,5.303,100.0,14.04
407,Greece,GRC,2017,76000360.87,5.148,100.0,
408,Guatemala,GTM,2008,11167913.62,6.414,89.55,
409,Guatemala,GTM,2009,11687504.19,6.452,89.93,
410,Guatemala,GTM,2010,11361478.79,6.29,90.3,32.8
411,Guatemala,GTM,2011,11520531.1,5.743,90.67,34.82
412,Guatemala,GTM,2012,11646558.72,5.856,91.04,32.47
413,Guatemala,GTM,2013,13296742.42,5.985,91.41,33.81
414,Guatemala,GTM,2014,17925428.84,6.536,91.77,31.24
415,Guatemala,GTM,2015,19803255.93,6.465,92.13,30.78
416,Guatemala,GTM,2016,20937056.45,6.359,92.49,30.47
417,Guatemala,GTM,2017,20878046.7,6.325,92.85,
418,Guinea,GIN,2011,2734716.04,4.045,63.01,50.3
419,Guinea,GIN,2012,2542788.39,3.652,63.19,46.78
420,Guinea,GIN,2013,2256422.0,3.902,63.36,45.92
421,Guinea,GIN,2014,2392136.38,3.412,63.49,45.22
422,Guinea,GIN,2015,2445285.46,3.505,63.62,55.62
423,Guinea,GIN,2016,2601718.74,3.603,63.72,53.32
424,Guinea,GIN,2017,2904678.09,4.874,63.8,
425,Haiti,HTI,2008,2365774.38,3.846,61.23,
426,Haiti,HTI,2010,2093430.75,3.766,62.2,17.17
427,Haiti,HTI,2011,2184293.98,4.845,62.68,17.42
428,Haiti,HTI,2012,2278891.01,4.413,63.16,17.31
429,Haiti,HTI,2013,2370498.87,4.622,63.63,17.19
430,Haiti,HTI,2014,2824565.02,3.889,64.1,17.42
431,Haiti,HTI,2015,2943579.08,3.57,64.57,17.78
432,Haiti,HTI,2016,2998443.06,3.352,65.02,17.56
433,Haiti,HTI,2017,2997931.37,3.824,65.47,
434,Honduras,HND,2008,8484700.67,5.42,89.64,
435,Honduras,HND,2009,7681003.92,6.033,90.17,
436,Honduras,HND,2010,7800705.96,5.866,90.7,27.94
437,Honduras,HND,2011,8773494.7,4.961,91.22,29.78
438,Honduras,HND,2012,8787120.66,4.602,91.74,27.51
439,Honduras,HND,2013,8871001.53,4.713,92.24,28.53
440,Honduras,HND,2014,9276185.17,5.056,92.75,26.01
441,Honduras,HND,2015,10055183.31,4.845,93.25,25.72
442,Honduras,HND,2016,10576201.5,5.648,93.75,25.47
443,Honduras,HND,2017,10669096.28,6.02,94.25,
444,Hungary,HUN,2009,51781050.5,4.895,99.97,
445,Hungary,HUN,2010,52120536.86,4.725,99.97,18.84
446,Hungary,HUN,2011,50358001.09,4.918,99.97,19.88
447,Hungary,HUN,2012,46808494.95,4.683,99.97,17.61
448,Hungary,HUN,2013,43767699.67,4.914,99.97,17.23
449,Hungary,HUN,2014,43915395.91,5.181,99.97,17.04
450,Hungary,HUN,2015,46665206.05,5.344,99.97,17.04
451,Hungary,HUN,2016,47578182.95,5.449,99.97,16.04
452,Hungary,HUN,2017,50344705.47,6.065,100.0,
453,Iceland,ISL,2008,3794949.86,6.888,100.0,
454,Iceland,ISL,2012,3488686.34,7.591,100.0,6.91
455,Iceland,ISL,2013,3481781.92,7.501,100.0,6.76
456,Iceland,ISL,2015,3536411.99,7.498,100.0,6.31
457,Iceland,ISL,2016,3489972.16,7.51,100.0,5.81
458,Iceland,ISL,2017,3480027.14,7.476,100.0,
459,India,IND,2008,1547991039.0,5.146,84.68,
460,India,IND,2009,1720120560.0,4.522,85.18,
461,India,IND,2010,1700027394.0,4.989,85.68,60.51
462,India,IND,2011,1817171600.0,4.635,86.18,58.26
463,India,IND,2012,1983758813.0,4.72,86.68,62.68
464,India,IND,2013,1997878578.0,4.428,87.17,65.93
465,India,IND,2014,2207533892.0,4.424,87.65,71.7
466,India,IND,2015,2276407195.0,4.342,88.14,67.22
467,India,IND,2016,2377447863.0,4.179,88.62,68.76
468,India,IND,2017,2466765373.0,4.046,89.09,
469,Indonesia,IDN,2008,417792048.0,4.815,82.7,
470,Indonesia,IDN,2009,447301088.0,5.472,83.58,
471,Indonesia,IDN,2010,427789520.0,5.457,84.44,18.85
472,Indonesia,IDN,2011,601325416.0,5.173,85.27,15.1
473,Indonesia,IDN,2012,633145032.0,5.368,86.1,16.83
474,Indonesia,IDN,2013,486130031.7,5.292,86.92,16.61
475,Indonesia,IDN,2014,460015658.7,5.597,87.73,15.61
476,Indonesia,IDN,2015,459628755.9,5.043,88.53,16.68
477,Indonesia,IDN,2016,464856818.4,5.136,89.32,19.05
478,Indonesia,IDN,2017,486843756.2,5.098,90.1,
479,Iran,IRN,2008,534910104.2,5.129,,
480,Iran,IRN,2011,579040046.4,4.768,,
481,Iran,IRN,2013,608962881.9,5.14,,
482,Iran,IRN,2014,639111335.3,4.682,,
483,Iran,IRN,2015,630361828.9,4.75,,
484,Iran,IRN,2016,637562152.6,4.653,,
485,Iran,IRN,2017,672312342.6,4.717,,
486,Iraq,IRQ,2008,92167049.56,4.59,87.96,
487,Iraq,IRQ,2009,103489093.1,4.775,88.85,
488,Iraq,IRQ,2010,110985346.7,5.065,89.75,63.11
489,Iraq,IRQ,2011,132830074.4,4.725,90.66,60.05
490,Iraq,IRQ,2012,151092578.6,4.66,91.56,58.65
491,Iraq,IRQ,2014,166368047.3,4.542,93.36,49.35
492,Iraq,IRQ,2015,167711898.4,4.493,94.25,58.18
493,Iraq,IRQ,2016,184938733.5,4.413,95.14,55.42
494,Iraq,IRQ,2017,194454630.0,4.462,96.02,
495,Ireland,IRL,2008,47300105.44,7.568,97.29,
496,Ireland,IRL,2009,42108507.15,7.046,97.3,
497,Ireland,IRL,2010,41679517.5,7.257,97.31,10.1
498,Ireland,IRL,2011,38009303.68,7.007,97.33,10.46
499,Ireland,IRL,2012,38194753.69,6.965,97.34,9.44
500,Ireland,IRL,2013,37182847.4,6.76,97.35,9.35
501,Ireland,IRL,2014,36681624.84,7.018,97.36,8.47
502,Ireland,IRL,2015,38443649.01,6.83,97.37,8.64
503,Ireland,IRL,2016,39928118.06,7.041,97.38,8.01
504,Ireland,IRL,2017,39738353.97,7.06,97.39,
505,Israel,ISR,2008,67980275.98,7.261,100.0,
506,Israel,ISR,2009,63860946.43,7.353,100.0,
507,Israel,ISR,2010,68286901.35,7.359,100.0,22.99
508,Israel,ISR,2011,68594737.31,7.433,100.0,23.46
509,Israel,ISR,2012,74784472.67,7.111,100.0,21.94
510,Israel,ISR,2013,65997069.72,7.321,100.0,21.4
511,Israel,ISR,2014,63550652.02,7.401,100.0,20.04
512,Israel,ISR,2015,66095872.99,7.079,100.0,20.47
513,Israel,ISR,2016,65168217.5,7.159,100.0,18.52
514,Israel,ISR,2017,66553411.6,7.331,100.0,
515,Italy,ITA,2008,468062059.9,6.78,99.76,
516,Italy,ITA,2009,415932393.3,6.334,99.79,
517,Italy,ITA,2010,424873161.2,6.354,99.81,18.5
518,Italy,ITA,2011,413431505.5,6.057,99.84,19.64
519,Italy,ITA,2012,391990364.4,5.839,99.87,17.6
520,Italy,ITA,2013,363399902.1,6.009,99.89,16.89
521,Italy,ITA,2014,348476240.1,6.027,99.92,15.85
522,Italy,ITA,2015,355483213.9,5.848,99.92,16.53
523,Italy,ITA,2016,350323014.9,5.955,99.92,14.84
524,Italy,ITA,2017,355454172.2,6.199,99.92,
525,Jamaica,JAM,2011,7797605.24,5.374,90.87,14.55
526,Jamaica,JAM,2013,8038040.04,5.709,90.13,14.75
527,Jamaica,JAM,2014,7415325.84,5.311,90.27,14.78
528,Jamaica,JAM,2017,7772649.41,5.89,90.71,
529,Japan,JPN,2008,1229245450.0,5.911,98.65,
530,Japan,JPN,2009,1160203633.0,5.845,98.69,
531,Japan,JPN,2010,1211572868.0,6.057,98.73,11.57
532,Japan,JPN,2011,1261398590.0,6.263,98.77,12.58
533,Japan,JPN,2013,1314069572.0,5.959,98.84,13.3
534,Japan,JPN,2014,1264173252.0,5.923,98.88,13.47
535,Japan,JPN,2015,1223666475.0,5.88,98.92,13.04
536,Japan,JPN,2016,1204318623.0,5.955,98.96,13.42
537,Japan,JPN,2017,1205061178.0,5.911,99.0,
538,Jordan,JOR,2009,21336259.41,6.0,99.01,
539,Kazakhstan,KAZ,2008,213380401.3,5.886,92.97,
540,Kazakhstan,KAZ,2009,209346692.6,5.383,93.32,
541,Kazakhstan,KAZ,2010,236962075.2,5.514,93.66,14.72
542,Kazakhstan,KAZ,2011,227079619.8,5.736,94.0,17.76
543,Kazakhstan,KAZ,2012,233860798.9,5.759,94.34,18.43
544,Kazakhstan,KAZ,2013,239836711.7,5.835,94.63,17.64
545,Kazakhstan,KAZ,2014,256856663.0,5.97,94.83,16.7
546,Kazakhstan,KAZ,2015,263483865.9,5.95,95.03,16.87
547,Kazakhstan,KAZ,2016,278361927.6,5.534,95.22,17.84
548,Kazakhstan,KAZ,2017,292588516.6,5.882,95.41,
549,Kenya,KEN,2008,9911711.8,4.015,53.22,
550,Kenya,KEN,2009,11964080.2,4.27,53.95,
551,Kenya,KEN,2010,11745964.63,4.256,54.66,25.27
552,Kenya,KEN,2011,12928061.15,4.405,55.38,25.71
553,Kenya,KEN,2012,11967156.15,4.547,56.09,26.8
554,Kenya,KEN,2013,12770474.04,3.795,56.79,25.99
555,Kenya,KEN,2014,13656407.92,4.905,57.5,27.07
556,Kenya,KEN,2015,14548615.66,4.358,58.2,25.37
557,Kenya,KEN,2016,15234214.02,4.396,58.89,26.6
558,Kenya,KEN,2017,15818219.83,4.476,59.58,
559,Kuwait,KWT,2009,86954927.18,6.585,100.0,
560,Kuwait,KWT,2010,89272224.68,6.798,100.0,62.26
561,Kyrgyzstan,KGZ,2008,7548271.14,4.737,84.2,
562,Kyrgyzstan,KGZ,2009,6737377.45,5.069,84.8,
563,Kyrgyzstan,KGZ,2010,6312857.93,4.996,85.4,20.08
564,Kyrgyzstan,KGZ,2011,7553506.65,4.921,86.0,24.41
565,Kyrgyzstan,KGZ,2012,9999825.81,5.208,86.61,25.29
566,Kyrgyzstan,KGZ,2013,9658455.71,5.402,87.22,23.82
567,Kyrgyzstan,KGZ,2014,9413075.48,5.252,87.83,22.84
568,Kyrgyzstan,KGZ,2015,9929439.7,4.905,88.44,22.84
569,Kyrgyzstan,KGZ,2016,9859925.12,4.857,89.04,23.88
570,Kyrgyzstan,KGZ,2017,10433128.45,5.63,89.6,
571,Laos,LAO,2008,899105.7,5.044,,
572,Laos,LAO,2011,1466874.34,4.704,,
573,Laos,LAO,2017,1957972.64,4.623,,
574,Latvia,LVA,2008,8218723.54,5.145,98.16,
575,Latvia,LVA,2009,7480704.55,4.669,98.21,
576,Latvia,LVA,2011,7882679.59,4.967,98.32,14.78
577,Latvia,LVA,2012,7583855.02,5.125,98.37,14.49
578,Latvia,LVA,2013,7423592.75,5.07,98.42,14.59
579,Latvia,LVA,2014,7238753.42,5.729,98.47,15.34
580,Latvia,LVA,2015,7333661.4,5.881,98.53,13.18
581,Latvia,LVA,2016,7263617.94,5.94,98.58,12.33
582,Latvia,LVA,2017,7166818.32,5.978,98.63,
583,Lebanon,LBN,2008,17426058.34,4.595,88.73,
584,Lebanon,LBN,2009,20970509.96,5.206,89.09,
585,Lebanon,LBN,2010,20015172.16,5.032,89.44,32.65
586,Lebanon,LBN,2011,20264128.0,5.188,89.8,29.97
587,Lebanon,LBN,2012,22368832.51,4.573,90.16,30.32
588,Lebanon,LBN,2013,22196360.0,4.983,90.51,31.82
589,Lebanon,LBN,2014,23703820.09,5.233,90.87,31.73
590,Lebanon,LBN,2015,21269185.74,5.172,91.22,32.27
591,Lebanon,LBN,2016,19757406.59,5.271,91.58,30.66
592,Lebanon,LBN,2017,19546801.4,5.154,91.94,
593,Lesotho,LSO,2011,2330304.0,4.898,69.36,23.52
594,Lesotho,LSO,2016,2461902.67,3.808,70.86,24.49
595,Lesotho,LSO,2017,2823815.6,3.795,71.18,
596,Liberia,LBR,2008,553388.67,4.221,68.3,
597,Liberia,LBR,2010,783136.57,4.196,69.55,39.17
598,Liberia,LBR,2014,901722.58,4.571,71.98,39.5
599,Liberia,LBR,2015,912882.78,2.702,72.57,54.3
600,Liberia,LBR,2016,969031.61,3.355,73.15,52.28
601,Liberia,LBR,2017,1077773.28,4.424,73.72,
602,Libya,LBY,2012,52408744.05,5.754,94.67,40.39
603,Libya,LBY,2017,53387412.07,5.647,99.02,
604,Lithuania,LTU,2008,15079845.47,5.554,93.34,
605,Lithuania,LTU,2009,12828004.95,5.467,93.8,
606,Lithuania,LTU,2010,13712631.72,5.066,94.25,14.27
607,Lithuania,LTU,2011,14066638.52,5.432,94.71,12.85
608,Lithuania,LTU,2012,14133749.57,5.771,95.19,12.6
609,Lithuania,LTU,2013,13106309.08,5.596,95.66,12.67
610,Lithuania,LTU,2014,12874668.05,6.126,96.13,13.08
611,Lithuania,LTU,2015,13141591.53,5.711,96.6,11.61
612,Lithuania,LTU,2016,13157457.12,5.866,97.07,10.71
613,Lithuania,LTU,2017,13393875.34,6.273,97.54,
614,Luxembourg,LUX,2009,10588452.58,6.958,100.0,
615,Luxembourg,LUX,2010,11154289.32,7.097,100.0,13.18
616,Luxembourg,LUX,2011,11050369.81,7.101,100.0,13.04
617,Luxembourg,LUX,2012,10788081.33,6.964,99.99,11.67
618,Luxembourg,LUX,2013,10233338.48,7.131,99.97,11.5
619,Luxembourg,LUX,2014,9757506.33,6.891,99.94,10.34
620,Luxembourg,LUX,2015,9259658.86,6.702,99.93,10.94
621,Luxembourg,LUX,2016,9002955.52,6.967,99.91,10.02
622,Luxembourg,LUX,2017,9294689.12,7.061,99.89,
623,Madagascar,MDG,2008,1868569.13,4.64,42.65,
624,Madagascar,MDG,2011,2314630.18,4.381,45.32,16.01
625,Madagascar,MDG,2012,2677597.21,3.551,46.21,15.28
626,Madagascar,MDG,2013,3089535.57,3.816,47.1,17.27
627,Madagascar,MDG,2014,3047203.13,3.676,48.0,16.36
628,Madagascar,MDG,2015,3047427.59,3.593,48.89,18.59
629,Madagascar,MDG,2016,3044347.02,3.663,49.79,17.5
630,Madagascar,MDG,2017,3182061.43,4.079,50.69,
631,Malawi,MWI,2009,918673.29,5.148,61.34,
632,Malawi,MWI,2011,1155954.26,3.946,62.96,26.75
633,Malawi,MWI,2012,1075923.09,4.279,63.76,28.55
634,Malawi,MWI,2013,1188484.55,4.035,64.56,25.87
635,Malawi,MWI,2014,1225360.93,4.563,65.36,26.19
636,Malawi,MWI,2015,1275217.4,3.868,66.15,27.49
637,Malawi,MWI,2016,1315537.13,3.476,66.94,25.62
638,Malawi,MWI,2017,1367456.58,3.417,67.73,
639,Malaysia,MYS,2008,201580315.1,5.807,96.99,
640,Malaysia,MYS,2009,196444095.1,5.385,97.0,
641,Malaysia,MYS,2010,215992304.0,5.58,97.02,17.13
642,Malaysia,MYS,2011,217679248.4,5.786,97.02,14.32
643,Malaysia,MYS,2012,215895218.2,5.914,97.03,16.38
644,Malaysia,MYS,2013,233828491.9,5.77,97.04,15.27
645,Malaysia,MYS,2014,240055096.5,5.963,97.04,14.47
646,Malaysia,MYS,2015,245097622.8,6.322,97.05,15.58
647,Mali,MLI,2008,1069888.0,4.115,62.75,
648,Mali,MLI,2009,806080.0,3.977,64.43,
649,Mali,MLI,2010,963632.0,3.762,66.1,60.95
650,Mali,MLI,2011,1044240.0,4.667,67.77,61.78
651,Mali,MLI,2012,992944.0,4.313,69.44,59.39
652,Mali,MLI,2013,1025920.0,3.676,71.1,54.02
653,Mali,MLI,2014,1410640.0,3.975,72.75,56.78
654,Mali,MLI,2015,1428549.23,4.582,74.4,67.22
655,Mali,MLI,2016,1529094.82,4.016,76.04,63.64
656,Mali,MLI,2017,1723818.28,4.742,77.68,
657,Malta,MLT,2014,2462996.02,6.452,100.0,14.01
658,Malta,MLT,2015,1757754.32,6.613,100.0,14.67
659,Malta,MLT,2016,1420277.18,6.591,100.0,13.14
660,Malta,MLT,2017,1444483.22,6.676,100.0,
661,Mauritania,MRT,2008,1773376.0,4.248,54.18,
662,Mauritania,MRT,2009,1960240.0,4.5,55.97,
663,Mauritania,MRT,2010,1960240.0,4.772,57.78,67.64
664,Mauritania,MRT,2011,2110464.0,4.785,59.6,70.4
665,Mauritania,MRT,2012,2330304.0,4.673,61.43,71.57
666,Mauritania,MRT,2013,2322976.0,4.199,63.27,68.62
667,Mauritania,MRT,2014,2322976.0,4.483,65.12,73.62
668,Mauritania,MRT,2015,2352468.08,3.923,66.97,79.37
669,Mauritania,MRT,2016,2518041.86,4.472,68.83,74.13
670,Mauritania,MRT,2017,2838703.34,4.678,70.7,
671,Mauritius,MUS,2011,3916816.0,5.477,99.78,9.75
672,Mauritius,MUS,2014,4224592.0,5.648,99.87,10.65
673,Mauritius,MUS,2016,4086631.93,5.61,99.87,10.52
674,Mauritius,MUS,2017,4279224.01,6.174,99.87,
675,Mexico,MEX,2008,495305014.2,6.829,94.91,
676,Mexico,MEX,2009,478389000.8,6.963,95.37,
677,Mexico,MEX,2010,466090651.8,6.802,95.82,24.36
678,Mexico,MEX,2011,486503210.3,6.91,96.27,25.86
679,Mexico,MEX,2012,498658522.0,7.32,96.72,24.08
680,Mexico,MEX,2013,492559728.7,7.443,97.16,24.8
681,Mexico,MEX,2014,482527892.6,6.68,97.59,23.76
682,Mexico,MEX,2015,477273652.5,6.236,98.03,23.02
683,Mexico,MEX,2016,504979947.8,6.824,98.45,22.73
684,Mexico,MEX,2017,490294629.3,6.41,98.88,
685,Moldova,MDA,2008,5190380.0,5.503,,
686,Moldova,MDA,2009,4539511.9,5.554,,
687,Moldova,MDA,2010,4830905.3,5.59,,
688,Moldova,MDA,2011,4963294.4,5.792,,
689,Moldova,MDA,2012,4765681.5,5.996,,
690,Moldova,MDA,2013,4899358.4,5.756,,
691,Moldova,MDA,2014,4744160.2,5.917,,
692,Moldova,MDA,2015,4948742.28,6.017,,
693,Moldova,MDA,2016,5200356.21,5.578,,
694,Moldova,MDA,2017,5093588.86,5.326,,
695,Mongolia,MNG,2008,12016684.0,4.493,73.49,
696,Mongolia,MNG,2010,13819950.0,4.586,76.18,32.35
697,Mongolia,MNG,2011,21426490.0,5.031,77.22,39.37
698,Mongolia,MNG,2012,26189690.0,4.885,78.1,41.7
699,Mongolia,MNG,2013,38689342.0,4.913,79.0,40.14
700,Mongolia,MNG,2014,20799718.0,4.825,79.9,38.7
701,Mongolia,MNG,2015,20356364.1,4.983,80.81,39.58
702,Mongolia,MNG,2016,28680965.11,5.057,81.73,42.79
703,Mongolia,MNG,2017,30390656.6,5.334,82.65,
704,Montenegro,MNE,2009,1824672.0,4.801,95.92,
705,Montenegro,MNE,2010,2579456.0,5.455,96.16,23.55
706,Montenegro,MNE,2011,2568464.0,5.223,96.41,26.33
707,Montenegro,MNE,2012,2333968.0,5.219,96.65,24.27
708,Montenegro,MNE,2013,2246032.0,5.074,96.9,22.72
709,Montenegro,MNE,2014,2209392.0,5.283,97.15,22.49
710,Montenegro,MNE,2015,2439182.66,5.125,97.39,21.78
711,Montenegro,MNE,2016,2573489.8,5.304,97.64,20.39
712,Montenegro,MNE,2017,2627814.65,5.615,97.88,
713,Morocco,MAR,2011,57697424.79,5.085,78.16,24.02
714,Morocco,MAR,2012,62483316.0,4.97,79.58,23.03
715,Morocco,MAR,2013,58830435.24,5.142,80.98,25.87
716,Morocco,MAR,2015,61043227.64,5.163,83.75,28.09
717,Morocco,MAR,2016,61285728.0,5.386,85.11,28.38
718,Morocco,MAR,2017,62725301.5,5.312,86.46,
719,Mozambique,MOZ,2008,2179921.2,4.654,35.4,
720,Mozambique,MOZ,2011,3107350.73,4.971,41.96,21.53
721,Mozambique,MOZ,2015,9018443.03,4.55,51.18,22.89
722,Mozambique,MOZ,2017,10274374.38,4.28,55.97,
723,Myanmar,MMR,2012,10950234.03,4.439,67.81,32.86
724,Myanmar,MMR,2013,12720020.02,4.176,69.71,35.46
725,Myanmar,MMR,2015,23440667.09,4.224,73.59,30.85
726,Myanmar,MMR,2016,24017625.66,4.623,75.57,33.15
727,Myanmar,MMR,2017,25333223.99,4.154,77.57,
728,Namibia,NAM,2014,3723410.13,4.574,82.14,22.7
729,Namibia,NAM,2017,4065256.38,4.441,83.26,
730,Nepal,NPL,2008,3384285.11,4.441,84.33,
731,Nepal,NPL,2009,4191054.81,4.917,84.85,
732,Nepal,NPL,2010,4894005.28,4.35,85.36,65.94
733,Nepal,NPL,2011,5276459.56,3.809,85.86,63.67
734,Nepal,NPL,2012,5521717.36,4.233,86.36,69.52
735,Nepal,NPL,2013,6284744.02,4.605,86.85,73.94
736,Nepal,NPL,2014,7662010.72,4.975,87.33,80.83
737,Nepal,NPL,2015,7585431.17,4.812,87.81,76.66
738,Nepal,NPL,2016,8525956.04,5.1,88.28,81.57
739,Nepal,NPL,2017,9028196.37,4.737,88.74,
740,Netherlands,NLD,2008,175519219.7,7.631,100.0,
741,Netherlands,NLD,2010,182179635.6,7.502,100.0,15.57
742,Netherlands,NLD,2011,169118699.9,7.564,100.0,15.54
743,Netherlands,NLD,2012,164948743.6,7.471,100.0,13.85
744,Netherlands,NLD,2013,164757276.7,7.407,100.0,13.14
745,Netherlands,NLD,2014,157347061.5,7.321,100.0,12.36
746,Netherlands,NLD,2015,165029876.6,7.324,100.0,12.99
747,Netherlands,NLD,2016,165522069.4,7.541,100.0,11.96
748,Netherlands,NLD,2017,164045945.5,7.459,100.0,
749,New Zealand,NZL,2008,37655730.94,7.381,100.0,
750,New Zealand,NZL,2010,35010698.68,7.224,100.0,6.91
751,New Zealand,NZL,2011,34328816.19,7.191,100.0,6.74
752,New Zealand,NZL,2012,35969262.78,7.25,100.0,6.87
753,New Zealand,NZL,2013,35214465.08,7.28,100.0,6.84
754,New Zealand,NZL,2014,35610403.94,7.306,100.0,6.69
755,New Zealand,NZL,2015,35837107.97,7.418,100.0,6.55
756,New Zealand,NZL,2016,34462931.16,7.226,100.0,6.65
757,New Zealand,NZL,2017,36013926.97,7.327,100.0,
758,Nicaragua,NIC,2008,4365255.31,5.104,80.94,
759,Nicaragua,NIC,2009,4437519.13,5.353,80.99,
760,Nicaragua,NIC,2010,4468989.51,5.687,81.05,24.06
761,Nicaragua,NIC,2011,4801650.53,5.386,81.11,25.05
762,Nicaragua,NIC,2012,4548839.73,5.448,81.17,23.62
763,Nicaragua,NIC,2013,4476012.01,5.772,81.23,23.97
764,Nicaragua,NIC,2014,4781178.07,6.275,81.29,22.57
765,Nicaragua,NIC,2015,5068578.87,5.924,81.35,22.17
766,Nicaragua,NIC,2016,5299830.09,6.013,81.42,22.16
767,Nicaragua,NIC,2017,5422865.05,6.476,81.44,
768,Niger,NER,2008,803056.41,4.236,42.36,
769,Niger,NER,2009,962301.24,4.267,42.9,
770,Niger,NER,2010,1169165.03,4.101,43.41,81.0
771,Niger,NER,2011,1317848.81,4.556,43.88,85.23
772,Niger,NER,2012,1856448.65,3.798,44.33,78.54
773,Niger,NER,2013,1935047.69,3.716,44.74,70.28
774,Niger,NER,2014,2122675.19,4.181,45.12,68.86
775,Niger,NER,2015,2089385.41,3.671,45.48,91.41
776,Niger,NER,2016,2234506.25,4.235,45.82,93.18
777,Niger,NER,2017,2485121.55,4.616,46.13,
778,Nigeria,NGA,2008,94933189.95,4.939,56.53,
779,Nigeria,NGA,2009,75540718.78,4.98,58.27,
780,Nigeria,NGA,2010,90315357.11,4.76,60.01,53.51
781,Nigeria,NGA,2012,96566816.42,5.493,63.51,54.09
782,Nigeria,NGA,2013,95874314.66,4.818,65.26,52.93
783,Nigeria,NGA,2015,103824542.8,4.933,68.78,64.39
784,Nigeria,NGA,2016,101571826.2,5.22,70.54,61.73
785,Nigeria,NGA,2017,107300894.4,5.322,72.3,
786,Norway,NOR,2008,44903022.1,7.632,100.0,
787,Norway,NOR,2012,44560819.66,7.678,100.0,7.94
788,Norway,NOR,2014,43952663.34,7.444,100.0,7.46
789,Norway,NOR,2015,44663734.54,7.603,100.0,7.24
790,Norway,NOR,2016,44031622.68,7.596,100.0,6.82
791,Norway,NOR,2017,44789859.44,7.579,100.0,
792,Pakistan,PAK,2008,155356244.9,4.414,88.42,
793,Pakistan,PAK,2009,155219048.8,5.208,88.57,
794,Pakistan,PAK,2010,157764740.5,5.786,88.72,52.87
795,Pakistan,PAK,2011,158341969.4,5.267,88.87,51.67
796,Pakistan,PAK,2012,159727596.4,5.132,89.02,54.37
797,Pakistan,PAK,2013,160595697.1,5.138,89.17,56.07
798,Pakistan,PAK,2014,162427628.3,5.436,89.31,60.68
799,Pakistan,PAK,2015,172089995.1,4.823,89.45,56.89
800,Pakistan,PAK,2016,187405419.1,5.549,89.6,58.76
801,Pakistan,PAK,2017,198809969.0,5.831,89.74,
802,Panama,PAN,2008,7181697.03,6.931,91.54,
803,Panama,PAN,2009,8419354.57,7.034,91.71,
804,Panama,PAN,2010,8999435.59,7.321,91.87,15.62
805,Panama,PAN,2011,9900845.13,7.248,92.03,16.29
806,Panama,PAN,2012,9851868.12,6.86,92.19,15.31
807,Panama,PAN,2013,10450032.68,6.866,92.34,15.6
808,Panama,PAN,2014,8551166.26,6.631,92.52,15.31
809,Panama,PAN,2015,9607797.41,6.606,92.9,15.03
810,Panama,PAN,2016,10195979.85,6.118,93.23,14.74
811,Panama,PAN,2017,10058951.14,6.568,93.56,
812,Paraguay,PRY,2008,4372845.07,5.57,87.54,
813,Paraguay,PRY,2009,4497153.51,5.576,88.91,
814,Paraguay,PRY,2010,5026004.75,5.841,90.28,14.94
815,Paraguay,PRY,2011,5247878.99,5.677,91.62,14.77
816,Paraguay,PRY,2012,5193484.05,5.82,92.95,14.31
817,Paraguay,PRY,2013,5327312.04,5.936,94.26,13.07
818,Paraguay,PRY,2014,5593512.72,5.119,95.56,13.15
819,Paraguay,PRY,2015,5698272.49,5.56,96.84,12.47
820,Paraguay,PRY,2016,5788550.81,5.801,98.1,11.94
821,Paraguay,PRY,2017,5850265.72,5.713,99.36,
822,Peru,PER,2008,40332196.61,5.129,86.1,
823,Peru,PER,2009,50844467.5,5.519,86.71,
824,Peru,PER,2010,56677887.51,5.613,87.32,29.82
825,Peru,PER,2011,48691282.41,5.892,87.92,28.41
826,Peru,PER,2012,53937593.35,5.825,88.52,30.01
827,Peru,PER,2013,55984066.6,5.783,89.11,29.42
828,Peru,PER,2014,60584001.31,5.866,89.7,30.6
829,Peru,PER,2015,62749512.57,5.577,90.28,29.93
830,Peru,PER,2016,66341186.44,5.701,90.86,30.46
831,Peru,PER,2017,64781476.74,5.711,91.44,
832,Philippines,PHL,2008,77299991.63,4.589,89.1,
833,Philippines,PHL,2009,75767071.76,4.88,89.5,
834,Philippines,PHL,2010,82932929.78,4.942,89.9,24.7
835,Philippines,PHL,2011,83534839.91,4.994,90.33,20.05
836,Philippines,PHL,2012,88927136.0,5.002,90.75,21.89
837,Philippines,PHL,2013,95722937.07,4.977,91.18,21.81
838,Philippines,PHL,2014,103025031.8,5.313,91.6,20.27
839,Philippines,PHL,2015,113823155.2,5.547,92.02,19.94
840,Philippines,PHL,2016,119273683.3,5.431,92.44,21.29
841,Philippines,PHL,2017,127607963.1,5.594,92.86,
842,Poland,POL,2009,314144580.2,5.772,98.09,
843,Poland,POL,2010,332130710.9,5.887,98.28,26.68
844,Poland,POL,2011,331694639.5,5.646,98.47,26.48
845,Poland,POL,2012,324216621.4,5.876,98.66,24.33
846,Poland,POL,2013,319911258.7,5.746,98.85,23.05
847,Poland,POL,2014,307555126.8,5.75,99.04,22.81
848,Poland,POL,2015,310615142.9,6.007,99.23,22.41
849,Poland,POL,2016,322233954.5,6.162,99.43,20.96
850,Poland,POL,2017,326604543.2,6.201,99.62,
851,Portugal,PRT,2008,59923525.13,5.717,99.37,
852,Portugal,PRT,2010,52881799.72,5.095,99.58,10.0
853,Portugal,PRT,2011,51701800.43,5.22,99.68,10.19
854,Portugal,PRT,2012,49877899.43,4.994,99.79,9.14
855,Portugal,PRT,2013,48081942.95,5.158,99.87,9.2
856,Portugal,PRT,2014,47955777.37,5.127,99.9,8.3
857,Portugal,PRT,2015,52195200.53,5.081,99.9,8.49
858,Portugal,PRT,2016,50274791.92,5.447,99.91,7.69
859,Portugal,PRT,2017,54863555.58,5.711,99.91,
860,Qatar,QAT,2009,68596891.43,6.418,100.0,
861,Romania,ROU,2009,87205422.53,5.368,100.0,
862,Romania,ROU,2010,83551258.13,4.909,100.0,16.54
863,Romania,ROU,2011,89343217.71,5.023,100.0,18.19
864,Romania,ROU,2012,86320925.39,5.167,100.0,16.25
865,Romania,ROU,2013,76829198.18,5.082,100.0,15.46
866,Romania,ROU,2014,77160487.22,5.727,100.0,15.64
867,Romania,ROU,2015,77788220.45,5.777,100.0,15.17
868,Romania,ROU,2016,75051657.47,5.969,100.0,14.76
869,Romania,ROU,2017,79995524.75,6.09,100.0,
870,Russia,RUS,2008,1679794450.0,5.619,,
871,Russia,RUS,2009,1572439009.0,5.158,,
872,Russia,RUS,2010,1657560679.0,5.385,,
873,Russia,RUS,2011,1712424769.0,5.389,,
874,Russia,RUS,2012,1726099500.0,5.621,,
875,Russia,RUS,2013,1665988574.0,5.537,,
876,Russia,RUS,2014,1667110707.0,6.037,,
877,Russia,RUS,2015,1671895079.0,5.996,,
878,Russia,RUS,2016,1668069933.0,5.855,,
879,Russia,RUS,2017,1692794839.0,5.579,,
880,Rwanda,RWA,2008,530568.72,4.363,51.69,
881,Rwanda,RWA,2009,564426.02,4.03,52.46,
882,Rwanda,RWA,2011,652109.05,4.097,53.99,36.36
883,Rwanda,RWA,2012,724525.71,3.333,54.76,38.92
884,Rwanda,RWA,2013,790384.82,3.466,55.54,38.58
885,Rwanda,RWA,2014,823572.22,3.596,56.33,38.08
886,Rwanda,RWA,2015,916888.9,3.483,57.12,38.38
887,Rwanda,RWA,2016,984176.39,3.333,57.92,39.7
888,Rwanda,RWA,2017,1024740.05,3.108,58.74,
889,Saudi Arabia,SAU,2008,432336409.8,6.811,98.43,
890,Saudi Arabia,SAU,2009,465844308.7,6.148,98.59,
891,Senegal,SEN,2008,4739033.55,4.683,69.66,
892,Senegal,SEN,2009,4203728.2,4.335,70.95,
893,Senegal,SEN,2010,7280072.95,4.372,72.23,54.74
894,Senegal,SEN,2011,7819427.33,3.834,73.51,55.76
895,Senegal,SEN,2012,7362867.01,3.669,74.79,56.92
896,Senegal,SEN,2013,7849940.62,3.647,76.06,56.0
897,Senegal,SEN,2014,8305812.93,4.395,77.33,60.24
898,Senegal,SEN,2015,8114907.2,4.617,78.6,66.17
899,Senegal,SEN,2016,8541600.23,4.595,79.87,59.78
900,Senegal,SEN,2017,9318459.91,4.683,81.13,
901,Serbia,SRB,2009,45926000.32,4.38,91.13,
902,Serbia,SRB,2010,45696360.0,4.461,91.5,28.35
903,Serbia,SRB,2011,48957080.0,4.815,91.87,31.98
904,Serbia,SRB,2012,43724476.0,5.155,92.25,28.67
905,Serbia,SRB,2013,44545828.0,5.102,92.63,26.88
906,Serbia,SRB,2014,37189122.0,5.113,93.01,27.5
907,Serbia,SRB,2015,41337481.68,5.318,93.39,26.22
908,Serbia,SRB,2016,43350996.18,5.753,93.77,24.85
909,Serbia,SRB,2017,45092772.9,5.122,94.15,
910,Sierra Leone,SLE,2008,534944.0,2.997,49.38,
911,Sierra Leone,SLE,2010,575248.0,4.134,51.82,44.1
912,Sierra Leone,SLE,2011,743792.0,4.502,53.04,49.86
913,Sierra Leone,SLE,2013,1033248.0,4.514,55.45,45.99
914,Sierra Leone,SLE,2014,1139504.0,4.5,56.65,43.69
915,Sierra Leone,SLE,2015,1153970.93,4.909,57.85,56.32
916,Sierra Leone,SLE,2016,1235190.88,4.733,59.04,54.28
917,Sierra Leone,SLE,2017,1392486.97,4.09,60.22,
918,Singapore,SGP,2008,36105056.0,6.642,100.0,
919,Singapore,SGP,2009,55886992.0,6.145,100.0,
920,Singapore,SGP,2010,55597536.0,6.531,100.0,12.84
921,Singapore,SGP,2011,45184448.0,6.561,100.0,13.35
922,Singapore,SGP,2013,55630512.0,6.533,100.0,14.31
923,Singapore,SGP,2014,56326672.0,7.062,100.0,14.16
924,Singapore,SGP,2015,60720563.87,6.62,100.0,17.04
925,Singapore,SGP,2016,62829145.54,6.033,100.0,17.24
926,Singapore,SGP,2017,64765076.29,6.378,100.0,
927,Slovakia,SVK,2010,38626518.73,6.052,98.62,21.24
928,Slovakia,SVK,2011,37932845.18,5.945,99.0,22.03
929,Slovakia,SVK,2012,36109053.13,5.911,99.38,19.78
930,Slovakia,SVK,2013,35633934.53,5.937,99.52,19.52
931,Slovakia,SVK,2014,33564670.97,6.139,99.79,19.04
932,Slovakia,SVK,2015,33897477.35,6.162,99.79,18.71
933,Slovakia,SVK,2016,33996772.37,5.993,99.79,17.82
934,Slovakia,SVK,2017,35386216.27,6.366,99.79,
935,Slovenia,SVN,2009,16310010.1,5.83,99.5,
936,Slovenia,SVN,2010,16352627.37,6.083,99.5,18.69
937,Slovenia,SVN,2011,16340572.4,6.036,99.5,20.25
938,Slovenia,SVN,2012,15800755.06,6.063,99.5,18.06
939,Slovenia,SVN,2013,15167076.94,5.975,99.5,18.05
940,Slovenia,SVN,2014,13512575.97,5.678,99.5,17.76
941,Slovenia,SVN,2015,13599142.03,5.741,99.5,17.33
942,Slovenia,SVN,2016,14399789.23,5.937,99.5,16.29
943,Slovenia,SVN,2017,14609601.22,6.167,99.5,
944,South Africa,ZAF,2008,494127156.0,5.346,88.68,
945,South Africa,ZAF,2009,501376938.0,5.218,89.16,
946,South Africa,ZAF,2010,472482580.0,4.652,89.64,24.5
947,South Africa,ZAF,2011,468927239.3,4.931,90.1,23.54
948,South Africa,ZAF,2012,467080646.4,5.134,90.56,22.91
949,South Africa,ZAF,2013,464619057.0,3.661,91.01,24.09
950,South Africa,ZAF,2014,488006183.8,4.828,91.45,24.1
951,South Africa,ZAF,2015,461116585.6,4.887,91.88,27.11
952,South Africa,ZAF,2016,468045403.7,4.77,92.3,25.15
953,South Africa,ZAF,2017,456325215.5,4.514,92.71,
954,South Korea,KOR,2008,505782554.4,5.39,,
955,South Korea,KOR,2009,506764540.7,5.648,,
956,South Korea,KOR,2010,565960924.7,6.116,,
957,South Korea,KOR,2011,588435086.6,6.947,,
958,South Korea,KOR,2013,591539733.6,5.959,,
959,South Korea,KOR,2014,586548009.4,5.801,,
960,South Korea,KOR,2015,590557520.6,5.78,,
961,South Korea,KOR,2016,595073678.8,5.971,,
962,South Korea,KOR,2017,616096686.8,5.874,,
963,Spain,ESP,2008,336490118.5,7.294,100.0,
964,Spain,ESP,2009,297248141.0,6.199,100.0,
965,Spain,ESP,2010,283877489.7,6.188,100.0,11.48
966,Spain,ESP,2011,284594749.3,6.518,100.0,12.11
967,Spain,ESP,2012,279271283.7,6.291,99.99,11.0
968,Spain,ESP,2013,252682710.7,6.15,99.96,10.7
969,Spain,ESP,2014,255195739.0,6.456,99.93,9.63
970,Spain,ESP,2015,271727199.5,6.381,99.93,10.08
971,Spain,ESP,2016,260985896.0,6.319,99.93,9.2
972,Spain,ESP,2017,281421987.1,6.23,99.93,
973,Sri Lanka,LKA,2008,11987816.3,4.431,85.32,
974,Sri Lanka,LKA,2009,12943484.25,4.212,86.0,
975,Sri Lanka,LKA,2010,13050301.14,3.977,86.68,24.76
976,Sri Lanka,LKA,2011,14886602.36,4.181,87.36,20.59
977,Sri Lanka,LKA,2012,15775749.77,4.225,88.04,21.63
978,Sri Lanka,LKA,2013,15253298.29,4.365,88.73,21.84
979,Sri Lanka,LKA,2014,18158931.55,4.268,89.42,20.06
980,Sri Lanka,LKA,2015,20713437.7,4.612,90.11,19.33
981,Sri Lanka,LKA,2017,23138426.06,4.331,91.51,
982,Sudan,SDN,2009,15550016.0,4.455,50.46,
983,Sudan,SDN,2010,15927408.0,4.435,51.87,38.51
984,Sudan,SDN,2011,15645280.0,4.314,53.28,40.28
985,Suriname,SUR,2012,2244350.25,6.269,94.42,26.41
986,Swaziland,SWZ,2011,1047904.0,4.867,,
987,Sweden,SWE,2008,50723095.64,7.516,99.61,
988,Sweden,SWE,2009,47153238.82,7.266,99.64,
989,Sweden,SWE,2010,52927274.75,7.496,99.66,7.0
990,Sweden,SWE,2011,48969956.41,7.382,99.69,7.25
991,Sweden,SWE,2012,46403566.28,7.56,99.71,6.3
992,Sweden,SWE,2013,44768997.2,7.434,99.73,6.1
993,Sweden,SWE,2014,43225705.7,7.239,99.76,6.45
994,Sweden,SWE,2015,43385556.99,7.289,99.78,5.99
995,Sweden,SWE,2016,42568017.92,7.369,99.8,5.73
996,Sweden,SWE,2017,41501525.09,7.287,99.83,
997,Switzerland,CHE,2009,43528067.64,7.525,100.0,
998,Switzerland,CHE,2012,42250900.62,7.776,100.0,12.38
999,Switzerland,CHE,2014,39237750.66,7.493,100.0,10.97
1000,Switzerland,CHE,2015,38738547.13,7.572,100.0,11.21
1001,Switzerland,CHE,2016,39204913.87,7.459,100.0,10.11
1002,Switzerland,CHE,2017,40074025.27,7.474,100.0,
1003,Syria,SYR,2008,66877395.9,5.323,,
1004,Syria,SYR,2009,61562217.17,4.979,,
1005,Syria,SYR,2010,60716402.04,4.465,,
1006,Syria,SYR,2011,56139349.21,4.038,,
1007,Syria,SYR,2012,43790055.95,3.164,,
1008,Syria,SYR,2013,35808975.93,2.688,,
1009,Syria,SYR,2015,28925241.22,3.462,,
1010,Tajikistan,TJK,2008,2885313.02,5.064,66.83,
1011,Tajikistan,TJK,2009,2434691.13,4.575,68.15,
1012,Tajikistan,TJK,2010,2517762.83,4.381,69.47,29.29
1013,Tajikistan,TJK,2011,2320034.51,4.263,70.8,36.16
1014,Tajikistan,TJK,2012,2906292.25,4.497,72.15,37.37
1015,Tajikistan,TJK,2013,3437059.44,4.967,73.5,35.03
1016,Tajikistan,TJK,2014,5060686.36,4.896,74.86,33.54
1017,Tajikistan,TJK,2015,5460201.98,5.124,76.24,33.84
1018,Tajikistan,TJK,2016,5579036.68,5.104,77.62,34.86
1019,Tajikistan,TJK,2017,5711373.46,5.829,79.01,
1020,Tanzania,TZA,2008,5937408.29,4.385,,
1021,Tanzania,TZA,2009,5693926.63,3.408,,
1022,Tanzania,TZA,2010,6840606.6,3.229,,
1023,Tanzania,TZA,2011,7807018.47,4.074,,
1024,Tanzania,TZA,2012,9238081.98,4.007,,
1025,Tanzania,TZA,2013,10912008.98,3.852,,
1026,Tanzania,TZA,2014,11241286.62,3.483,,
1027,Tanzania,TZA,2015,12453503.48,3.661,,
1028,Tanzania,TZA,2016,13604691.94,2.903,,
1029,Tanzania,TZA,2017,14230527.46,3.347,,
1030,Thailand,THA,2008,249591018.8,5.636,97.01,
1031,Thailand,THA,2009,264750299.2,5.476,97.37,
1032,Thailand,THA,2010,279428513.3,6.217,97.71,32.3
1033,Thailand,THA,2011,275835966.0,6.664,98.04,26.66
1034,Thailand,THA,2012,293664430.5,6.3,98.36,29.88
1035,Thailand,THA,2013,296902994.6,6.231,98.67,30.93
1036,Thailand,THA,2014,313186490.6,6.985,98.98,28.4
1037,Thailand,THA,2015,320574008.8,6.202,99.26,26.79
1038,Thailand,THA,2016,324834134.0,6.074,99.45,29.83
1039,Thailand,THA,2017,330839584.0,5.939,99.77,
1040,Togo,TGO,2008,1522778.0,2.808,55.19,
1041,Togo,TGO,2011,2507584.0,2.936,58.82,41.47
1042,Togo,TGO,2014,2219738.0,2.839,62.44,37.28
1043,Togo,TGO,2015,2640302.26,3.768,63.64,46.16
1044,Togo,TGO,2016,2752156.74,3.879,64.83,45.48
1045,Togo,TGO,2017,2991143.87,4.361,66.01,
1046,Trinidad and Tobago,TTO,2008,44252406.97,6.696,95.07,
1047,Trinidad and Tobago,TTO,2011,46806957.59,6.519,96.14,22.32
1048,Trinidad and Tobago,TTO,2013,46415529.97,6.168,97.37,23.0
1049,Trinidad and Tobago,TTO,2017,40697187.01,6.192,98.88,
1050,Tunisia,TUN,2010,27102531.27,5.131,92.22,31.72
1051,Tunisia,TUN,2011,25524332.18,4.876,92.42,29.02
1052,Tunisia,TUN,2012,26306406.51,4.464,93.03,27.33
1053,Tunisia,TUN,2013,26865500.82,5.246,93.64,31.06
1054,Tunisia,TUN,2014,27892036.95,4.764,94.24,31.24
1055,Tunisia,TUN,2015,26404669.06,5.132,94.85,30.65
1056,Tunisia,TUN,2016,26907690.22,4.521,95.44,33.27
1057,Tunisia,TUN,2017,28134148.8,4.124,95.99,
1058,Turkey,TUR,2008,310396695.7,5.118,95.05,
1059,Turkey,TUR,2009,316771031.9,5.213,95.23,
1060,Turkey,TUR,2010,319528399.8,5.49,95.41,38.76
1061,Turkey,TUR,2011,344745495.1,5.272,95.59,34.43
1062,Turkey,TUR,2012,354134764.7,5.309,95.76,36.29
1063,Turkey,TUR,2013,346780965.1,4.888,95.93,36.07
1064,Turkey,TUR,2014,357559960.9,5.58,96.09,37.76
1065,Turkey,TUR,2015,380858096.4,5.514,96.26,38.59
1066,Turkey,TUR,2016,402820783.8,5.326,96.41,37.21
1067,Turkey,TUR,2017,447897175.8,5.607,96.57,
1068,Uganda,UGA,2008,3052256.33,4.569,37.28,
1069,Uganda,UGA,2009,3246679.36,4.612,38.73,
1070,Uganda,UGA,2010,3765155.98,4.193,40.21,37.47
1071,Uganda,UGA,2011,4067846.32,4.826,41.7,38.12
1072,Uganda,UGA,2012,3860678.11,4.309,43.21,40.03
1073,Uganda,UGA,2013,4645220.43,3.71,44.73,38.61
1074,Uganda,UGA,2014,4987717.76,3.77,46.28,38.9
1075,Uganda,UGA,2015,5324763.26,4.238,47.84,41.44
1076,Uganda,UGA,2016,5571393.24,4.233,49.42,42.75
1077,Uganda,UGA,2017,5782828.9,4.001,51.01,
1078,Ukraine,UKR,2008,325732775.8,5.172,95.98,
1079,Ukraine,UKR,2009,277169902.1,5.166,95.53,
1080,Ukraine,UKR,2010,293518810.8,5.058,95.07,17.11
1081,Ukraine,UKR,2011,307071163.9,5.083,94.62,16.69
1082,Ukraine,UKR,2012,303705068.4,5.03,94.16,15.9
1083,Ukraine,UKR,2013,296074061.2,4.711,94.03,16.1
1084,Ukraine,UKR,2014,256583599.0,4.297,93.59,15.97
1085,Ukraine,UKR,2015,223579698.1,3.965,93.66,15.22
1086,Ukraine,UKR,2016,235156014.4,4.029,93.72,13.98
1087,Ukraine,UKR,2017,212116257.7,4.311,93.79,
1088,United Arab Emirates,ARE,2009,165185136.2,6.866,99.97,
1089,United Arab Emirates,ARE,2010,158164662.1,7.097,99.97,43.38
1090,United Kingdom,GBR,2008,544848238.5,6.986,,
1091,United Kingdom,GBR,2009,494604731.5,6.907,,
1092,United Kingdom,GBR,2010,512214253.3,7.029,,
1093,United Kingdom,GBR,2011,469811462.2,6.869,,
1094,United Kingdom,GBR,2012,487670753.9,6.881,,
1095,United Kingdom,GBR,2013,477732571.4,6.918,,
1096,United Kingdom,GBR,2014,438691177.0,6.758,,
1097,United Kingdom,GBR,2015,422662553.9,6.515,,
1098,United Kingdom,GBR,2016,398550884.1,6.824,,
1099,United Kingdom,GBR,2017,384706788.6,7.103,,
1100,United States,USA,2008,5932775281.0,7.28,,
1101,United States,USA,2009,5495394958.0,7.158,,
1102,United States,USA,2010,5701075808.0,7.164,,
1103,United States,USA,2011,5570706560.0,7.115,,
1104,United States,USA,2012,5366730281.0,7.026,,
1105,United States,USA,2013,5519612557.0,7.249,,
1106,United States,USA,2014,5568759258.0,7.151,,
1107,United States,USA,2015,5420804127.0,6.864,,
1108,United States,USA,2016,5310861406.0,6.804,,
1109,United States,USA,2017,5269529513.0,6.992,,
1110,Uruguay,URY,2008,8200664.45,5.664,98.04,
1111,Uruguay,URY,2009,7947333.75,6.296,98.22,
1112,Uruguay,URY,2010,6296711.38,6.062,98.39,9.07
1113,Uruguay,URY,2011,7653810.49,6.554,98.56,9.3
1114,Uruguay,URY,2012,8593082.95,6.45,98.71,9.17
1115,Uruguay,URY,2013,7489843.7,6.444,98.85,9.86
1116,Uruguay,URY,2014,6656106.94,6.561,98.99,9.64
1117,Uruguay,URY,2015,6651105.74,6.628,99.13,9.89
1118,Uruguay,URY,2016,6764424.63,6.171,99.27,9.95
1119,Uruguay,URY,2017,6840339.75,6.336,99.4,
1120,Uzbekistan,UZB,2011,113045364.0,5.739,96.47,29.14
1121,Uzbekistan,UZB,2012,115121942.0,6.019,96.8,30.27
1122,Uzbekistan,UZB,2013,102654856.6,5.94,97.13,28.48
1123,Uzbekistan,UZB,2014,104480817.7,6.049,97.38,26.95
1124,Uzbekistan,UZB,2015,110669325.1,5.972,97.53,27.05
1125,Uzbekistan,UZB,2017,98998947.27,6.421,97.83,
1126,Venezuela,VEN,2008,178212809.2,6.258,,
1127,Venezuela,VEN,2009,178845105.8,7.189,,
1128,Venezuela,VEN,2010,188179332.3,7.478,,
1129,Venezuela,VEN,2011,175855839.3,6.58,,
1130,Venezuela,VEN,2012,197729759.1,7.067,,
1131,Venezuela,VEN,2013,182868919.2,6.553,,
1132,Venezuela,VEN,2014,184236581.7,6.136,,
1133,Venezuela,VEN,2015,176897278.5,5.569,,
1134,Venezuela,VEN,2016,166096367.9,4.041,,
1135,Venezuela,VEN,2017,159567635.4,5.071,,
1136,Vietnam,VNM,2008,113240815.2,5.48,,
1137,Vietnam,VNM,2009,122836528.3,5.304,,
1138,Vietnam,VNM,2010,136113090.3,5.296,,
1139,Vietnam,VNM,2011,145047830.5,5.767,,
1140,Vietnam,VNM,2012,135375322.8,5.535,,
1141,Vietnam,VNM,2013,140438875.8,5.023,,
1142,Vietnam,VNM,2016,197801557.3,5.062,,
1143,Yemen,YEM,2009,24247558.66,4.809,49.44,
1144,Yemen,YEM,2010,23151863.57,4.35,50.53,36.68
1145,Yemen,YEM,2011,19513013.74,3.746,51.61,41.96
1146,Yemen,YEM,2012,18238251.18,4.061,52.67,44.61
1147,Yemen,YEM,2013,24980412.88,4.218,53.72,44.0
1148,Yemen,YEM,2014,22262570.05,3.968,54.76,38.67
1149,Yemen,YEM,2015,20384597.54,2.983,55.78,46.11
1150,Zambia,ZMB,2008,2105555.91,4.73,55.36,
1151,Zambia,ZMB,2009,2406280.83,5.26,56.23,
1152,Zambia,ZMB,2011,2792593.48,4.999,57.96,30.14
1153,Zambia,ZMB,2012,3480661.95,5.013,58.81,30.65
1154,Zambia,ZMB,2013,3756144.7,5.244,59.66,30.82
1155,Zambia,ZMB,2014,4255726.27,4.346,60.5,29.34
1156,Zambia,ZMB,2015,4401412.84,4.843,61.34,31.99
1157,Zambia,ZMB,2016,4575144.24,4.348,62.17,30.79
1158,Zambia,ZMB,2017,4746148.03,3.933,62.99,
1159,Zimbabwe,ZWE,2008,7718874.78,3.174,68.59,
1160,Zimbabwe,ZWE,2009,5519508.33,4.056,68.07,
1161,Zimbabwe,ZWE,2010,7681010.98,4.682,67.54,24.66
1162,Zimbabwe,ZWE,2011,9439850.98,4.846,67.02,24.58
1163,Zimbabwe,ZWE,2012,7614600.24,4.955,66.49,25.22
1164,Zimbabwe,ZWE,2013,11536239.29,4.69,65.97,24.64
1165,Zimbabwe,ZWE,2014,11866348.41,4.184,65.45,24.51
1166,Zimbabwe,ZWE,2015,10907603.94,3.703,64.95,26.42
1167,Zimbabwe,ZWE,2016,9932649.88,3.735,64.47,25.18
1168,Zimbabwe,ZWE,2017,10397718.47,3.638,64.0,
