id_no,Country,Year,Life Ladder,Temperature,Clean Water,PM2.5,pc Greenhouse Gas Emissions,pc CO2 Emissions
1,Afghanistan,2010,4.758,14.629,48.28708,52.49585,0.001538777,0.287737946
2,Afghanistan,2011,3.832,16.487,50.82785,57.09972,0.001947379,0.401953143
3,Afghanistan,2012,3.783,14.373,53.40352,55.46611,0.002142075,0.327922404
4,Afghanistan,2013,3.572,16.156,56.01404,59.62277,0.002317972,0.261570273
5,Afghanistan,2014,3.131,15.647,58.65937,62.72192,0.00253575,0.232968316
6,Afghanistan,2015,3.983,15.427,61.33978,61.41157,0.002723632,0.229680484
7,Afghanistan,2016,4.22,15.79,64.05488,57.96634,0.00269536,0.190617603
8,Afghanistan,2017,2.662,16.166,66.8087,54.03117,0.002680728,0.188996143
9,Afghanistan,2018,2.694,15.942,69.60193,53.43221,0.002661148,0.281197889
10,Afghanistan,2019,2.375,13.956,72.43422,52.99812,,0.281804334
11,Afghanistan,2021,2.523,,,,,
12,Albania,2010,5.269,13.779,91.37948,21.55726,0.003134203,1.526970111
13,Albania,2011,5.867,14.201,91.81089,23.31385,0.003314752,1.731612508
14,Albania,2012,5.51,15.986,92.22878,21.45644,0.003185766,1.609410561
15,Albania,2013,4.551,13.827,92.63159,19.93915,0.003260691,1.70221879
16,Albania,2014,4.814,13.731,93.02006,19.81741,0.003437052,1.94543914
17,Albania,2015,4.607,13.802,93.39433,19.42523,0.003419304,1.573354837
18,Albania,2016,4.511,14.754,93.75488,17.69079,0.003379575,1.563132866
19,Albania,2017,4.64,15.55,94.1021,18.8694,0.003581052,1.880800722
20,Albania,2018,5.004,14.259,94.43639,18.65998,0.003516636,1.884958219
21,Albania,2019,4.995,15.781,94.75822,18.45981,,1.954674722
22,Albania,2021,5.117,,,,,
23,Argentina,2010,6.441,15.394,98.42726,14.05373,0.008203057,4.578088215
24,Argentina,2011,6.776,14.905,98.61329,14.52667,0.00835646,4.611413063
25,Argentina,2012,6.468,15.211,98.79495,13.68543,0.008361195,4.593813123
26,Argentina,2013,6.582,16.265,98.85207,15.06927,0.008487087,4.505650922
27,Argentina,2014,6.671,15.631,98.90932,14.1147,0.00834554,4.422301785
28,Argentina,2015,6.697,16.866,98.96659,14.93674,0.008405831,4.459932478
29,Argentina,2016,6.427,14.273,99.02386,14.45197,0.008404838,4.380087821
30,Argentina,2017,6.039,15.934,99.62947,13.95186,0.008339688,4.255119723
31,Argentina,2018,5.793,14.258,99.68312,13.97303,0.008217869,4.158488997
32,Argentina,2019,6.086,16.619,99.73677,13.84671,,3.981857468
33,Argentina,2021,5.929,,,,,
34,Armenia,2010,4.368,11.088,98.20048,36.20056,0.002693484,1.478027772
35,Armenia,2011,4.26,9.183,98.51313,40.79481,0.002913226,1.727382518
36,Armenia,2012,4.32,10.238,98.82807,41.39294,0.003245223,1.992987405
37,Armenia,2013,4.277,9.049,99.14572,39.19509,0.00320956,1.910207541
38,Armenia,2014,4.453,9.722,99.44056,38.75478,0.003179505,1.909044181
39,Armenia,2015,4.348,11.219,99.55257,38.11764,0.003165207,1.733811214
40,Armenia,2016,4.325,9.15,99.56094,34.87167,0.003238939,1.756979811
41,Armenia,2017,4.288,9.795,99.93513,35.55658,0.003151329,1.862560272
42,Armenia,2018,5.062,9.855,99.95192,34.63884,0.00317101,2.133182756
43,Armenia,2019,5.488,11.905,99.96873,34.24106,,2.030588005
44,Armenia,2021,5.283,,,,,
45,Australia,2010,7.45,22.088,99.88315,6.78718,0.025927128,18.40538309
46,Australia,2011,7.406,21.167,99.89197,6.71166,0.030131123,18.09186763
47,Australia,2012,7.196,21.212,99.90077,7.00126,0.029512879,17.88140268
48,Australia,2013,7.364,22.482,99.90959,6.96483,0.025159407,17.20602557
49,Australia,2014,7.289,22.13,99.96148,6.87749,0.025281476,16.78830139
50,Australia,2015,7.309,23.099,99.97001,6.84756,0.024965575,16.86071722
51,Australia,2016,7.25,22.988,99.96997,6.82232,0.023702708,16.99115833
52,Australia,2017,7.257,22.175,99.96993,6.67271,0.025192811,16.87260345
53,Australia,2018,7.177,22.015,99.96989,6.7411,0.024632257,16.64968746
54,Australia,2019,7.234,21.936,99.96986,6.7487,,16.20357167
55,Australia,2021,7.183,,,,,
56,Austria,2010,7.303,7.454,100,15.87206,0.00989071,8.610350642
57,Austria,2011,7.471,7.58,100,16.2518,0.009627435,8.329506034
58,Austria,2012,7.401,8.461,100,14.62976,0.009201671,7.972617764
59,Austria,2013,7.499,6.843,100,14.62208,0.009212456,7.98904529
60,Austria,2014,6.95,7.501,100,12.9131,0.008699614,7.498450451
61,Austria,2015,7.076,8.004,100,13.45269,0.008733383,7.669275188
62,Austria,2016,7.048,7.858,100,12.39107,0.008660052,7.681677385
63,Austria,2017,7.294,9.69,100,12.02271,0.008846765,7.91455955
64,Austria,2018,7.396,8.416,100,12.3846,0.008481401,7.54703009
65,Austria,2019,7.195,11.264,100,12.22494,,7.713486495
66,Austria,2021,7.268,,,,,
67,Azerbaijan,2010,4.219,15.05,85.97105,25.84174,0.008724001,3.383230038
68,Azerbaijan,2011,4.68,12.79,87.25521,27.72685,0.008972993,3.594832794
69,Azerbaijan,2012,4.911,13.895,88.54807,29.59322,0.008980415,3.770350516
70,Azerbaijan,2013,5.481,12.628,89.84895,29.04756,0.008817219,3.73955614
71,Azerbaijan,2014,5.252,13.51,91.15672,28.2887,0.008726724,3.87781192
72,Azerbaijan,2015,5.147,15.089,92.42031,26.8159,0.008501099,3.855037354
73,Azerbaijan,2016,5.304,12.876,93.18356,25.05773,0.00839225,3.820359626
74,Azerbaijan,2017,5.152,12.63,93.9416,25.80297,0.008171274,3.703858512
75,Azerbaijan,2018,5.168,13.109,94.69389,25.88438,0.008074633,3.771555099
76,Azerbaijan,2019,5.173,15.55,95.41372,26.26906,,3.972360218
77,Azerbaijan,2021,5.171,,,,,
78,Bangladesh,2010,4.858,25.767,96.39689,56.48803,0.001056883,0.365857324
79,Bangladesh,2011,4.986,25.272,96.54633,60.63896,0.001083249,0.378878251
80,Bangladesh,2012,4.724,25.82,96.69159,69.00422,0.001094329,0.401914012
81,Bangladesh,2013,4.66,26.239,96.83255,66.47897,0.001103878,0.404431975
82,Bangladesh,2014,4.636,25.848,96.96925,73.37176,0.001122916,0.426998399
83,Bangladesh,2015,4.633,25.653,97.1016,69.08059,0.001168593,0.466122845
84,Bangladesh,2016,4.556,26.201,97.22961,67.90836,0.00116156,0.480179725
85,Bangladesh,2017,4.31,25.843,97.35325,62.82447,0.001204994,0.50301299
86,Bangladesh,2018,4.499,25.939,97.47252,63.39008,0.001232954,0.531172084
87,Bangladesh,2019,5.114,26.52,97.58742,63.54533,,0.626581257
88,Bangladesh,2021,5.025,,,,,
89,Belarus,2010,5.526,7.959,97.53976,22.46444,0.009515748,6.65463776
90,Belarus,2011,5.225,8.024,97.2753,19.86036,0.009223943,6.556066437
91,Belarus,2012,5.749,5.504,97.00804,19.1637,0.009400396,6.6573384
92,Belarus,2013,5.876,8.502,96.73803,20.06079,0.009466515,6.733938855
93,Belarus,2014,5.812,4.985,96.46535,20.48884,0.009382015,6.658247481
94,Belarus,2015,5.719,6.228,96.47707,18.73342,0.008902362,6.178654647
95,Belarus,2016,5.178,7.601,96.48868,16.90633,0.008797527,6.344749279
96,Belarus,2017,5.553,5.729,96.50017,16.59014,0.00897006,6.39516179
97,Belarus,2018,5.234,6.897,96.51168,16.66586,0.009294038,6.524140088
98,Belarus,2019,5.821,10.154,96.52321,16.57188,,6.634622938
99,Belarus,2021,5.534,,,,,
100,Belgium,2010,6.854,10.812,100,16.98231,0.011422974,10.51444411
101,Belgium,2011,7.111,10.496,100,16.24259,0.01016283,9.516537927
102,Belgium,2012,6.935,9.346,100,15.20068,0.010046879,9.22205655
103,Belgium,2013,7.104,9.483,100,14.30519,0.010113441,9.200704303
104,Belgium,2014,6.855,10.227,100,12.90808,0.009497677,8.636883816
105,Belgium,2015,6.904,10.151,100,13.265,0.009891614,8.95685546
106,Belgium,2016,6.949,10.541,100,12.43661,0.00973929,8.807980499
107,Belgium,2017,6.928,12.725,100,12.89121,0.009516351,8.743287346
108,Belgium,2018,6.892,11.622,100,12.8198,0.009516889,8.76935
109,Belgium,2019,6.772,12.478,100,12.7263,,8.678653632
110,Belgium,2021,6.834,,,,,
111,Bolivia,2010,5.781,22.318,87.26318,31.86734,0.004749917,1.456990065
112,Bolivia,2011,5.779,22.853,87.93357,28.84461,0.004680332,1.570369916
113,Bolivia,2012,6.019,21.587,88.59413,28.67738,0.0047342,1.745988818
114,Bolivia,2013,5.767,22.001,89.23059,26.97036,0.004829083,1.747792219
115,Bolivia,2014,5.865,22.222,89.85011,28.54349,0.004844713,1.832357526
116,Bolivia,2015,5.834,22.5,90.46214,29.54265,0.004912725,1.786701825
117,Bolivia,2016,5.77,20.386,91.06697,28.39105,0.005056282,1.875779722
118,Bolivia,2017,5.651,21.792,91.66416,27.93657,0.005029995,1.948614978
119,Bolivia,2018,5.916,20.106,92.25508,27.71693,0.005009187,1.968222272
120,Bolivia,2019,5.674,22.586,92.82598,27.48764,,1.960796578
121,Bolivia,2021,5.716,,,,,
122,Bosnia and Herzegovina,2010,4.669,11.12,96.66949,35.46516,0.007005844,5.706606273
123,Bosnia and Herzegovina,2011,4.995,11.897,96.59487,39.36054,0.007931884,6.490075448
124,Bosnia and Herzegovina,2012,4.773,13.516,96.45003,35.51636,0.007561779,6.140477929
125,Bosnia and Herzegovina,2013,5.124,10.848,96.352,33.93648,0.007635639,6.153972028
126,Bosnia and Herzegovina,2014,5.249,10.992,96.16813,32.55819,0.007027356,5.545776608
127,Bosnia and Herzegovina,2015,5.117,11.413,96.15984,33.85689,0.00718501,5.383124325
128,Bosnia and Herzegovina,2016,5.181,11.958,96.15126,29.59341,0.008032453,6.417955428
129,Bosnia and Herzegovina,2017,5.09,13.292,96.14236,30.77486,0.008193263,6.501951047
130,Bosnia and Herzegovina,2018,5.887,11.827,96.13318,30.78127,0.008180078,6.644576945
131,Bosnia and Herzegovina,2019,6.016,13.849,96.1237,30.28742,,8.064558658
132,Bosnia and Herzegovina,2021,5.813,,,,,
133,Botswana,2010,3.553,21.976,83.04817,26.59719,0.01128274,2.282882242
134,Botswana,2011,3.52,22.021,84.33697,27.00312,0.013639932,1.998949591
135,Botswana,2012,4.836,22.243,85.42283,27.05872,0.008085113,2.489076762
136,Botswana,2013,4.128,23.374,86.45559,26.10286,0.007733142,2.745599988
137,Botswana,2014,4.031,22.623,87.46342,25.67235,0.007066871,3.279703
138,Botswana,2015,3.762,22.575,88.44629,26.59954,0.00679016,2.557982304
139,Botswana,2016,3.499,23.601,89.40444,25.65127,0.006287255,2.932243481
140,Botswana,2017,3.505,23.652,90.33771,25.39271,0.007918094,3.201203949
141,Botswana,2018,3.461,23.466,91.24446,25.47543,0.007151518,3.023609325
142,Botswana,2019,3.471,23.107,92.08257,25.32941,,2.741841288
143,Botswana,2021,3.467,,,,,
144,Brazil,2010,6.837,26.205,96.5188,14.05672,0.005040221,2.101234223
145,Brazil,2011,7.038,25.842,96.78798,14.6726,0.005087423,2.176849187
146,Brazil,2012,6.66,26.18,97.05098,13.76786,0.005228833,2.308717206
147,Brazil,2013,7.14,26.372,97.30768,13.13758,0.00532666,2.462479379
148,Brazil,2014,6.981,26.257,97.55858,12.9879,0.005454131,2.583765814
149,Brazil,2015,6.547,26.345,97.80357,11.68776,0.005295108,2.421917391
150,Brazil,2016,6.375,25.845,97.95584,11.42007,0.005101253,2.320700955
151,Brazil,2017,6.333,26.4,98.45095,11.66885,0.005123901,2.331613389
152,Brazil,2018,6.191,25.731,98.67949,11.63402,0.004929791,2.227769222
153,Brazil,2019,6.451,26.83,98.93554,11.66552,,2.206665868
154,Brazil,2021,6.33,,,,,
155,Bulgaria,2010,3.912,11.845,99.39938,23.41734,0.007712695,6.471812493
156,Bulgaria,2011,3.875,11.689,99.35732,26.33199,0.008551605,7.236754266
157,Bulgaria,2012,4.222,13.752,99.31598,23.27254,0.007822458,6.617814152
158,Bulgaria,2013,3.993,12.071,99.27537,21.80279,0.00716575,5.870451879
159,Bulgaria,2014,4.438,11.041,99.23548,22.24359,0.00756651,6.252729467
160,Bulgaria,2015,4.865,11.27,99.19633,20.86425,0.007984128,6.714173924
161,Bulgaria,2016,4.838,13.218,99.1579,19.95143,0.007613826,6.362914646
162,Bulgaria,2017,5.097,13.058,99.12021,20.22277,0.007977731,6.713612185
163,Bulgaria,2018,5.099,12.498,99.08322,20.21311,0.007591419,6.19948322
164,Bulgaria,2019,5.108,13.65,99.04696,19.92702,,6.021776405
165,Bulgaria,2021,5.266,,,,,
166,Burkina Faso,2010,4.036,29.134,53.15173,53.99324,0.001589854,0.130522875
167,Burkina Faso,2011,4.785,29.317,52.54423,51.2476,0.001570087,0.13246221
168,Burkina Faso,2012,3.955,28.796,51.93834,54.19399,0.001567172,0.158102598
169,Burkina Faso,2013,3.326,29.435,51.33465,47.35318,0.001580878,0.167762377
170,Burkina Faso,2014,3.481,29.61,50.73417,48.42901,0.001563173,0.165587524
171,Burkina Faso,2015,4.419,30.09,50.13713,60.27898,0.001559306,0.182079616
172,Burkina Faso,2016,4.206,29.101,49.54416,56.26509,0.001590124,0.181345733
173,Burkina Faso,2017,4.647,28.763,48.95459,53.54886,0.001592228,0.205195414
174,Burkina Faso,2018,4.927,29.343,48.36939,53.66527,0.001561909,0.20962201
175,Burkina Faso,2019,4.741,29.742,47.78959,53.68486,,0.211663301
176,Burkina Faso,2021,4.834,,,,,
177,Cambodia,2010,4.141,28.288,64.73036,29.00238,0.002030435,0.351484066
178,Cambodia,2011,4.161,27.238,65.54445,24.82077,0.002102958,0.351084808
179,Cambodia,2012,3.899,27.51,66.32258,25.02527,0.002050681,0.360849673
180,Cambodia,2013,3.674,27.429,67.06476,28.13717,0.002036425,0.364412801
181,Cambodia,2014,3.883,27.604,67.77183,24.31387,0.002065533,0.426620606
182,Cambodia,2015,4.162,28.092,68.44385,24.11826,0.00217248,0.5441685
183,Cambodia,2016,4.461,27.81,69.08113,24.88946,0.002244663,0.616761331
184,Cambodia,2017,4.586,27.8,69.68377,22.08535,0.002363609,0.698712314
185,Cambodia,2018,5.122,27.311,70.25363,22.33921,0.00230526,0.952567771
186,Cambodia,2019,4.998,28.369,70.79083,22.13588,,0.972124536
187,Cambodia,2021,4.83,,,,,
188,Cameroon,2010,4.554,25.202,62.03644,60.63623,0.004203284,0.327513382
189,Cameroon,2011,4.434,25.394,62.43885,60.06186,0.004053784,0.311923215
190,Cameroon,2012,4.245,24.795,62.83402,62.5594,0.0039306,0.286625295
191,Cameroon,2013,4.271,25.476,63.22156,57.96497,0.00387955,0.229612
192,Cameroon,2014,4.24,25.689,63.60153,57.77838,0.003805686,0.302018182
193,Cameroon,2015,5.038,25.702,63.97399,71.14056,0.003747042,0.33237939
194,Cameroon,2016,4.816,25.439,64.33899,66.83687,0.003690461,0.345207368
195,Cameroon,2017,5.074,25.536,64.69579,63.75296,0.003595203,0.30654024
196,Cameroon,2018,5.251,25.369,65.04524,65.45743,0.003531451,0.30007605
197,Cameroon,2019,4.937,25.543,65.38663,66.15428,,0.293423885
198,Cameroon,2021,5.142,,,,,
199,Canada,2010,7.65,-4.101,99.23635,7.90157,0.019826561,16.33735223
200,Canada,2011,7.426,-4.215,99.23589,7.34895,0.02008659,16.5041375
201,Canada,2012,7.415,-2.879,99.23433,7.61087,0.019997856,16.41220745
202,Canada,2013,7.594,-3.345,99.23269,7.28206,0.020107201,16.42755071
203,Canada,2014,7.304,-3.605,99.23099,7.498,0.020100495,16.25236643
204,Canada,2015,7.413,-3.51,99.22922,7.2834,0.019828357,16.13053309
205,Canada,2016,7.245,-3.404,99.2274,6.20744,0.019252558,15.62006489
206,Canada,2017,7.415,-3.941,99.22554,7.27823,0.019410707,15.67464126
207,Canada,2018,7.175,-4.377,99.22363,7.07298,0.01955825,15.82360228
208,Canada,2019,7.109,-4.182,99.22165,7.09026,,15.3391488
209,Canada,2021,7.103,,,,,
210,Chad,2010,3.743,27.751,42.72318,57.8041,0.004614239,0.083383269
211,Chad,2011,4.393,27.4,43.0479,58.92884,0.004663867,0.090407027
212,Chad,2012,4.033,27.313,43.37834,60.05122,0.004732983,0.048026445
213,Chad,2013,3.508,27.033,43.7138,55.8678,0.004751735,0.049538922
214,Chad,2014,3.46,27.672,44.05403,53.48884,0.004787185,0.072401399
215,Chad,2015,4.323,27.872,44.3991,64.13971,0.005000365,0.049333317
216,Chad,2016,4.029,27.299,44.7487,59.85288,0.005165621,0.068187634
217,Chad,2017,4.559,27.042,45.10251,59.55246,0.005173552,0.06636511
218,Chad,2018,4.486,26.966,45.46056,59.32125,0.005212652,0.065128103
219,Chad,2019,4.251,27.162,45.82211,59.42594,,0.064606235
220,Chad,2021,4.355,,,,,
221,Chile,2010,6.636,9.885,98.32901,21.93499,0.005460503,4.180490866
222,Chile,2011,6.526,10.248,98.56782,23.31394,0.005780574,4.530909183
223,Chile,2012,6.599,10.216,98.80491,22.28727,0.005856201,4.580582562
224,Chile,2013,6.74,10.771,99.04039,23.85567,0.005974444,4.649091817
225,Chile,2014,6.844,10.258,99.27425,23.20259,0.005555503,4.359643795
226,Chile,2015,6.533,11.114,99.50649,24.49502,0.005788744,4.542910219
227,Chile,2016,6.579,10.316,99.73719,24.72874,0.005939347,4.621527555
228,Chile,2017,6.32,10.129,99.96545,22.81016,0.005920272,4.551172076
229,Chile,2018,6.436,9.272,100,23.63918,0.005851302,4.582644737
230,Chile,2019,5.942,10.552,100,23.68317,,4.446309961
231,Chile,2021,6.172,,,,,
232,China,2010,4.653,7.862,88.56889,53.24271,0.007627855,6.354571968
233,China,2011,5.037,7.944,89.26849,58.41283,0.008239196,6.984591694
234,China,2012,5.095,7.79,89.93456,58.91645,0.008439973,7.132549764
235,China,2013,5.241,7.973,90.57191,63.32051,0.008733391,7.217232379
236,China,2014,5.196,7.581,91.18135,60.31858,0.008697186,7.198252703
237,China,2015,5.304,7.392,91.76264,56.26218,0.008648714,7.061741158
238,China,2016,5.325,7.957,92.316,51.64413,0.008600479,6.928816315
239,China,2017,5.099,7.552,92.84091,49.98303,0.008697413,7.033151431
240,China,2018,5.131,8.131,93.33588,49.33254,0.008871239,7.148958178
241,China,2019,5.144,7.742,93.81327,47.72902,,7.279510558
242,China,2021,5.339,,,,,
243,Colombia,2010,6.408,25.887,94.85396,25.65682,0.003634237,1.686728693
244,Colombia,2011,6.464,25.584,95.16091,26.62611,0.003655277,1.666123481
245,Colombia,2012,6.375,25.786,95.46257,23.98831,0.003588441,1.730351045
246,Colombia,2013,6.607,25.788,95.75885,24.85015,0.003699498,1.935431117
247,Colombia,2014,6.449,25.702,96.04986,24.42363,0.003730861,1.936486146
248,Colombia,2015,6.388,25.799,96.33587,23.45619,0.003724274,1.811235793
249,Colombia,2016,6.234,25.162,96.61696,23.25429,0.003755886,2.092380188
250,Colombia,2017,6.157,25.506,96.86224,22.56593,0.003628513,1.874261304
251,Colombia,2018,5.984,25.53,97.13677,22.63916,0.00370713,1.857153601
252,Colombia,2019,6.35,26.068,97.31683,22.5254,,2.03026569
253,Colombia,2021,6.012,,,,,
254,Costa Rica,2010,7.271,26.431,98.11229,18.15207,0.002962399,1.637122706
255,Costa Rica,2011,7.229,26.498,98.37054,19.61187,0.003080021,1.577645224
256,Costa Rica,2012,7.272,26.784,98.64553,18.90757,0.003035408,1.548402166
257,Costa Rica,2013,7.158,26.545,98.90448,19.21802,0.003104103,1.60956671
258,Costa Rica,2014,7.247,27.054,99.14849,18.30714,0.003080041,1.615833332
259,Costa Rica,2015,6.854,27.689,99.37869,18.58168,0.003017861,1.527934601
260,Costa Rica,2016,7.136,26.557,99.59609,17.92489,0.003171858,1.617310795
261,Costa Rica,2017,7.225,26.479,99.7712,17.46191,0.003173766,1.663690478
262,Costa Rica,2018,7.141,26.691,99.78442,17.54223,0.003162352,1.650007411
263,Costa Rica,2019,6.998,27.47,99.79753,17.43615,,1.685471657
264,Costa Rica,2021,7.069,,,,,
265,Croatia,2010,5.596,11.929,100,20.82379,0.006094854,4.900760739
266,Croatia,2011,5.385,12.662,100,22.8211,0.006048186,4.831643392
267,Croatia,2012,6.028,13.798,100,20.22689,0.005612109,4.479090618
268,Croatia,2013,5.885,11.582,100,19.69789,0.005364584,4.336459267
269,Croatia,2014,5.381,11.966,100,19.26618,0.005214245,4.177291183
270,Croatia,2015,5.205,12.531,100,19.63877,0.005397749,4.244155967
271,Croatia,2016,5.417,12.585,100,17.48408,0.00544516,4.337213779
272,Croatia,2017,5.343,14.187,100,18.07654,0.005673372,4.542986584
273,Croatia,2018,5.536,12.92,100,18.37508,0.005516357,4.334473217
274,Croatia,2019,5.626,15.014,100,18.22689,,4.398784036
275,Croatia,2021,5.882,,,,,
276,Cyprus,2010,6.387,20.047,99.82715,19.1292,0.008205879,7.270256521
277,Cyprus,2011,6.69,20.023,99.81943,18.8249,0.007894477,6.898304377
278,Cyprus,2012,6.181,20.69,99.81171,17.0835,0.00737415,6.374095852
279,Cyprus,2013,5.439,20.283,99.80399,16.5619,0.006731558,5.730010333
280,Cyprus,2014,5.627,20.258,99.79627,16.6648,0.007012081,6.01805958
281,Cyprus,2015,5.439,19.089,99.78852,17.407,0.007011276,5.99501028
282,Cyprus,2016,5.795,21.445,99.78076,14.6237,0.007297966,6.296613624
283,Cyprus,2017,6.062,20.374,99.77298,15.3562,0.007357896,6.370927832
284,Cyprus,2018,6.276,20.766,99.76518,15.8137,0.007231375,6.165808712
285,Cyprus,2019,6.137,20.876,99.76519,15.7934,,6.103695725
286,Cyprus,2021,6.223,,,,,
287,Denmark,2010,7.771,-17.187,100,13.35076,0.011139786,8.859967305
288,Denmark,2011,7.788,-17.462,100,13.61736,0.010135404,7.93403891
289,Denmark,2012,7.52,-16.758,100,10.86565,0.009190618,7.122075688
290,Denmark,2013,7.589,-17.821,100,10.48783,0.009428431,7.431886263
291,Denmark,2014,7.508,-17.45,100,11.0559,0.008627663,6.649686231
292,Denmark,2015,7.514,-18.37,100,10.18456,0.008200957,6.190128131
293,Denmark,2016,7.558,-17.086,100,9.30205,0.008437485,6.457512469
294,Denmark,2017,7.594,-18.451,100,10.28813,0.008006966,6.02294544
295,Denmark,2018,7.649,-18.969,100,9.87276,0.007917308,5.980947025
296,Denmark,2019,7.693,-16.3,100,9.78493,,5.516540423
297,Denmark,2021,7.62,,,,,
298,Dominican Republic,2010,4.735,26.66,94.54421,17.13981,0.00340687,2.122143446
299,Dominican Republic,2011,5.397,26.423,94.88455,16.54403,0.003402553,2.172504965
300,Dominican Republic,2012,4.753,26.983,95.20509,17.36776,0.003439763,2.164326433
301,Dominican Republic,2013,5.016,26.563,95.51406,17.23382,0.003376715,2.094865004
302,Dominican Republic,2014,5.387,26.76,95.812,17.82735,0.003361474,2.129392863
303,Dominican Republic,2015,5.062,27.155,96.09934,18.62817,0.00355195,2.284447427
304,Dominican Republic,2016,5.239,26.51,96.3763,18.17853,0.003634444,2.368695576
305,Dominican Republic,2017,5.605,26.573,96.4625,18.15262,0.003520366,2.307123838
306,Dominican Republic,2018,5.433,26.469,96.54281,18.15087,0.003675493,2.381186691
307,Dominican Republic,2019,6.004,26.992,96.61749,18.14536,,2.549484275
308,Dominican Republic,2021,5.545,,,,,
309,Ecuador,2010,5.838,22.292,89.53053,22.06176,0.00411695,2.319974787
310,Ecuador,2011,5.795,22.481,90.2407,20.29435,0.004118373,2.453310819
311,Ecuador,2012,5.961,22.646,90.94651,21.65051,0.004134005,2.400963701
312,Ecuador,2013,6.019,22.03,91.65233,20.75471,0.004264212,2.505931985
313,Ecuador,2014,5.946,22.73,92.35797,21.54693,0.004251549,2.708639296
314,Ecuador,2015,5.964,22.925,93.06378,21.73624,0.00409696,2.506772197
315,Ecuador,2016,6.115,22.408,93.76941,21.44482,0.003942123,2.395536906
316,Ecuador,2017,5.84,22.687,94.31314,19.89895,0.003816422,2.337609342
317,Ecuador,2018,6.128,21.97,94.66226,20.7159,0.003844452,2.447735323
318,Ecuador,2019,5.809,22.798,95.01122,20.60601,,2.333434003
319,Ecuador,2021,5.764,,,,,
320,Egypt,2010,4.669,24.665,98.70242,78.48821,0.003340332,2.402183636
321,Egypt,2011,4.174,23.257,98.78331,69.73873,0.003350201,2.496620584
322,Egypt,2012,4.204,24.663,98.86392,69.65333,0.003401671,2.434036968
323,Egypt,2013,3.559,23.732,98.9447,74.71484,0.003294284,2.340008035
324,Egypt,2014,4.885,23.733,99.02563,72.01255,0.003287598,2.454443836
325,Egypt,2015,4.763,22.958,99.10672,73.10574,0.00331395,2.372327963
326,Egypt,2016,4.557,25.59,99.18797,66.71446,0.00334346,2.47244976
327,Egypt,2017,3.929,24.263,99.26951,66.95324,0.003321873,2.594705731
328,Egypt,2018,4.005,24.655,99.32633,68.48883,0.003344929,2.554884275
329,Egypt,2019,4.328,25.021,99.38324,67.91512,,2.456894562
330,Egypt,2021,4.283,,,,,
331,El Salvador,2010,6.74,25.677,89.6619,24.31177,0.002040791,1.02153471
332,El Salvador,2011,4.741,26.056,90.89086,28.71104,0.002020749,1.046679635
333,El Salvador,2012,5.934,25.978,92.09563,25.46469,0.002035934,1.037060899
334,El Salvador,2013,6.325,26.009,93.2757,26.96585,0.001905499,0.972474959
335,El Salvador,2014,5.857,26.067,94.43129,24.48574,0.001947539,0.976544862
336,El Salvador,2015,6.018,26.803,95.56214,25.61375,0.002007867,1.061701586
337,El Salvador,2016,6.14,26.134,96.57989,23.54934,0.002001216,1.044415342
338,El Salvador,2017,6.339,25.697,97.21918,23.15157,0.001869093,0.941679748
339,El Salvador,2018,6.241,26.034,97.58628,22.77792,0.001923454,0.937316415
340,El Salvador,2019,6.455,27.123,97.7816,22.34945,,0.961842087
341,El Salvador,2021,6.061,,,,,
342,Finland,2010,7.393,0.501,100,7.35265,0.013819716,11.95137873
343,Finland,2011,7.354,3.618,100,7.16954,0.012267384,10.51647949
344,Finland,2012,7.42,0.42,100,6.48428,0.011152627,9.461104797
345,Finland,2013,7.445,4.323,100,6.09858,0.011237418,9.514841959
346,Finland,2014,7.385,0.231,100,6.49007,0.01043667,8.723566478
347,Finland,2015,7.448,0.157,100,5.71918,0.009772734,8.050636815
348,Finland,2016,7.66,1.75,100,5.67993,0.010237834,8.594166327
349,Finland,2017,7.788,-0.031,100,5.3344,0.009680089,8.110262782
350,Finland,2018,7.858,0.876,100,5.67502,0.009879386,8.31278056
351,Finland,2019,7.78,2.667,100,5.63829,,7.543566672
352,Finland,2021,7.842,,,,,
353,France,2010,6.798,14.161,99.97524,14.86064,0.00723986,5.988024129
354,France,2011,6.959,14.014,99.98218,14.78044,0.006940475,5.547726085
355,France,2012,6.649,14.26,99.98897,13.52899,0.006949761,5.54081798
356,France,2013,6.667,13.123,99.99559,13.44807,0.006928168,5.543007713
357,France,2014,6.467,14.674,100,11.50913,0.00639597,5.035616594
358,France,2015,6.358,14.91,100,12.23154,0.006463579,5.086543404
359,France,2016,6.475,13.888,100,11.43916,0.006444747,5.110981423
360,France,2017,6.635,16.041,100,11.38728,0.006461339,5.169328874
361,France,2018,6.666,14.968,100,11.49229,0.006309058,4.943605139
362,France,2019,6.69,15.425,100,11.36678,,4.814160735
363,France,2021,6.69,,,,,
364,Georgia,2010,4.102,11.545,95.10987,18.53592,0.003427791,1.639712731
365,Georgia,2011,4.203,9.17,95.23614,20.58995,0.003828092,2.077428875
366,Georgia,2012,4.254,10.742,95.36103,20.88921,0.004092388,2.212751088
367,Georgia,2013,4.349,9.65,95.48436,20.25822,0.004314533,2.15423997
368,Georgia,2014,4.288,9.684,95.60631,19.99326,0.004471134,2.362507642
369,Georgia,2015,4.122,10.733,95.75473,19.02116,0.004555367,2.573966868
370,Georgia,2016,4.448,9.733,96.44758,18.19874,0.004665319,2.657325208
371,Georgia,2017,4.451,9.213,96.96675,18.50095,0.004611047,2.637312889
372,Georgia,2018,4.659,10.758,97.09508,18.2412,0.004535027,2.646462719
373,Georgia,2019,4.892,12.433,97.2222,18.24743,,2.76511608
374,Georgia,2021,4.891,,,,,
375,Germany,2010,6.725,8.96,100,16.25385,0.010776878,10.1822083
376,Germany,2011,6.621,9.396,100,15.74135,0.01062037,10.08317809
377,Germany,2012,6.702,8.307,100,13.95161,0.010776017,10.11979848
378,Germany,2013,6.965,8.383,100,13.71588,0.010960548,10.30826514
379,Germany,2014,6.984,8.824,100,12.37438,0.010417806,9.788347779
380,Germany,2015,7.037,8.509,100,12.85765,0.010374528,9.742310879
381,Germany,2016,6.874,9.893,100,11.89868,0.010324028,9.720986359
382,Germany,2017,7.074,10.477,100,12.00724,0.010073557,9.517095128
383,Germany,2018,7.118,10.539,100,12.04758,0.009722965,9.111093627
384,Germany,2019,7.035,12.349,100,11.92769,,8.447828686
385,Germany,2021,7.155,,,,,
386,Ghana,2010,4.606,27.94,74.58462,50.69795,0.001173545,0.391884192
387,Ghana,2011,5.608,27.886,75.69454,54.17981,0.001276208,0.44219308
388,Ghana,2012,5.057,27.33,76.80702,55.11622,0.001359416,0.550705108
389,Ghana,2013,4.965,27.731,77.92168,48.30836,0.001437181,0.532921502
390,Ghana,2014,3.86,27.914,79.03863,47.44691,0.001425923,0.541956761
391,Ghana,2015,3.986,28.063,80.15796,61.11503,0.001488373,0.578641874
392,Ghana,2016,4.514,27.736,81.27978,60.31063,0.001449339,0.580964075
393,Ghana,2017,5.481,27.659,82.40395,56.46406,0.001473827,0.474459766
394,Ghana,2018,5.004,27.473,83.53056,54.71702,0.001494939,0.486442889
395,Ghana,2019,4.967,27.815,84.65946,54.4758,,0.49181346
396,Ghana,2021,5.088,,,,,
397,Greece,2010,5.84,15.817,99.92007,19.15183,0.009728143,8.754475202
398,Greece,2011,5.372,15.649,99.94348,19.81029,0.009523725,8.514222146
399,Greece,2012,5.096,17.44,99.96635,17.43828,0.009108185,8.277954635
400,Greece,2013,4.72,15.827,99.98868,16.76962,0.008478633,7.454033853
401,Greece,2014,4.756,15.618,100,15.79873,0.008254369,7.221521622
402,Greece,2015,5.623,14.915,100,16.15492,0.008149058,6.927152341
403,Greece,2016,5.303,16.931,100,14.53957,0.008064238,6.622916951
404,Greece,2017,5.148,16.678,100,14.51079,0.008043941,6.96002605
405,Greece,2018,5.409,16.056,100,14.58649,0.007896295,6.689523746
406,Greece,2019,5.952,17.234,100,14.3205,,6.266236736
407,Greece,2021,5.723,,,,,
408,Guatemala,2010,6.29,23.993,90.30205,28.97928,0.001854879,0.77825488
409,Guatemala,2011,5.743,23.883,90.67285,32.65345,0.001864131,0.773913948
410,Guatemala,2012,5.856,23.758,91.04079,30.45201,0.00187932,0.781942116
411,Guatemala,2013,5.985,23.763,91.40703,32.35509,0.001921034,0.836365188
412,Guatemala,2014,6.536,23.691,91.77142,29.58513,0.001967815,0.886469089
413,Guatemala,2015,6.465,24.107,92.13403,31.11405,0.00211917,0.990932794
414,Guatemala,2016,6.359,24.119,92.49441,29.31602,0.00216772,1.03463367
415,Guatemala,2017,6.325,23.773,92.85261,27.99122,0.002086724,1.070048469
416,Guatemala,2018,6.627,23.718,93.24001,28.18948,0.002165542,1.187459128
417,Guatemala,2019,6.262,24.831,93.62465,27.81365,,1.235449704
418,Guatemala,2021,6.435,,,,,
419,Honduras,2010,5.866,25.676,90.7008,24.11093,0.002271124,0.956846477
420,Honduras,2011,4.961,25.572,91.22133,28.74691,0.002348871,1.018142081
421,Honduras,2012,4.602,25.6,91.73615,25.5617,0.002349349,1.04026865
422,Honduras,2013,4.713,25.307,92.24474,28.09273,0.002373125,1.050713733
423,Honduras,2014,5.056,25.556,92.74751,25.63117,0.002358306,1.04278294
424,Honduras,2015,4.845,25.495,93.25441,26.76994,0.002365876,1.106345902
425,Honduras,2016,5.648,25.652,93.75472,24.80745,0.002319111,1.030591662
426,Honduras,2017,6.02,25.671,94.24835,22.79017,0.002258984,1.049851331
427,Honduras,2018,5.908,25.323,94.73526,23.41061,0.00233637,1.092117432
428,Honduras,2019,5.93,26.425,95.21553,22.92625,,1.121309568
429,Honduras,2021,5.919,,,,,
430,Hungary,2010,4.725,10.696,99.96893,20.21153,0.006208986,5.212355812
431,Hungary,2011,4.918,11.417,99.96938,20.93728,0.006152395,5.04648252
432,Hungary,2012,4.683,12.14,99.9697,18.5864,0.005793135,4.71521886
433,Hungary,2013,4.914,10.765,99.96998,17.64081,0.005572581,4.417713813
434,Hungary,2014,5.181,10.564,99.97025,17.67609,0.005614978,4.445634547
435,Hungary,2015,5.344,11.22,99.97053,17.68824,0.005926022,4.737120833
436,Hungary,2016,5.449,11.814,99.97081,15.85458,0.00600773,4.829386481
437,Hungary,2017,6.065,12.702,100,16.69836,0.006219883,5.07611561
438,Hungary,2018,5.936,11.918,100,16.74279,0.006231865,5.076790557
439,Hungary,2019,6,13.977,100,16.59597,,5.025104745
440,Hungary,2021,5.992,,,,,
441,India,2010,4.989,24.937,85.68425,77.4766,0.002077428,1.359883572
442,India,2011,4.635,23.728,86.18204,80.74542,0.002136468,1.412526655
443,India,2012,4.72,25.389,86.67656,87.09878,0.002223135,1.533688541
444,India,2013,4.428,23.507,87.1675,90.10211,0.002245382,1.587558892
445,India,2014,4.424,25.671,87.65476,95.8366,0.002353186,1.686038031
446,India,2015,4.342,24.124,88.13813,88.89748,0.002338392,1.719974559
447,India,2016,4.179,24.858,88.61741,92.54553,0.002342823,1.806212587
448,India,2017,4.046,24.304,89.09243,82.06178,0.002412771,1.835280689
449,India,2018,3.818,24.599,89.56294,83.21147,0.002495109,1.915749472
450,India,2019,3.249,25.762,90.0287,83.30377,,1.914823493
451,India,2021,3.819,,,,,
452,Indonesia,2010,5.457,26.48,84.43672,22.59126,0.003152573,1.770528048
453,Indonesia,2011,5.173,26.051,85.27145,19.18971,0.003355473,2.0727873
454,Indonesia,2012,5.368,26.087,86.09795,20.35076,0.0033295,2.118653555
455,Indonesia,2013,5.292,26.753,86.91591,20.30303,0.003164667,1.632972011
456,Indonesia,2014,5.597,26.587,87.72586,19.14704,0.003312336,1.633780102
457,Indonesia,2015,5.043,26.531,88.52735,20.17936,0.003297427,1.962248072
458,Indonesia,2016,5.136,26.732,89.32044,21.45374,0.003312326,2.172357042
459,Indonesia,2017,5.098,26.382,90.10462,18.85747,0.003447635,2.006461492
460,Indonesia,2018,5.34,26.473,90.8803,19.408,0.003622289,2.154082293
461,Indonesia,2019,5.347,26.444,91.64729,19.67376,,2.281797152
462,Indonesia,2021,5.345,,,,,
463,Ireland,2010,7.257,11.342,97.31291,9.88104,0.014262673,9.1549364
464,Ireland,2011,7.007,8.766,97.32507,10.05576,0.013242115,8.308193256
465,Ireland,2012,6.965,9.309,97.33707,9.14468,0.013547027,8.307276195
466,Ireland,2013,6.76,10.001,97.34892,8.78012,0.01327475,8.052937876
467,Ireland,2014,7.018,11.098,97.3606,8.51283,0.013212416,7.8976772
468,Ireland,2015,6.83,9.544,97.37213,8.37593,0.013473113,8.197720651
469,Ireland,2016,7.041,11.205,97.38348,7.83292,0.013853914,8.417879497
470,Ireland,2017,7.06,10.7,97.39454,7.65697,0.013572859,8.093832451
471,Ireland,2018,6.962,12.169,97.40529,7.91037,0.013372873,7.972236444
472,Ireland,2019,7.255,9.672,97.40257,7.84751,,7.522320716
473,Ireland,2021,7.085,,,,,
474,Israel,2010,7.359,21.387,100,24.73694,0.01171625,8.957303767
475,Israel,2011,7.433,19.953,100,24.50612,0.01153648,8.832926035
476,Israel,2012,7.111,21.83,100,22.15028,0.012225523,9.453837178
477,Israel,2013,7.321,20.83,100,22.71573,0.010987034,8.061875054
478,Israel,2014,7.401,20.593,100,21.53803,0.010607739,7.580498558
479,Israel,2015,7.079,19.497,100,22.25146,0.010681257,7.750483288
480,Israel,2016,7.159,22.471,100,18.62791,0.010463375,7.478025626
481,Israel,2017,7.331,21.025,100,19.90364,0.01045069,7.169184465
482,Israel,2018,6.927,21.306,100,19.73592,0.009887648,7.00371966
483,Israel,2019,7.332,22.078,100,19.42415,,7.087709189
484,Israel,2021,7.157,,,,,
485,Italy,2010,6.354,13.791,99.81418,20.08757,0.008189628,7.316243621
486,Italy,2011,6.057,14.224,99.8399,21.19496,0.007992496,7.107500694
487,Italy,2012,5.839,15.607,99.86561,18.63516,0.007670678,6.744316722
488,Italy,2013,6.009,13.369,99.89132,17.91081,0.00705466,6.102351319
489,Italy,2014,6.027,14.443,99.91703,16.90861,0.006666322,5.722416932
490,Italy,2015,5.848,14.863,99.91703,17.81045,0.006852396,5.929272636
491,Italy,2016,5.955,14.006,99.91703,15.5574,0.006786524,5.88109699
492,Italy,2017,6.199,16.364,99.91703,15.87492,0.006702875,5.805963667
493,Italy,2018,6.517,14.781,99.91703,16.03252,0.006613511,5.760921711
494,Italy,2019,6.445,16.527,99.91703,15.84764,,5.643586129
495,Italy,2021,6.483,,,,,
496,Japan,2010,6.057,13.856,98.72767,11.7169,0.00959038,9.479726368
497,Japan,2011,6.263,13.435,98.7667,12.88466,0.010050378,9.889114133
498,Japan,2012,5.968,12.301,98.80573,13.3169,0.010397637,10.22834035
499,Japan,2013,5.959,13.417,98.84475,13.57522,0.01050359,10.31584604
500,Japan,2014,5.923,13.493,98.88378,13.92358,0.010221801,9.923708649
501,Japan,2015,5.88,12.594,98.92281,13.60057,0.009950134,9.61752161
502,Japan,2016,5.955,12.946,98.96183,13.54399,0.009903814,9.474165525
503,Japan,2017,5.911,12.123,99.00086,13.76077,0.009743757,9.367464512
504,Japan,2018,5.794,13.188,99.03989,13.65838,0.009379423,8.975705984
505,Japan,2019,5.908,12.949,99.07891,13.64744,,8.764622269
506,Japan,2021,5.94,,,,,
507,Jordan,2010,5.57,21.479,99.01634,35.40821,0.003777435,2.838838891
508,Jordan,2011,5.539,20.127,99.01934,33.29787,0.003725764,2.772303754
509,Jordan,2012,5.132,22.125,99.02086,32.77988,0.003970352,2.943537072
510,Jordan,2013,5.172,20.746,99.02086,35.09197,0.003805615,2.795232464
511,Jordan,2014,5.333,20.272,99.01953,33.54427,0.003888406,2.903288573
512,Jordan,2015,5.405,19.429,99.00678,34.97317,0.003773779,2.72700609
513,Jordan,2016,5.271,22.303,98.99388,31.64511,0.003670604,2.511365475
514,Jordan,2017,4.808,21.048,98.98078,32.02845,0.003754404,2.602457428
515,Jordan,2018,4.639,21.111,98.96747,30.96172,0.003593461,2.501053453
516,Jordan,2019,4.453,22.309,98.95399,30.12999,,2.580911207
517,Jordan,2021,4.395,,,,,
518,Kazakhstan,2010,5.514,8.131,93.65815,20.17818,0.016989473,15.37182487
519,Kazakhstan,2011,5.736,6.5,93.99879,23.73125,0.017764475,14.53453476
520,Kazakhstan,2012,5.759,8.092,94.3385,25.30396,0.017516581,14.69444494
521,Kazakhstan,2013,5.835,6.043,94.6322,24.06763,0.018046965,14.94213172
522,Kazakhstan,2014,5.97,7.35,94.8292,22.49706,0.014928606,16.12511507
523,Kazakhstan,2015,5.95,8.462,95.02533,21.47424,0.014783268,16.44994056
524,Kazakhstan,2016,5.534,5.977,95.22051,21.79104,0.015427625,16.20886144
525,Kazakhstan,2017,5.882,6.539,95.41466,20.9627,0.01572145,17.07120307
526,Kazakhstan,2018,6.008,5.454,95.42024,21.05325,0.015004006,17.48957686
527,Kazakhstan,2019,6.272,5.971,95.42703,21.045,,16.94951877
528,Kazakhstan,2021,6.152,,,,,
529,Kenya,2010,4.256,25.302,54.6621,26.71596,0.001539352,0.279461667
530,Kenya,2011,4.405,25.41,55.37613,28.66647,0.001553559,0.299411278
531,Kenya,2012,4.547,24.778,56.08651,28.96313,0.001498079,0.270317936
532,Kenya,2013,3.795,24.348,56.7939,28.02226,0.001503515,0.280545583
533,Kenya,2014,4.905,24.981,57.4973,27.20711,0.001528263,0.294928403
534,Kenya,2015,4.358,24.883,58.19693,28.04051,0.001545375,0.340457759
535,Kenya,2016,4.396,24.51,58.8926,26.86386,0.001621764,0.349668637
536,Kenya,2017,4.476,25.051,59.58415,25.03049,0.001528241,0.329194778
537,Kenya,2018,4.656,24.252,60.27175,23.24687,0.001533879,0.333447092
538,Kenya,2019,4.619,25.116,60.95448,21.53547,,0.32935057
539,Kenya,2021,4.607,,,,,
540,Kosovo,2010,5.177,11.225,91.49812,31.88167,,4.714948639
541,Kosovo,2011,4.86,11.474,91.87121,34.44342,,4.639839196
542,Kosovo,2012,5.64,13.418,92.24825,30.95045,,4.357207602
543,Kosovo,2013,6.126,11.113,92.62697,29.07945,,4.40336898
544,Kosovo,2014,5,10.691,93.00635,28.55298,,3.931263243
545,Kosovo,2015,5.077,11.022,93.38646,28.19054,,4.663506685
546,Kosovo,2016,5.759,12.36,93.76723,25.57547,,4.984116965
547,Kosovo,2017,6.149,12.9,94.14837,26.64333,,4.519130342
548,Kosovo,2018,6.392,11.657,94.53003,26.07339,,4.558464959
549,Kosovo,2019,6.425,13.166,94.91236,25.50415,,5.445556936
550,Kosovo,2021,6.372,,,,,
551,Kyrgyzstan,2010,4.996,3.147,85.39985,23.74976,0.002263257,1.158769067
552,Kyrgyzstan,2011,4.921,4.169,86.00378,28.36551,0.002493381,1.369728901
553,Kyrgyzstan,2012,5.208,3.862,86.61047,28.21105,0.00291411,1.783390284
554,Kyrgyzstan,2013,5.402,3.677,87.2192,29.23735,0.00277467,1.688659347
555,Kyrgyzstan,2014,5.252,3.753,87.82975,26.73081,0.002812098,1.729856739
556,Kyrgyzstan,2015,4.905,3.996,88.44176,25.88974,0.002847118,1.725317027
557,Kyrgyzstan,2016,4.857,4.717,89.04475,25.30199,0.002715684,1.585698659
558,Kyrgyzstan,2017,5.63,4.014,89.60251,24.57093,0.002620116,1.494444032
559,Kyrgyzstan,2018,5.297,3.606,90.16018,24.75156,0.002865819,1.608287468
560,Kyrgyzstan,2019,5.685,2.988,90.71697,24.60486,,1.778536755
561,Kyrgyzstan,2021,5.744,,,,,
562,Lebanon,2010,5.032,19.279,89.44218,32.58303,0.005059494,4.037330428
563,Lebanon,2011,5.188,18.238,89.79861,30.43782,0.004951921,3.895432968
564,Lebanon,2012,4.573,20.018,90.15504,29.46017,0.005121334,4.03271604
565,Lebanon,2013,4.983,18.848,90.51147,31.30328,0.004794508,3.748236771
566,Lebanon,2014,5.233,18.783,90.86789,31.25934,0.004841044,3.798209437
567,Lebanon,2015,5.172,17.823,91.22432,31.93223,0.004999479,3.944754076
568,Lebanon,2016,5.271,20.479,91.58075,29.50834,0.005032557,3.947164857
569,Lebanon,2017,5.154,19.268,91.93718,29.28341,0.005220421,4.0964684
570,Lebanon,2018,5.167,19.323,92.29361,29.4412,0.005007721,4.0186312
571,Lebanon,2019,4.024,20.193,92.6,29.04762,,4.113662205
572,Lebanon,2021,4.584,,,,,
573,Lithuania,2010,5.066,6.449,94.24874,14.86448,0.006625164,4.496438813
574,Lithuania,2011,5.432,8.052,94.70961,13.14674,0.006598164,4.712858329
575,Lithuania,2012,5.771,5.01,95.18639,13.18277,0.006660479,4.796491902
576,Lithuania,2013,5.596,8.365,95.66102,13.17732,0.006423934,4.510369075
577,Lithuania,2014,6.126,4.67,96.1336,13.49538,0.006325948,4.46310779
578,Lithuania,2015,5.711,5.277,96.60414,11.93398,0.006471801,4.577471591
579,Lithuania,2016,5.866,7.446,97.07375,10.89639,0.006561536,4.646596805
580,Lithuania,2017,6.273,5.581,97.54207,10.29794,0.006622111,4.789220984
581,Lithuania,2018,6.309,7.243,97.99053,10.5842,0.006724866,4.879272601
582,Lithuania,2019,6.064,10.207,98.00147,10.4691,,4.825609124
583,Lithuania,2021,6.255,,,,,
584,Luxembourg,2010,7.097,10.718,100,13.2019,0.023631382,22.13083659
585,Luxembourg,2011,7.101,10.431,100,12.8616,0.022822549,21.44230602
586,Luxembourg,2012,6.964,9.297,99.9872,11.5151,0.021810128,20.43785809
587,Luxembourg,2013,7.131,9.385,99.96524,11.9205,0.020336425,18.96325088
588,Luxembourg,2014,6.891,10.349,99.9446,10.1599,0.018981915,17.66111889
589,Luxembourg,2015,6.702,10.254,99.92517,10.6276,0.017643837,16.38536422
590,Luxembourg,2016,6.967,10.316,99.90687,9.9328,0.016786538,15.60143399
591,Luxembourg,2017,7.061,12.433,99.88961,9.85495,0.016634917,15.51206367
592,Luxembourg,2018,7.243,11.549,99.8733,10.1541,0.016810593,15.73899169
593,Luxembourg,2019,7.404,12.728,99.87671,10.0889,,15.78199551
594,Luxembourg,2021,7.324,,,,,
595,Mali,2010,3.762,29.507,66.10227,62.49421,0.002113048,0.131227976
596,Mali,2011,4.667,29.869,67.77131,59.06679,0.00211156,0.139101039
597,Mali,2012,4.313,29.461,69.43602,63.51526,0.002092056,0.143767274
598,Mali,2013,3.676,30.084,71.09586,52.8645,0.002104578,0.161009271
599,Mali,2014,3.975,29.812,72.75061,56.06013,0.002078042,0.171575024
600,Mali,2015,4.582,30.243,74.39951,65.90978,0.002102786,0.177513187
601,Mali,2016,4.016,30.135,76.04239,60.70013,0.002284385,0.172921043
602,Mali,2017,4.742,29.602,77.67906,61.66709,0.002276309,0.168603483
603,Mali,2018,4.416,29.819,79.30885,60.59097,0.002292723,0.171575534
604,Mali,2019,4.988,30.36,80.93188,60.6721,,0.172673112
605,Mali,2021,4.723,,,,,
606,Malta,2010,5.774,18.892,100,17.6565,0.007213371,6.228490162
607,Malta,2011,6.155,18.955,100,16.2696,0.00715885,6.193298548
608,Malta,2012,5.963,20.706,100,14.1759,0.007523308,6.575930652
609,Malta,2013,6.38,18.624,100,13.3988,0.006643707,5.723074792
610,Malta,2014,6.452,19.663,100,13.8423,0.006535376,5.620414306
611,Malta,2015,6.613,19.075,100,13.5718,0.004853355,3.899077189
612,Malta,2016,6.591,19.658,100,12.9194,0.004106677,3.073393125
613,Malta,2017,6.676,20.588,100,12.5697,0.004294881,3.318378885
614,Malta,2018,6.91,19.375,100,13.1112,0.004209397,3.160309927
615,Malta,2019,6.733,21.234,100,13.0654,,3.082509691
616,Malta,2021,6.602,,,,,
617,Mauritania,2010,4.772,28.364,57.78039,64.27869,0.003176693,0.560998226
618,Mauritania,2011,4.785,29.542,59.59946,65.41632,0.003117839,0.586460574
619,Mauritania,2012,4.673,28.894,61.43031,70.2224,0.003148476,0.628698077
620,Mauritania,2013,4.199,29.078,63.27145,60.70871,0.003056977,0.535563486
621,Mauritania,2014,4.483,29.107,65.11946,60.43425,0.0030909,0.635694577
622,Mauritania,2015,3.923,29.573,66.97331,71.27974,0.003170795,0.713547969
623,Mauritania,2016,4.472,29.418,68.83202,66.23652,0.003182394,0.663536632
624,Mauritania,2017,4.678,29.362,70.69619,69.50208,0.003250376,0.872669805
625,Mauritania,2018,4.314,28.622,71.02985,66.4108,0.003197593,0.893600999
626,Mauritania,2019,4.153,29.333,71.3584,66.54714,,0.904214996
627,Mauritania,2021,4.227,,,,,
628,Mexico,2010,6.802,21.077,95.82133,21.48361,0.005698511,4.064952912
629,Mexico,2011,6.91,21.331,96.2712,24.59022,0.00574491,4.184821146
630,Mexico,2012,7.32,20.966,96.71644,22.70436,0.005621358,4.231960365
631,Mexico,2013,7.443,21.161,97.15725,23.50785,0.005492768,4.124727699
632,Mexico,2014,6.68,21.039,97.59363,21.96107,0.00536695,3.997575824
633,Mexico,2015,6.236,20.542,98.02544,22.04218,0.005499012,3.955206866
634,Mexico,2016,6.824,20.756,98.45286,21.21349,0.005537106,3.929421694
635,Mexico,2017,6.41,21.232,98.87578,20.36548,0.005434641,3.696489088
636,Mexico,2018,6.55,21.008,99.26913,20.3613,0.005387715,3.574594133
637,Mexico,2019,6.432,21.159,99.47726,20.10763,,3.437160923
638,Mexico,2021,6.317,,,,,
639,Moldova,2010,5.59,10.719,86.62747,18.4935,0.004378842,1.688249851
640,Moldova,2011,5.792,10.3,87.01657,18.39294,0.004437322,1.729112854
641,Moldova,2012,5.996,12.35,87.40613,18.22752,0.004353972,1.666638223
642,Moldova,2013,5.756,11.054,87.79616,17.79693,0.004054302,1.713846053
643,Moldova,2014,5.917,9.015,88.18666,16.65915,0.004277289,1.661850575
644,Moldova,2015,6.017,10.598,88.57603,16.3361,0.004399318,1.688140185
645,Moldova,2016,5.578,11.059,88.96917,14.94962,0.004521496,1.74733974
646,Moldova,2017,5.326,10.94,89.36544,13.59126,0.004609536,1.920599835
647,Moldova,2018,5.682,11.241,89.76461,14.11838,0.004866676,2.170354337
648,Moldova,2019,5.803,13.075,90.16619,13.95982,,2.237044124
649,Moldova,2021,5.766,,,,,
650,Mongolia,2010,4.586,1.912,76.17557,37.20307,0.011783513,5.081047038
651,Mongolia,2011,5.031,1.212,77.21569,46.56546,0.012890035,7.734198156
652,Mongolia,2012,4.885,0.371,78.10477,49.0935,0.013856349,12.40165214
653,Mongolia,2013,4.913,-0.501,79.00078,45.26803,0.014432037,15.11522172
654,Mongolia,2014,4.825,-0.598,79.90325,40.99015,0.015009637,10.06288198
655,Mongolia,2015,4.983,-0.523,80.81301,43.30589,0.015244629,7.751918752
656,Mongolia,2016,5.057,-0.301,81.72957,45.25229,0.015734413,8.285660908
657,Mongolia,2017,5.334,2.112,82.6525,40.47127,0.016340226,10.96869279
658,Mongolia,2018,5.465,1.915,83.58827,42.12418,0.016598249,20.3482339
659,Mongolia,2019,5.563,0.892,84.53621,42.28819,,20.31327938
660,Mongolia,2021,5.677,,,,,
661,Montenegro,2010,5.455,11.701,96.16409,26.1283,0.006748161,3.909903976
662,Montenegro,2011,5.223,12.363,96.4091,29.0877,0.006499172,3.882163402
663,Montenegro,2012,5.219,14.099,96.65431,27.2462,0.006106983,3.565988453
664,Montenegro,2013,5.074,11.656,96.89975,25.1077,0.005891756,3.462240445
665,Montenegro,2014,5.283,11.464,97.14541,24.8871,0.005725222,3.388173236
666,Montenegro,2015,5.125,12.06,97.3913,24.4993,0.005866668,3.598282754
667,Montenegro,2016,5.304,12.703,97.63738,22.283,0.005463576,3.238293886
668,Montenegro,2017,5.615,13.604,97.88369,22.9835,0.005655772,3.379221142
669,Montenegro,2018,5.65,12.416,98.5063,22.7616,0.006107096,3.412174335
670,Montenegro,2019,5.386,13.998,98.6814,22.3224,,3.957122509
671,Montenegro,2021,5.581,,,,,
672,Nepal,2010,4.35,15.503,85.35824,78.5108,0.001377845,0.178593715
673,Nepal,2011,3.809,13.691,85.86199,79.3133,0.001442982,0.193094099
674,Nepal,2012,4.233,16.459,86.35912,88.15988,0.001516905,0.202665774
675,Nepal,2013,4.605,14.159,86.8493,87.40644,0.00155442,0.231037611
676,Nepal,2014,4.975,15.727,87.3325,95.65877,0.001630121,0.282182416
677,Nepal,2015,4.812,15.123,87.80847,89.29778,0.001616507,0.222620198
678,Nepal,2016,5.1,14.832,88.27711,91.93222,0.001726489,0.324284875
679,Nepal,2017,4.737,15.047,88.73821,80.82996,0.001794252,0.366360312
680,Nepal,2018,4.91,15.279,89.1916,82.67179,0.001823766,0.47731241
681,Nepal,2019,5.449,15.692,89.6371,82.82545,,0.486338586
682,Nepal,2021,5.269,,,,,
683,Netherlands,2010,7.502,10.534,100,15.70982,0.012165225,10.96079563
684,Netherlands,2011,7.564,10.657,100,15.51002,0.011315471,10.12789699
685,Netherlands,2012,7.471,9.302,100,13.81851,0.011167438,9.897189083
686,Netherlands,2013,7.407,9.529,100,12.73403,0.011109569,9.861557832
687,Netherlands,2014,7.321,10.335,100,12.19208,0.010636224,9.414049018
688,Netherlands,2015,7.324,9.69,100,12.65138,0.011117524,9.82098065
689,Netherlands,2016,7.541,11.206,100,11.52338,0.011048534,9.763888675
690,Netherlands,2017,7.459,12.215,100,12.42328,0.010772682,9.59908544
691,Netherlands,2018,7.463,11.647,100,12.07335,0.010366986,9.295127784
692,Netherlands,2019,7.425,12.535,100,12.03303,,8.926360261
693,Netherlands,2021,7.464,,,,,
694,New Zealand,2010,7.224,11.05,100,6.29372,0.018383249,8.034979199
695,New Zealand,2011,7.191,12.234,100,6.10495,0.018111314,7.812402144
696,New Zealand,2012,7.25,10.667,100,6.22838,0.018527257,8.166882103
697,New Zealand,2013,7.28,11.34,100,6.25727,0.018288647,7.933395691
698,New Zealand,2014,7.306,12.658,100,6.04863,0.018098085,7.850726005
699,New Zealand,2015,7.418,11.367,100,6.0042,0.01772248,7.775240595
700,New Zealand,2016,7.226,12.517,100,6.07848,0.017057339,7.269176301
701,New Zealand,2017,7.327,11.331,100,5.98442,0.017047532,7.510663952
702,New Zealand,2018,7.37,11.136,100,6.03511,0.016595927,7.158376729
703,New Zealand,2019,7.205,11.21,100,6.05027,,7.338574298
704,New Zealand,2021,7.277,,,,,
705,Nicaragua,2010,5.687,26.823,81.04895,21.46132,0.002618449,0.767332674
706,Nicaragua,2011,5.386,26.773,81.10697,23.95193,0.002776538,0.814041421
707,Nicaragua,2012,5.448,27.091,81.1669,21.61528,0.00280149,0.759741447
708,Nicaragua,2013,5.772,26.711,81.22875,23.579,0.002800842,0.717767138
709,Nicaragua,2014,6.275,27.161,81.29214,21.52078,0.002909128,0.748523052
710,Nicaragua,2015,5.924,27.314,81.35313,22.00612,0.003027365,0.84364014
711,Nicaragua,2016,6.013,26.786,81.41597,21.22101,0.003020319,0.864221435
712,Nicaragua,2017,6.476,26.872,81.43568,19.9253,0.002969533,0.841797676
713,Nicaragua,2018,5.819,26.698,81.52109,20.66005,0.0029495,0.831674478
714,Nicaragua,2019,6.113,27.779,81.61224,20.53888,,0.847700322
715,Nicaragua,2021,5.972,,,,,
716,Niger,2010,4.101,28.661,43.40945,78.2476,0.001802111,0.071013315
717,Niger,2011,4.556,28.313,43.88328,81.01974,0.001828245,0.07726455
718,Niger,2012,3.798,28.081,44.32547,78.96129,0.001896578,0.09855782
719,Niger,2013,3.716,28.094,44.73547,70.79529,0.001922798,0.102196858
720,Niger,2014,4.181,28.691,45.12092,69.41188,0.001965158,0.107848668
721,Niger,2015,3.671,29.036,45.48246,88.03176,0.001980335,0.10174869
722,Niger,2016,4.235,28.426,45.8187,85.45232,0.001988091,0.099306169
723,Niger,2017,4.616,27.654,46.13033,78.07546,0.001992835,0.092852281
724,Niger,2018,5.164,28.397,46.41607,79.94757,0.002007323,0.09329692
725,Niger,2019,5.004,28.484,46.67664,80.07251,,0.091600607
726,Niger,2021,5.074,,,,,
727,Macedonia,2010,4.18,11.531,97.20939,38.9538,0.005674308,4.105050521
728,Macedonia,2011,4.898,11.462,97.26219,44.7407,0.006123087,4.437496261
729,Macedonia,2012,4.64,13.592,97.31475,40.0517,0.005843005,4.211098336
730,Macedonia,2013,5.186,11.573,97.3672,36.7952,0.005414089,3.743304762
731,Macedonia,2014,5.204,11.039,97.41968,37.7291,0.005207481,3.590324288
732,Macedonia,2015,4.976,10.97,97.47233,35.2858,0.005078547,3.3779492
733,Macedonia,2016,5.346,12.721,97.52528,33.0101,0.005060685,3.358049469
734,Macedonia,2017,5.234,12.988,97.57867,33.9919,0.005288195,3.605932
735,Macedonia,2018,5.24,11.621,97.63263,33.3651,0.005045711,3.351441724
736,Macedonia,2019,5.015,13.126,97.6873,32.6682,,3.85962328
737,Macedonia,2021,5.101,,,,,
738,Pakistan,2010,5.786,20.503,88.72343,60.83134,0.001752658,0.859105563
739,Pakistan,2011,5.267,22.022,88.87304,61.23146,0.00176268,0.843560616
740,Pakistan,2012,5.132,21.009,89.02106,66.82359,0.001745887,0.821634949
741,Pakistan,2013,5.138,21.586,89.16731,68.28103,0.001764188,0.78662912
742,Pakistan,2014,5.436,22.184,89.31196,72.44944,0.001797394,0.789999265
743,Pakistan,2015,4.823,20.657,89.45498,68.38615,0.001834155,0.853321547
744,Pakistan,2016,5.549,21.885,89.59637,70.17214,0.001912279,0.997615357
745,Pakistan,2017,5.831,21.423,89.73605,63.06182,0.001994168,1.117930975
746,Pakistan,2018,5.472,21.877,89.87483,63.7003,0.002031869,1.165845441
747,Pakistan,2019,4.443,21.298,90.01254,63.86198,,1.149047971
748,Pakistan,2021,4.934,,,,,
749,Panama,2010,7.321,27.089,91.86962,15.46795,0.004359415,2.490663084
750,Panama,2011,7.248,26.955,92.02887,15.47231,0.004578469,2.68506553
751,Panama,2012,6.86,27.172,92.18548,14.95441,0.004688865,2.59043795
752,Panama,2013,6.866,27.034,92.33938,15.50353,0.004700886,2.963418084
753,Panama,2014,6.631,27.315,92.52287,15.48279,0.004775318,2.782608718
754,Panama,2015,6.606,27.944,92.90437,16.01036,0.004558409,2.740839211
755,Panama,2016,6.118,26.867,93.23054,14.45899,0.004532987,2.591719545
756,Panama,2017,6.568,26.949,93.55519,13.89379,0.004358663,2.912642898
757,Panama,2018,6.281,27.108,93.87809,13.65863,0.004311843,2.896029513
758,Panama,2019,6.086,27.718,94.1619,13.22791,,2.944372934
759,Panama,2021,6.18,,,,,
760,Peru,2010,5.613,20.885,87.31744,30.41769,0.002916182,1.9688292
761,Peru,2011,5.892,21.104,87.91951,29.67211,0.003011176,1.672984851
762,Peru,2012,5.825,21.03,88.51718,31.36196,0.002995243,1.83536891
763,Peru,2013,5.783,20.65,89.10995,29.94434,0.003017399,1.441826163
764,Peru,2014,5.866,21.325,89.69814,30.65978,0.003098666,1.630202279
765,Peru,2015,5.577,21.44,90.282,31.00492,0.003113807,1.598130291
766,Peru,2016,5.701,20.698,90.86111,30.80497,0.003170144,1.693075795
767,Peru,2017,5.711,20.992,91.43573,30.59305,0.00305429,1.66925693
768,Peru,2018,5.68,20.13,92.00719,30.90494,0.00300976,1.694639092
769,Peru,2019,5.999,21.098,92.57507,31.0593,,1.677403877
770,Peru,2021,5.84,,,,,
771,Philippines,2010,4.942,27.942,89.90464,23.76555,0.001715181,0.882772044
772,Philippines,2011,4.994,26.896,90.32984,20.64889,0.001708694,0.876254254
773,Philippines,2012,5.002,27.151,90.75373,21.44246,0.001732902,0.909417221
774,Philippines,2013,4.977,27.411,91.1764,21.65289,0.001818723,0.968858537
775,Philippines,2014,5.313,27.657,91.59766,19.61448,0.001866821,1.006655956
776,Philippines,2015,5.547,27.642,92.0177,19.52012,0.001926489,1.098217277
777,Philippines,2016,5.431,27.646,92.43642,20.01614,0.002020763,1.179165676
778,Philippines,2017,5.594,27.566,92.85503,18.58331,0.002147606,1.279022544
779,Philippines,2018,5.869,27.286,93.2735,18.68866,0.002178499,1.302602674
780,Philippines,2019,6.268,27.963,93.69156,18.79358,,1.334325678
781,Philippines,2021,5.88,,,,,
782,Poland,2010,5.887,8.111,98.27721,27.36475,0.010302082,8.795536521
783,Poland,2011,5.646,9.185,98.46683,27.15801,0.010187253,8.773606855
784,Poland,2012,5.876,7.687,98.65689,24.68245,0.010003898,8.573859283
785,Poland,2013,5.746,8.755,98.8478,23.7758,0.009869297,8.470656671
786,Poland,2014,5.75,7.078,99.03952,24.01657,0.009532846,8.153295712
787,Poland,2015,6.007,7.539,99.23207,22.86504,0.009641606,8.242398545
788,Poland,2016,6.162,9.485,99.42566,21.91566,0.009933872,8.533331383
789,Poland,2017,6.201,8.729,99.62004,22.88956,0.010271805,8.883264455
790,Poland,2018,6.111,9.448,99.81493,22.86464,0.010260765,8.89290231
791,Poland,2019,6.242,12.509,99.96659,22.76563,,8.49789165
792,Poland,2021,6.166,,,,,
793,Portugal,2010,5.095,15.747,99.57889,9.77271,0.00643047,5.011716242
794,Portugal,2011,5.22,16.25,99.68403,10.45012,0.006356582,4.90574091
795,Portugal,2012,4.994,16.184,99.78943,9.1396,0.006220729,4.751627699
796,Portugal,2013,5.158,15.466,99.86825,8.82785,0.006091441,4.605577542
797,Portugal,2014,5.127,15.671,99.90318,8.65788,0.00608784,4.609955695
798,Portugal,2015,5.081,17.276,99.90469,8.80415,0.006509896,5.048626791
799,Portugal,2016,5.447,16.231,99.90618,7.82794,0.006428774,4.886524096
800,Portugal,2017,5.711,17.949,99.90766,8.39613,0.006888149,5.312464297
801,Portugal,2018,5.92,15.14,99.90912,8.21557,0.006497584,5.006162203
802,Portugal,2019,6.095,14.477,99.91057,8.1761,,4.724537473
803,Portugal,2021,5.929,,,,,
804,Romania,2010,4.909,10.206,100,18.67198,0.005672975,4.163098683
805,Romania,2011,5.023,10.199,100,19.74343,0.005934723,4.443137937
806,Romania,2012,5.167,11.809,100,18.07134,0.005826593,4.300306236
807,Romania,2013,5.082,10.481,100,16.69318,0.005369378,3.846931295
808,Romania,2014,5.727,9.141,100,16.77057,0.005344825,3.889321346
809,Romania,2015,5.777,10.15,100,16.25701,0.005454789,3.922443289
810,Romania,2016,5.969,11.241,100,15.27077,0.005372478,3.84792278
811,Romania,2017,6.09,11.21,100,15.62483,0.005541966,3.985840317
812,Romania,2018,6.151,10.887,100,15.39175,0.005597729,3.951491093
813,Romania,2019,6.13,12.415,100,15.06436,,3.875976375
814,Romania,2021,6.14,,,,,
815,Russia,2010,5.385,-3.993,96.07661,15.52415,0.017178923,11.29080028
816,Russia,2011,5.389,-3.517,96.16482,13.86517,0.017810463,11.64621273
817,Russia,2012,5.621,-2.76,96.25412,13.88303,0.017919966,11.73076821
818,Russia,2013,5.537,-3.932,96.34429,14.12903,0.017622974,11.2828848
819,Russia,2014,6.037,-4.58,96.4354,14.15678,0.017534041,11.2804385
820,Russia,2015,5.996,-3.493,96.52716,13.08471,0.017180734,11.26229189
821,Russia,2016,5.855,-3.478,96.61953,12.3677,0.017112782,11.21156564
822,Russia,2017,5.579,-4.31,96.71242,11.70067,0.017260943,11.39250492
823,Russia,2018,5.514,-3.736,96.80563,11.81241,0.017604081,11.7067102
824,Russia,2019,5.441,-3.726,96.89903,11.77739,,11.62253478
825,Russia,2021,5.477,,,,,
826,Saudi Arabia,2010,6.307,27.538,98.74765,65.71981,0.01876486,18.87995008
827,Saudi Arabia,2011,6.7,26.977,98.90773,67.38528,0.018898321,17.6052855
828,Saudi Arabia,2012,6.396,27.239,99.0678,70.38687,0.019485571,19.31680016
829,Saudi Arabia,2013,6.495,26.02,99.22788,67.84979,0.019493174,17.99561388
830,Saudi Arabia,2014,6.278,26.498,99.38795,59.13684,0.02035767,19.46837225
831,Saudi Arabia,2015,6.345,26.625,99.54803,69.61744,0.020820252,20.34854685
832,Saudi Arabia,2016,6.474,27.316,99.7081,62.20881,0.020471625,17.43806041
833,Saudi Arabia,2017,6.294,27.493,99.86818,66.60413,0.01982044,17.5044078
834,Saudi Arabia,2018,6.356,27.409,100,64.48388,0.018933763,17.11307582
835,Saudi Arabia,2019,6.561,27.901,100,64.06007,,16.98787827
836,Saudi Arabia,2021,6.494,,,,,
837,Senegal,2010,4.372,28.926,72.23203,56.37801,0.001925361,0.574222345
838,Senegal,2011,3.834,28.832,73.51214,58.06667,0.001955682,0.599926085
839,Senegal,2012,3.669,28.903,74.789,64.83018,0.001874349,0.549386099
840,Senegal,2013,3.647,28.967,76.06272,53.1099,0.001922738,0.56982053
841,Senegal,2014,4.395,29.489,77.33309,55.26807,0.001914674,0.620543798
842,Senegal,2015,4.617,29.52,78.60209,65.31429,0.001925445,0.675404313
843,Senegal,2016,4.595,29.028,79.86889,59.40413,0.001985525,0.657548991
844,Senegal,2017,4.683,29.213,81.13345,63.54887,0.001929393,0.607310138
845,Senegal,2018,4.769,28.709,82.39466,60.05836,0.001891598,0.611215275
846,Senegal,2019,5.489,29.683,83.65219,60.17498,,0.602755695
847,Senegal,2021,5.132,,,,,
848,Slovakia,2010,6.052,8.475,98.62234,21.66154,0.0080053,7.145271531
849,Slovakia,2011,5.945,8.933,98.99754,22.80494,0.007718977,7.059881809
850,Slovakia,2012,5.911,9.383,99.37583,20.51864,0.007276824,6.661240085
851,Slovakia,2013,5.937,8.735,99.52017,19.81298,0.007389081,6.572188275
852,Slovakia,2014,6.139,7.946,99.78675,19.48664,0.006891017,6.210864922
853,Slovakia,2015,6.162,8.725,99.78719,19.28388,0.006963751,6.357946577
854,Slovakia,2016,5.993,9.611,99.78752,18.03023,0.007103928,6.43032442
855,Slovakia,2017,6.366,10.049,99.78773,18.41026,0.007442227,6.634638493
856,Slovakia,2018,6.235,9.703,99.78783,18.65878,0.007330949,6.625546952
857,Slovakia,2019,6.243,12.235,99.78782,18.52632,,6.108153851
858,Slovakia,2021,6.331,,,,,
859,Slovenia,2010,6.083,10.307,99.5,19.3096,0.009313755,7.994034901
860,Slovenia,2011,6.036,10.594,99.5,21.06838,0.0092652,7.969582184
861,Slovenia,2012,6.063,11.74,99.5,18.71353,0.008954096,7.691071035
862,Slovenia,2013,5.975,10.011,99.5,18.53574,0.008631265,7.373427452
863,Slovenia,2014,5.678,10.283,99.5,18.17968,0.007871075,6.562593236
864,Slovenia,2015,5.741,10.776,99.5,18.02835,0.007903928,6.599146318
865,Slovenia,2016,5.937,10.566,99.5,16.6265,0.008295231,6.981289969
866,Slovenia,2017,6.167,12.315,99.5,16.80657,0.008376936,6.903230661
867,Slovenia,2018,6.249,11.187,99.5,17.18076,0.008279112,6.985817019
868,Slovenia,2019,6.665,13.539,99.5,17.06109,,6.558382674
869,Slovenia,2021,6.461,,,,,
870,South Africa,2010,4.652,17.841,89.63844,29.37227,0.009756923,9.116705564
871,South Africa,2011,4.931,17.427,90.10469,29.38772,0.009311827,9.113744105
872,South Africa,2012,5.134,17.825,90.56175,29.05601,0.009522708,8.728293725
873,South Africa,2013,3.661,18.374,91.00903,28.64036,0.009555736,8.491159547
874,South Africa,2014,4.828,17.926,91.44728,28.8292,0.009626141,8.834758404
875,South Africa,2015,4.887,18.022,91.87634,29.02988,0.009047172,8.153452341
876,South Africa,2016,4.77,19.187,92.29629,28.49297,0.008923163,8.184703972
877,South Africa,2017,4.514,19.099,92.70702,28.58338,0.009026526,8.1758509
878,South Africa,2018,4.884,18.77,93.10863,28.44415,0.008884195,8.167168329
879,South Africa,2019,5.035,19.068,93.50123,28.32529,,8.173194418
880,South Africa,2021,4.956,,,,,
881,South Korea,2010,6.116,13.802,99.0141,22.90255,0.01304473,11.42106639
882,South Korea,2011,6.947,13.335,99.10583,25.51607,0.013432823,11.78300926
883,South Korea,2012,6.003,13.62,99.19756,25.8422,0.013452031,11.62616665
884,South Korea,2013,5.959,14.081,99.28929,27.5698,0.013385184,11.73017724
885,South Korea,2014,5.801,13.196,99.38102,28.2092,0.013089532,11.55835479
886,South Korea,2015,5.78,13.08,99.47275,27.00426,0.013443119,11.67096939
887,South Korea,2016,5.971,13.756,99.56448,27.82776,0.013607183,12.06533746
888,South Korea,2017,5.874,13.22,99.65621,26.90111,0.013830093,12.08307884
889,South Korea,2018,5.84,13.691,99.74794,27.44769,0.013929992,12.30334225
890,South Korea,2019,5.903,12.869,99.83967,27.44749,,11.82119276
891,South Korea,2021,5.845,,,,,
892,Spain,2010,6.188,14.398,100,11.79547,0.007502432,6.091539202
893,Spain,2011,6.518,15.346,100,12.74152,0.007462556,6.087450367
894,Spain,2012,6.291,16.35,99.98617,11.46312,0.007323447,5.961780581
895,Spain,2013,6.15,13.716,99.95664,10.62795,0.006788496,5.421784063
896,Spain,2014,6.456,15.089,99.92694,10.09,0.006775904,5.488282387
897,Spain,2015,6.381,16.29,99.92672,10.81943,0.00700853,5.849678797
898,Spain,2016,6.319,15.522,99.9265,9.82015,0.006794372,5.609655284
899,Spain,2017,6.23,17.795,99.92628,10.02245,0.007129146,5.895088764
900,Spain,2018,6.513,14.815,99.92606,10.03337,0.006986233,5.762119567
901,Spain,2019,6.457,15.066,99.92584,9.99323,,5.361008718
902,Spain,2021,6.491,,,,,
903,Sweden,2010,7.496,1.467,99.66207,7.55838,0.006405331,5.6559512
904,Sweden,2011,7.382,4.204,99.68645,7.61538,0.005938061,5.203279998
905,Sweden,2012,7.56,0.799,99.71087,6.28548,0.005591754,4.904945115
906,Sweden,2013,7.434,3.564,99.7348,6.28063,0.005367496,4.696307823
907,Sweden,2014,7.239,1.893,99.75825,6.55795,0.005169083,4.469581616
908,Sweden,2015,7.289,0.772,99.78123,5.96541,0.005107567,4.422485194
909,Sweden,2016,7.369,3.052,99.80376,5.53104,0.004990384,4.330565041
910,Sweden,2017,7.287,2.225,99.82585,5.78105,0.00487885,4.206411447
911,Sweden,2018,7.375,2.859,99.8262,5.76737,0.004555187,4.10469824
912,Sweden,2019,7.398,3.897,99.82654,5.72135,,4.160627313
913,Sweden,2021,7.363,,,,,
914,Taiwan,2010,6.229,21.998,,22.9156,,
915,Taiwan,2011,6.309,23.507,,25.5922,,
916,Taiwan,2012,6.126,22.656,,25.7891,,
917,Taiwan,2013,6.34,23.596,,27.1923,,
918,Taiwan,2014,6.363,23.254,,26.9121,,
919,Taiwan,2015,6.45,24.495,,26.3571,,
920,Taiwan,2016,6.513,24.012,,23.3962,,
921,Taiwan,2017,6.359,23.145,,23.4472,,
922,Taiwan,2018,6.467,23.209,,23.8034,,
923,Taiwan,2019,6.537,23.193,,23.5335,,
924,Taiwan,2021,6.584,,,,,
925,Tajikistan,2010,4.381,3.404,69.47197,36.07439,0.001166406,0.333505593
926,Tajikistan,2011,4.263,5.809,70.80223,48.11263,0.001177004,0.300924832
927,Tajikistan,2012,4.497,4.188,72.14546,42.88446,0.00124955,0.368782317
928,Tajikistan,2013,4.967,5.265,73.49981,44.09017,0.001272987,0.355984194
929,Tajikistan,2014,4.896,4.674,74.8649,41.35597,0.001417696,0.543507995
930,Tajikistan,2015,5.124,4.797,76.2395,40.69803,0.001452564,0.610692382
931,Tajikistan,2016,5.104,5.86,77.62285,39.80869,0.001575562,0.727802322
932,Tajikistan,2017,5.829,5.408,79.01397,40.08521,0.00159905,0.773928158
933,Tajikistan,2018,5.497,4.893,80.41159,39.74453,0.001671273,0.821161481
934,Tajikistan,2019,5.464,2.978,81.81511,39.90629,,0.963401228
935,Tajikistan,2021,5.466,,,,,
936,Tanzania,2010,3.229,21.3,43.92816,26.35689,0.001712648,0.156154804
937,Tanzania,2011,4.074,21.5,45.70726,28.16244,0.001790753,0.169728631
938,Tanzania,2012,4.007,20.9,47.50187,28.81121,0.001869167,0.192594662
939,Tanzania,2013,3.852,20.7,49.31034,27.7554,0.001937581,0.204362292
940,Tanzania,2014,3.483,21.3,51.13106,27.1181,0.001954542,0.198161558
941,Tanzania,2015,3.661,21.6,52.96379,28.25751,0.002016602,0.206623231
942,Tanzania,2016,2.903,21.2,54.80741,27.705,0.001972884,0.198594604
943,Tanzania,2017,3.347,21.7,56.66211,25.23024,0.001890402,0.201582317
944,Tanzania,2018,3.445,20.9,58.52723,25.38118,0.001871312,0.204247657
945,Tanzania,2019,3.64,21.2,60.40167,24.60327,,0.20043468
946,Tanzania,2021,3.623,,,,,
947,Thailand,2010,6.217,27.828,97.71447,35.46658,0.005365873,3.816089484
948,Thailand,2011,6.664,26.514,98.04012,29.95337,0.005367427,3.758986424
949,Thailand,2012,6.3,26.668,98.358,31.36545,0.005652459,3.982762139
950,Thailand,2013,6.231,26.728,98.6706,33.79969,0.005806923,4.197971329
951,Thailand,2014,6.985,27.186,98.97793,29.41482,0.005698672,4.091166527
952,Thailand,2015,6.202,27.81,99.25917,28.04208,0.00571655,4.122754654
953,Thailand,2016,6.074,27.088,99.44567,30.6404,0.005729628,4.084375558
954,Thailand,2017,5.939,26.954,99.76972,26.87982,0.005970251,4.137217138
955,Thailand,2018,6.012,26.644,99.84852,27.41578,0.006005463,4.212293061
956,Thailand,2019,6.022,27.732,99.96483,27.32291,,4.140428602
957,Thailand,2021,5.985,,,,,
958,Tunisia,2010,5.131,20.786,92.2249,34.268,0.003569264,2.54836922
959,Tunisia,2011,4.876,19.765,92.41832,31.24561,0.003378368,2.376153058
960,Tunisia,2012,4.464,22.624,93.03061,30.51296,0.00343321,2.425225775
961,Tunisia,2013,5.246,19.415,93.63885,29.88004,0.003389042,2.452809832
962,Tunisia,2014,4.764,20.809,94.24353,32.64765,0.003557743,2.521157315
963,Tunisia,2015,5.132,20.562,94.84546,31.14382,0.003593039,2.618492693
964,Tunisia,2016,4.521,21.201,95.44405,32.86101,0.003514703,2.566197084
965,Tunisia,2017,4.124,21.608,95.99335,29.93905,0.003561483,2.590649549
966,Tunisia,2018,4.741,20.527,96.51537,30.73111,0.003553764,2.624864691
967,Tunisia,2019,4.315,22.9,97.03219,30.55062,,2.651873525
968,Tunisia,2021,4.596,,,,,
969,Turkey,2010,5.49,13.841,95.41132,30.00437,0.005175523,4.3466488
970,Turkey,2011,5.272,12.453,95.58772,28.61053,0.005404308,4.622374875
971,Turkey,2012,5.309,14.46,95.76049,28.12718,0.005505884,4.737592143
972,Turkey,2013,4.888,13.348,95.92934,28.84396,0.005297828,4.546835966
973,Turkey,2014,5.58,12.876,96.09454,28.78455,0.005530546,4.683140194
974,Turkey,2015,5.514,11.961,96.25616,29.59717,0.005524682,4.855912319
975,Turkey,2016,5.326,13.909,96.41432,28.71693,0.005772671,5.026311588
976,Turkey,2017,5.607,13.378,96.56909,27.15912,0.006196893,5.243439829
977,Turkey,2018,5.186,13.811,96.72061,27.40293,0.006102981,5.091016381
978,Turkey,2019,4.872,14.932,96.86897,26.85069,,4.855906429
979,Turkey,2021,4.948,,,,,
980,Uganda,2010,4.193,24.411,40.20519,38.86261,0.001324774,0.11007774
981,Uganda,2011,4.826,24.107,41.69614,41.64899,0.001305681,0.114230518
982,Uganda,2012,4.309,23.733,43.20641,42.85821,0.00132123,0.104951488
983,Uganda,2013,3.71,24.365,44.73397,42.08482,0.001307484,0.105185057
984,Uganda,2014,3.77,24.242,46.27957,40.81954,0.001310702,0.110994966
985,Uganda,2015,4.238,23.91,47.84156,43.20758,0.001313,0.1182957
986,Uganda,2016,4.233,23.843,49.41834,41.77337,0.001332941,0.12118969
987,Uganda,2017,4.001,23.983,51.00911,38.54776,0.001310529,0.126958081
988,Uganda,2018,4.322,23.344,52.61236,37.21456,0.001284139,0.126021273
989,Uganda,2019,4.948,23.592,54.22828,35.2285,,0.124945033
990,Uganda,2021,4.636,,,,,
991,Ukraine,2010,5.058,10.236,95.0744,19.09176,0.008062874,6.411021832
992,Ukraine,2011,5.083,9.352,94.62045,18.42331,0.00855816,6.737676926
993,Ukraine,2012,5.03,9.848,94.16476,17.79873,0.008313275,6.666600707
994,Ukraine,2013,4.711,10.039,94.0284,17.92219,0.008090852,6.535426544
995,Ukraine,2014,4.297,7.347,93.58921,17.51999,0.007333868,5.689693566
996,Ukraine,2015,3.965,8.917,93.65691,16.88095,0.0061804,4.958845074
997,Ukraine,2016,4.029,9.388,93.72408,15.11815,0.006445997,5.203910758
998,Ukraine,2017,4.311,8.783,93.79082,14.6986,0.005890995,4.979399942
999,Ukraine,2018,4.662,9.47,93.85588,14.78515,0.006151827,5.192314898
1000,Ukraine,2019,4.702,11.904,93.86696,14.70064,,5.029251838
1001,Ukraine,2021,4.875,,,,,
1002,United Arab Emirates,2010,7.097,29.507,99.97134,42.54867,0.024395327,18.24295725
1003,United Arab Emirates,2011,7.119,29.393,99.97134,45.0258,0.023989642,18.90903496
1004,United Arab Emirates,2012,7.218,29.097,99.97133,46.58007,0.024784507,23.77720175
1005,United Arab Emirates,2013,6.621,27.865,99.97133,43.3845,0.025835223,24.11810664
1006,United Arab Emirates,2014,6.54,28.739,99.97133,40.7299,0.026048975,23.43194871
1007,United Arab Emirates,2015,6.568,29.451,99.97133,45.18947,0.027297079,25.87427442
1008,United Arab Emirates,2016,6.831,28.62,99.97133,42.79195,0.027737495,24.41876578
1009,United Arab Emirates,2017,7.039,29.903,99.97133,43.03017,0.028440407,19.67104846
1010,United Arab Emirates,2018,6.604,29.842,99.97133,43.20993,0.027332668,19.57657892
1011,United Arab Emirates,2019,6.711,30.317,99.96846,43.0844,,19.51615092
1012,United Arab Emirates,2021,6.561,,,,,
1013,United Kingdom,2010,7.029,10.05,100,12.38783,0.009472589,8.157612792
1014,United Kingdom,2011,6.869,8.654,100,12.95079,0.008725109,7.426693452
1015,United Kingdom,2012,6.881,8.189,100,11.38851,0.009001696,7.657679727
1016,United Kingdom,2013,6.918,8.823,100,11.36731,0.008649383,7.452266257
1017,United Kingdom,2014,6.758,10.057,100,10.82781,0.007953277,6.796314072
1018,United Kingdom,2015,6.515,8.72,100,10.32277,0.007643871,6.488254654
1019,United Kingdom,2016,6.824,9.704,100,10.15293,0.007243232,6.082913015
1020,United Kingdom,2017,7.103,10.225,100,10.28748,0.006981501,5.874887636
1021,United Kingdom,2018,7.233,10.537,100,10.10409,0.006802252,5.71978019
1022,United Kingdom,2019,7.157,9.118,100,10.02183,,5.534092201
1023,United Kingdom,2021,7.064,,,,,
1024,United States,2010,7.164,17.9,98.97895,9.23072,0.020827723,18.42080758
1025,United States,2011,7.115,17.8,99.07489,9.27236,0.019944671,17.86132687
1026,United States,2012,7.026,18.3,99.16969,8.8823,0.019016135,17.10083005
1027,United States,2013,7.249,18.6,99.26338,8.65491,0.019327568,17.44615016
1028,United States,2014,7.151,17.5,99.35588,8.44529,0.019250324,17.46846114
1029,United States,2015,6.864,18.8,99.44716,8.17797,0.018718179,16.8748805
1030,United States,2016,6.804,19,99.53714,7.39055,0.0182847,16.3810902
1031,United States,2017,6.992,18.4,99.62582,7.75763,0.017971093,16.15886978
1032,United States,2018,6.883,18.6,99.71312,7.78762,0.018429975,16.59806448
1033,United States,2019,6.944,18.1,99.79904,7.67611,,16.09568853
1034,United States,2021,6.951,,,,,
1035,Uruguay,2010,6.062,17.954,98.39293,9.47559,0.010719581,1.874426699
1036,Uruguay,2011,6.554,17.163,98.55795,9.74251,0.011145985,2.271887242
1037,Uruguay,2012,6.45,17.598,98.70838,9.36476,0.011370312,2.543105232
1038,Uruguay,2013,6.444,17.697,98.85258,10.37529,0.011040185,2.210842158
1039,Uruguay,2014,6.561,17.596,98.99356,9.93238,0.01085154,1.957477843
1040,Uruguay,2015,6.628,19.044,99.1314,9.96884,0.01074439,1.950521877
1041,Uruguay,2016,6.171,15.794,99.26625,9.92336,0.010820238,1.905673514
1042,Uruguay,2017,6.336,19.59,99.39807,9.57563,0.010507341,1.796386592
1043,Uruguay,2018,6.372,16.448,99.4786,9.61625,0.010483317,1.812500254
1044,Uruguay,2019,6.6,20.717,99.48724,9.57094,,1.842464074
1045,Uruguay,2021,6.431,,,,,
1046,Uzbekistan,2010,5.095,14.915,96.12821,33.6145,0.008346287,3.618159819
1047,Uzbekistan,2011,5.739,14.224,96.47084,43.03611,0.008260223,3.845404473
1048,Uzbekistan,2012,6.019,14.496,96.79867,40.45578,0.007737493,3.859812759
1049,Uzbekistan,2013,5.94,13.896,97.12731,41.04126,0.007702558,3.614810437
1050,Uzbekistan,2014,6.049,15.012,97.37537,38.91105,0.00735068,3.364855044
1051,Uzbekistan,2015,5.972,15.367,97.52858,36.99091,0.007120378,3.252233785
1052,Uzbekistan,2016,5.893,14.148,97.68127,36.67223,0.007250086,3.303889205
1053,Uzbekistan,2017,6.421,13.767,97.83345,36.61596,0.007253169,3.374073254
1054,Uzbekistan,2018,6.205,13.068,97.83094,36.34037,0.007146173,3.457277105
1055,Uzbekistan,2019,6.154,13.561,97.82938,36.352,,3.283050623
1056,Uzbekistan,2021,6.179,,,,,
1057,Venezuela,2010,7.478,26.696,95.45675,23.46386,0.009158247,6.472691822
1058,Venezuela,2011,6.58,26.469,95.27965,24.81057,0.008988547,5.898673918
1059,Venezuela,2012,7.067,26.389,95.10256,22.87687,0.009512675,6.504392332
1060,Venezuela,2013,6.553,26.487,94.92546,22.95083,0.009540968,6.139815304
1061,Venezuela,2014,6.136,26.654,94.74837,22.35515,0.009501723,6.129101937
1062,Venezuela,2015,5.569,26.508,94.57128,22.65819,0.009008096,5.681151979
1063,Venezuela,2016,4.041,26.298,94.39418,22.27268,0.008629455,5.466791557
1064,Venezuela,2017,5.071,26.326,94.21709,21.88744,0.008283995,4.988467946
1065,Venezuela,2018,5.006,26.258,94.03999,22.1235,0.008097727,4.486300035
1066,Venezuela,2019,5.081,26.568,93.8629,22.21524,,4.092035515
1067,Venezuela,2021,4.892,,,,,
1068,Vietnam,2010,5.296,25.221,88.86376,27.1181,0.002937784,1.547308383
1069,Vietnam,2011,5.767,24.449,89.65489,23.77469,0.002901721,1.632109499
1070,Vietnam,2012,5.535,24.753,90.43672,23.58582,0.002876219,1.510946358
1071,Vietnam,2013,5.023,24.409,91.20865,25.17827,0.002961568,1.552497921
1072,Vietnam,2014,5.085,24.865,92.42199,22.26175,0.003085684,1.740007709
1073,Vietnam,2015,5.076,25.327,93.32806,21.72136,0.003531833,1.990088423
1074,Vietnam,2016,5.062,25.192,94.10247,22.42143,0.003647783,1.980257546
1075,Vietnam,2017,5.175,24.982,94.81408,20.33531,0.003598496,1.930050613
1076,Vietnam,2018,5.296,24.517,95.51497,20.36473,0.003940826,2.216463482
1077,Vietnam,2019,5.467,25.807,96.20509,20.19471,,2.567940056
1078,Vietnam,2021,5.411,,,,,
1079,Yemen,2010,4.35,27.869,50.52801,44.8245,0.001537906,0.999870869
1080,Yemen,2011,3.746,27.881,51.6066,49.06382,0.001360491,0.848076827
1081,Yemen,2012,4.061,27.338,52.67102,54.55899,0.001285898,0.746431481
1082,Yemen,2013,4.218,27.284,53.72152,51.55041,0.001525026,0.993225345
1083,Yemen,2014,3.968,27.506,54.75738,43.85524,0.001502895,0.93655826
1084,Yemen,2015,2.983,27.742,55.77887,48.46628,0.000983097,0.490844419
1085,Yemen,2016,3.826,27.636,56.78562,45.15434,0.000837008,0.383751598
1086,Yemen,2017,3.254,27.808,57.7776,46.6112,0.000789299,0.363109202
1087,Yemen,2018,3.058,27.651,58.75449,45.31726,0.000763544,0.3489736
1088,Yemen,2019,4.197,27.894,59.71658,44.64506,,0.351658852
1089,Yemen,2021,3.658,,,,,
1090,Zimbabwe,2010,4.682,21.614,67.54071,24.6478,0.002211419,0.619340799
1091,Zimbabwe,2011,4.846,22.303,67.01608,26.33544,0.00236926,0.735231543
1092,Zimbabwe,2012,4.955,22.384,66.49118,26.36427,0.002346904,0.583970262
1093,Zimbabwe,2013,4.69,22.645,65.96647,25.57768,0.002311545,0.870128996
1094,Zimbabwe,2014,4.184,22.56,65.45411,26.2316,0.002160199,0.881199643
1095,Zimbabwe,2015,3.703,22.364,64.95493,25.9843,0.002264264,0.880982656
1096,Zimbabwe,2016,3.735,22.488,64.46896,25.39554,0.002075502,0.770812578
1097,Zimbabwe,2017,3.638,22.735,63.99662,22.61333,0.002022955,0.719753433
1098,Zimbabwe,2018,3.616,22.55,63.53877,22.10827,0.002173309,0.785422997
1099,Zimbabwe,2019,2.694,22.338,63.09496,20.84664,,0.708361348
1100,Zimbabwe,2021,3.145,,,,,
